6.0209489046975966549025115216120858689
10.243770304166554552137757479109959025
12.988098012312422507453109789562993765
16.342607104587222194976861483456149939
18.291993196123534838526004277590699428
21.450611343983460497200948386292239989
23.278376520459531531819558886345422777
25.728756425088727567265088674277294745
28.359634343025327785651607941786418391
29.656384014593152721809906968218799312
32.592186527117155130815194048958815227
34.199957509213146913044795470002883893
36.142880458303137830565814470103147829
38.511923141718691293776504688065765642
40.322674066690544180344394362312026430
41.807084620004562337157521897245042502
44.617891058662303393482045725060456858
45.599584396791566745937702293355413033
47.741562280939141250781347343038077488
49.723129323782586066569570880970428973
51.686093452870528439533811110319339573
52.768820767804729265035076578776603439
55.267543584699224846718259656915467300
56.934374055202296886801711961125512840
58.116707110673917977262367546990131904
60.421713949007834673018618292332116895
62.008632285767769451930615502940291508
63.714641118785433123518297956782125156
64.976170573095999348605924735683431007
67.636920863546068398054991150567858496
68.365884503834422961233738144403294812
70.185879908802112061371282124179199507
72.155484974381881214691542599775246997
73.767635521485893336154626162530323554
75.143121647433111405798000425818370738
76.696303203430199064566659968115381414
78.809998314320913003691783202798844394
80.210131238366638915148032668513446214
81.213951626883151157734833351350216664
83.666656014470571651283310360800071463
84.731740363781628608217577604549629483
86.577660168390264410210548729936202805
87.629718119587899689039432387281567820
89.801131616695811325969388294588162413
91.349703814697573473931013973608872947
92.237499910454258046004175778096441037
94.166619585960021307053060934578299891
96.136011161780558185274479272518513674
96.961741579417483577607743326111205895
98.755300415754527668603973556233736672
100.13488670306768529019231900137701756
102.14138082688961382675997846417239925
103.28807538167900270159333926209963905
104.33326984426745450495085218289321743
106.69445890889584172960040026828334842
107.69020697514670020812946695971290930
109.25994297392819249128973477925599133
110.49960817642909478048490818316598693
112.36781674401217995716661016420193231
113.81479554899267353956309216856700501
115.14236964764932790350943728897982506
116.19320465846121898963013976716073529
118.53755437884686165780011342059319356
119.45298987620909035824186237146296922
120.73129361866037693368487733861594650
122.44746137906871191967947666126581936
123.79454876031950609879380617463551350
125.76851955991559376249639950777035281
126.29877602494140909790014711432297525
127.95940768306329938305588874954230240
129.88562335864546932623503672853404112
131.09357875408399607523436806069383008
132.14357660098782788050132129995860677
133.74418146397481319142376702528027087
135.49083725255700224755404517535369128
136.54731226728255838933127346830015516
138.45729450969625766509038072345514645
138.75017770461144012954768945994429694
141.25363250975178412806669869225080754
142.39441752219778229834700124246806123
143.32906274161773201159359076442998481
144.97816627771136218178674824571053255
146.52200528490833848995838359193622644
147.93453081218091703481025124967762377
149.18845771730253638176802818226489272
150.29635900154312145801640887868249123
151.96198767048369072791846346439958059
153.69961262351526052550597529221242908
154.57549142871991733629296698407686942
155.65024866324343586811534636101205784
157.74830530790292831907457399394007254
158.70502112552935112493067705799199795
160.23648409677104233377768400560872896
161.40714697615670734528135110910552793
162.56604668959903962627418378377530793
164.73116461657689691990755218076598000
165.40141928586315409461482328659174437
166.75387916910842711467929238139078436
168.04442078170974462074284590046739892
170.05113118752669021484810140835324828
170.73476699457880545645576325930106537
172.28048177162133811838196763032300099
173.44297883613501571697079678703779268
174.91508808540057340441548454643495362
176.59730214191806744299558371262953168
177.70121257457377580802426811117152989
178.36237490898565560941206095988837022
180.56931038528553139779449799462165908
181.61491373170438998090812363097437694
182.91676832896896722720668363740993202
184.11503237536838876567103734718468900
185.37399660770047491721481054931679561
187.06876059069440954145591924403667603
188.27137433227075068590376585667030483
189.49173149212854251358185449502577391
190.37118761075577274333641872169442699
192.36113787605631840741605203303253219
193.79707292614668099455436082998263413
194.23188322936089922195285010987721189
196.13200565468428482335296839538480548
197.11344622157640853776338153958622799
198.80647573614690671134916224182762796
200.16203942869863020720223579510694465
200.90161787076887940260335394018983556
202.26057799593173083976534603265065403
204.22107078015820641522076410862003210
204.99200345509828370916637885306093576
206.41191104761124331431101680002210921
207.31737748188785830627423339980350301
209.22775249264801305239596645915851460
210.10318551739854017072638060304808717
211.83341182042389919211672673251417432
212.53760753721342419767373633842080196
213.76184210127810212713458890219083811
215.79381838201559960577042884386868026
216.70341526620296547634366016365946349
217.58193141803801709611175846069524721
219.17267056694437072466291342491380813
220.40562171063697515795993637514643348
221.92854850725447804914936999553604571
223.00310318062916135528239773758279401
224.12223848794683215004758750377552866
225.29326147520535806546186021589040439
226.98818848837537471961421297294960499
228.40550629743637922559802586937692532
228.95902363267523675101910093802278107
230.33013057780480230594069312603652897
232.10048174706901195203683131479128417
233.04806374529880402510570390709499111
234.35178770183278559126691649522641768
235.83621877114146878871598100985565784
236.24156049447563754765718357737063876
238.53711304998262144198336576011146515
239.33848813561967049191160831808928300
240.62671116939306732194741839427515997
241.47792092821119586131445275566724805
243.22893117973858440259094575543835761
244.51316858358815891067982334814532471
245.56488138011395915721891053306639923
246.72405853472513520671442280921407283
247.99511858273842666345737688885893945
249.18450896488545637926359685713520913
251.08656315045619512213120508674909805
251.63691583961430554302515670399394359
252.62344577966837570410866020444650424
254.31443735012273900901544823758054097
255.83791804974205189835948389887877232
256.50458494734840573390589089905730113
258.16526285035121855236577748155189267
258.83447052352496550977190961616205145
260.43047213492557515755933293087527035
261.91361498764980573464503312303376058
262.88361734246063150509166813754596120
264.05425788812825390396163662802695621
264.93285914122008364534327768944104874
267.00065119971523220684196266456670671
267.80144698460232962989982415405111607
268.78330606204792631747966005927562571
270.27808716748190417041357460503178043
271.25498369444883796265227844785254546
272.75587860169341823184636252110880115
274.17145831251909085018642468533768291
275.03310123658021403265232020230006624
275.85894601108307686333373639682677676
277.77232263831925417841397015771294238
278.80368388728653858809887696409572914
280.15714487097460512335476032971563259
280.79310694940911465165921263125576568
282.37964046356129969375983170297385506
283.60454343388307793996827167316526897
284.92559582341671675890997135174678039
286.08023330771695304124563003392232050
287.14942464824185193072788533745115014
287.97847626332132927976356973109034272
290.25214699517454327999080833920025710
290.67729632326071525164544820403135387
291.83202458884475548513071514878751155
293.20243417747287711021312318063687988
294.32726845145976737666041014812255529
295.80347082471925776988952186470859558
296.90066613885493288162667731857043100
298.07887411489226009930190933467969737
298.87032030707756002676910775739655887
300.43445985053453461820420383658859608
301.91984252859711814323532055726108867
302.91793758311719513681600125037127121
303.66111804033389116484131303465481172
305.06520886541900440815050048635022292
306.79513396371212102425959968781585319
307.28608493671484668789621992613704467
309.12248303042252096412050490809255801
309.73990761397483015859790589607853097
310.82367496094542226066492274949326368
312.55636686756100688064634691657479512
313.87794245506793787784240511827689943
314.43316516928890292103837773277351205
315.73498612492696188725190718174022212
317.01231804223259726515461797844734067
318.45621725635502024358202216759328752
319.57969129703539985620862413288549912
320.40630364449298983627652976302684728
322.00196780449032992290146601787488844
322.53911742379191664486892563545995239
324.51844467372429468247621747233225430
325.47478404410633875373192688098002642
326.45854121986539504473910262811243979
327.25993176651157705164654814749625778
329.20009793757918038019912741507989499
330.03604959034586362558252894914016557
331.21140289958185800530565897020416776
332.57294652823343974554556527100961393
333.18150832869444693922851617603849857
334.76869989467941751441968300614935511
336.15271755443328443350210099313117566
337.13966305477713627524956700576108286
338.22628268603666690396333917899314699
339.01125261519977890816451523888171828
340.84195235235292162066710612501055187
342.02615318336469741374106747169957744
342.68585823735877067928271574774272125
344.08366615656868626270047626962260099
345.20977534134595730441106264012341117
346.26276046710169414766479781365627486
347.92464811436326973745661293138090418
348.98179838854681201494992281598018274
349.43434245660028146300060070850973034
350.97721310930861710052285432546265444
352.39176824312484416393031362221743970
353.69333332568295461246851372852634919
354.30173774146413143555058982077873317
355.74444026259703064313583470430120489
356.62764721376739857531410960984396368
358.28827509294243662110094816691071798
359.09646119260556435662141388573962940
360.71104102455892434798935820529057193
361.19749303620848060745247902678384870
362.27696889316674977053968549107323394
364.41972443183521559453173569293953162
364.80373609211199664979878572896743374
366.04968951826900125434635803707467291
367.12553493507474622620536638180315007
368.43381488980777616729160773355570132
369.50169333189644053637101831151633868
371.06901609056487376995910258208178517
371.77009591515024662755357915941298955
372.88486088659112263932468993633902706
373.93486891546165237995022659666397525
375.54687472700759269602470179956120446
376.68390093797465393674779056512676966
377.55922327418480443076523995697546713
378.38692904576166301466950949465011231
380.05707318231399399662495889288770888
381.04867012303525535328502296044726021
382.23976641901573382544223770781298113
383.48509235420279754700846951157447738
384.37284568168059197230129681638494937
385.21522767181001105206726715754438027
387.14920928763080945956277580579594669
388.08214247771534978507552920574277821
388.77771796185262977882910302783481073
390.16911262889737582485773883849564772
391.08192571996070563648207622763036670
392.85176291336174941517228951266637316
393.44340771101071409209152619183164604
394.81999709179356339920043848687378742
395.80460960341782962765586083144082685
396.73445542254850630801970694987398552
398.25041597673794669571240199355948764
399.56551092214283715011706993300348404
400.69287576871157943438383498044891463
400.82643094225473181357222391352009478
402.81831845889969729499138588664798066
403.90740504348360808847713203127613439
404.94558622061186137599578471485975475
406.16124779788821828375922346155103757
407.14501556188718059683221871478280555
408.03952667295398428711706338912627335
409.58821312083576476532792884218110455
410.87166286348339725624474024548975974
411.66057145085306862559693301924336891
412.73114695758272453525959161654319172
413.66928539529565813707743068573902887
415.42929587292060534333457552163983717
416.37059122661599867621479744236753749
417.12927021361331419705389040628026244
418.55747672682749435687452344986176038
419.48745942230705295953805035805534676
420.52895389798331212430140688448587619
422.51037302957993958129123884295635743
422.68725460513422685365726698708127594
424.06689549273752791167798744578307806
424.82338882000496318645850417723546811
426.73241700864945997107253994692319639
427.38401781134180171062117023385777667
428.69810795406746844621506221808799809
429.58938597248522166376962486360855427
430.61755783589592059693676813803761328
432.06077251597017516359738924486131480
433.03744311957754910619796229615173939
434.43935239895323037257789878513703283
435.34815416034335088578533907476409062
435.90416367744966649983333843678102276
437.58221939919318407712307622135268277
439.15810825519737442870008243040971691
439.53756944517647232401367763850031455
440.67722789985450025594217140501398491
442.16973991718240470733845698167055118
442.77704429122183045939956608021646244
444.43829050788874614887300085640238396
445.46373916841337457171131303998627689
446.44833162193708039110408877013602444
447.30200890481092069377098135125431779
448.50693108865783958431788301381878188
450.05662030691751237758020955066616132
451.07077590542470231685689047744915919
451.83997246097679092093730319221214060
452.87986953827928192972669495999030843
454.25351432935403740585063243066902082
455.42249742137852683258680583139043592
456.39249817664891732472552910761268579
457.78255050173467102720643837735626166
458.60213221334003465542761722451862758
459.23288337402854169687060094585015100
461.22986008968513643495450323468407379
462.09326210395077404805239657087664235
462.98457432585052839112668647007816413
464.07435013438730836269866958363564261
465.08449614760441333894817371775592018
466.56529407075482980414411455115860830
467.46987843702468112705611606824034123
468.85276345097166795909227869052109557
469.41015342401842214401846526117714368
470.85011889818674669900118389302642419
471.55848862032643175009640513888094828
473.44963941546149862161654916184443214
474.25166133119821378815513323267313115
474.86240341633999423819359023473803711
476.10690883642174922483705484076968598
477.52450488866710439518047223227742742
478.58517487808986653962106153802079976
479.56379085892365820232967198148741478
480.85343115541469023124917774140880378
481.63572515508383535953304413862665488
482.56008955622043198037901962618062792
484.37345176298553612855346225228081300
485.02440768485676240199392867594838347
486.43385221502242224856999643908837856
486.86082117252732751063046122252125844
488.20174637538868111386688907276039616
489.72758413149723327420629688044543265
490.72591186419646691605250775197326925
491.38165678678950568828133557800178952
493.00842378259682996229000432424777377
493.48208356298621137587017871893418599
494.84088185481945005616770152590070673
496.26459617221454969898714497181205403
497.51465023078319165520056999909435007
497.76455054125828997308474243518481988
499.02141174631658509617171620673245272
500.59777393152630055029434256085850921
501.47060099647242371218642882052454308
502.77545819553584024573968381790682439
503.46643054962154487453794456490518780
504.65412496143053605737003515055944937
505.73913943956314126929078119908116994
506.94005308167817223840065974350765900
508.29867368516235984740026179535953941
509.01774454711338624547644688530465939
510.16338856759402431897802719516971799
510.78975730640708305839261374912386621
512.82990798241940410620919293897732806
513.52360325345485568874873130394803790
514.22371752972898669578445151966554864
515.80088949923116209527969604438105399
516.41158454712009977719837130981422423
517.73597541549848485401571497644021479
519.01698667241485472944067470635473444
520.16729271525970064404125718657491122
520.87266778302141122452035603160156299
521.84148136361476409287673510556103755
523.12098625309893589365091001019773458
524.60293432617141469671430250596758646
525.36094882842291515286737901422839562
526.40413594223074691944335196841218974
527.20066614747549460042681230154326944
528.75564524431812784330929144497236592
529.57946789965429630924949227060664715
530.84233585377761523917015802686603097
532.05549593979401455887322746034887941
532.81535847464628987726041259296381156
533.50838322870724667354657233259914849
535.33095778631462264016927738843839474
536.33520043956864391703268612237046286
537.22710704498654726263489212816075941
538.02682677033326558635337805424359236
539.45081999604620464853042078982254498
540.22038419793889802208592294252137553
541.90759913811387808886080616558026118
542.46256306111557190600995009928018011
543.69609276034898121786435100659645476
544.78546126431742932405027481549453622
545.38344284723941784076497144425175080
547.18725808285303711302350989092020919
548.21767915805632790090834311230712806
548.94353231878613474428133798612097693
549.82263967372085072052876609978135623
551.11986740331458637111825910747485394
552.61479566522572655997157798540014576
553.03434505851526205405666172607337318
554.73480113831750683627673162370785860
555.38106203217190467068651783113450741
556.21868998423129923396082539968261819
557.56254652271768201560375807430991246
558.98968369592914137286834723475451274
559.78942085253005877475157034420024383
560.82418580975155368648473542045588512
561.57955285249460384153036162568179523
562.88491885512496419827954132739623983
564.37515225181967212600869645925342250
565.00001003653704079009247815915418202
566.12186780638056308059680602978416867
567.29558316831732331196111178263839182
568.09267366772893928863638096928925458
569.18168029943407931627349858816862517
570.93482153125325688586887636910698934
571.52684005924771069778816817756659959
572.24006775884661610627194599863017122
573.46818183444929153894110657108448195
574.73187361346331857677945868437726969
575.95555758714544190696426593953181336
576.79842097015957652378760928456608449
577.86936240530996156644439104272043904
578.90169657339243900927237806517530958
579.74741873943135542387409998352290586
581.24809644286134309224569046547928512
582.19237094818181914423191386557408559
583.35134931455128052113077282362593018
584.34179915061655075983985743449476844
584.66208071147820072500543967635166305
586.85512839600040138805019073179385057
587.36353008993380614571228441511304129
588.57174115254109679375169304563180633
589.36614457531403207668063564621023674
590.79444620937766488986330741047248718
591.32222655266745472242081464247885558
592.85530255749373711960015759777125851
594.11670776247392813923423086254957424
594.79680925426181306727169164872898988
595.66825850719928302482768489147056301
596.82414174465008594812943866540069932
598.08888874573331715724037950996138233
599.53672974247744071317622319634072359
599.89972868650458264622159209211133998
601.09391560281603187628271337130526713
602.13467446543881324670815551727457260
603.38897958248831074462355420352642546
604.29381484685077673643703012448490462
605.65721164138630526767052265578005966
606.59606153931089884562383567644049312
607.25922596284384726047606928307212821
608.26376276986427006753122750009181636
610.04874157727005972195693823142786029
610.87542649255526056547452543301001289
611.43565220099112083014761994880173240
613.00367706686717862213495428934371261
613.49345836767147534653332935623672704
614.97383669857142580207397906272076459
616.12080104165392427052920647237520274
616.98807423410405863507330823429250746
618.27584494395853176415112890253091049
618.78502748456729674084989344142219899
619.97487112638808485197148321429367078
621.39886541279939644311407007620522853
622.56938210710943800533748560503780135
623.32878859347770969814834122898260072
623.90759782206274404282417190002352814
625.55289051728972087689321392705350908
626.45560945030560635015028856273861183
627.49345046757039132889995421189821996
628.82483326008299170314487591115372215
629.52203166061824971721358320063517261
630.51796525182432464536351860715062534
631.41730239283389808899983756786371996
633.27411533067690701528304276857729479
633.66039864649932238891564279171650448
634.97011481858830930494927160589640454
635.63415016545254636242324887663816277
636.77161438213669818200190934248571007
638.17524889108825347411706166621852100
639.20878429261717291580873142936244773
639.91570725298649846887618088083214058
641.23804227164726121122834012056710823
642.15109411936822174205401255805850978
642.80176791986921834409679959607612932
644.60421307089822692692696367463809766
645.49950979583896454059531094107043090
646.29978020254231472196583461811528360
647.05748961944541809656031196181919262
648.39681586971249386058409377917335233
649.65310831920599711923172585146371377
650.54134241625948883681875468166534977
651.58229611338675310192363317180688231
652.83981369753281320875491856728844275
653.15598842115981347216715650388813547
654.82277856481593476947053783492280333
655.62570415324606397088781122908849208
657.24508049673380980201441690933218607
657.67390741505945802092245026284151584
658.59945455227217968030149923297109467
659.67216731761012850705353275353763086
661.22212549531967312755916790390159622
662.16471304043376756721493288928559070
662.77978594868659992106247995807224653
664.08175722467223424636543367542713124
665.22422551489429257712887579286347872
665.67515660378693692968887103383599952
667.46271262840494937195714027752858061
668.40564607429296427080554716668545403
669.14592651373102110221526683584286493
670.16361365726344407674078894107655666
671.04368339520203418446087066389294640
672.59404555329283966557737812318330331
673.51422888181052882068044371767681330
674.48398828583165583528588262850727132
675.27237762803911613299035425201951878
676.43870065970121737641217550625880217
677.52134976326762091569248974901580246
678.56379444385285880747635293944906297
679.76835424154081409462835993150732906
680.90192397174700650575982689171262863
681.40986652737972404770680606910675546
682.29637856117457474279063779821121736
684.19384675053859888116471707937923754
684.77719683708394157515815360372105199
685.78103243373657319956217697375490244
686.82061488403685909249113334108766165
687.72526810015120688572273910249283301
688.89199440278055758551199881395043686
689.94253464319635674935195642977203055
691.35070986703638989616273538690619905
691.80546058650275759599450467786856762
693.11484270498802922295976023709872133
693.73497476304564654483979769515154183
695.07027348126172142378264927579915955
696.65599390748918685369912490682904336
697.15137623590566669382434886104685823
697.81634586976077593378425155227524280
699.29830251146230990189680721839727702
700.13302675126068779799641869574012244
701.45738165989921333589247607149932699
702.24058933889161178220726238492878756
703.65763794400819831598171443257073880
704.29966610353147998353031063227319497
704.93858497064210358399685825153235787
706.57151033360187629786647730768203511
707.72732613835360941937910412484042665
708.47511530906943508386600003691466339
709.53058730347130081615313052460092064
710.28746024897643774389046498454813400
711.48370459072689965179272150326562990
712.95087208423247732389892396050235255
713.46550902768805306662752429811114674
714.76731834020106054862392561407804949
715.67969435541531466103685751523437059
716.57824510737923982692550704519466086
717.43496206588416728258944012418389171
719.27652916434069774927069654893552546
719.76130241272646629655885895857503023
720.85112675000804878781784103647992289
721.39654037278224534433724681970644957
723.04017317292274967641201426882480732
723.82075892433349481191702901726359327
725.02812063969802195441001408281481112
726.08672365026371064110414211226357274
726.78482420376387758245539706955848900
727.95548120098471282020624651745091892
728.76551368512059707090151130959554834
730.22960819517520121195072369938304502
731.29762671297162948086936613366021659
731.97879060842944844183373696851539445
733.07346160417105022411457970158000021
733.68448684514914169430303851064225014
735.54560865733250358949759030394023940
736.24221540050624341744337104807907827
736.96312466927796742089148501678804526
738.39801442205335870891068742948518508
739.14754792739001547839645390898418763
739.92108042600608629241619951355833137
741.42864229268358273248584191074996598
742.51492819080753580616794623794329095
743.44813624172380041856652578279470338
744.01470885061329122110950527828129041
745.17175872603731751652426617270159841
746.44856899665444549283557956225862799
747.52075614357930438908622315921275830
748.65098113833253895989370558870155950
749.13408777283581026616867275820301252
750.44575109765584155333598305770685178
751.35309501314780745677377038450382746
752.47513945945058136578808506749775229
753.55720354394329171934329235790481209
754.96093426330710653008832796511833398
755.31074194642470147688266499974667787
756.14131119081952574405094432040866297
757.58008843388236321629298818816868992
758.96403942300234717777597931556020495
759.56835157887597619432245966083863682
760.44713229054565777028881240878050461
761.77397656420531030408470721638016434
762.39948103552751817753539423601410722
763.59795604265949070609092402498495809
764.95479127637541378617981874044258414
765.73620555773885218964367690810310422
766.64192946150787722663846322844838565
767.87405165855636187199388850335249704
768.16935166546080391542100790657784471
770.18671653478702190405387844398401134
770.82580717118173501682744600023124455
771.78844371603958261080559069387659151
772.60402947541152216290519773711873666
773.67984824442893585135076728526698539
775.08692820992711575922986066771485185
775.55441067105743881063253210236597983
777.15913190786624805729546703460119526
777.97896987471273466189593147963167353
778.65598561420447728341247321221846883
779.56610945963818244143738511265009846
781.09067534797353633252823222866807149
782.07455952833138755691630566686177807
783.05356510818385328662888223402448177
783.72617278753377398327806332788447298
784.85554092756205346955947839842494761
785.82923417531979016625001749923147642
787.20744699600900157081699769725426188
787.96102760924055828488418776913146371
789.00096064194494853424218714665410961
790.13862121452384247719757448236058881
790.75563496982264011147802076212145447
791.74617773617893633586623510097975173
793.47625510149363937542774712013556217
794.19592795748109975393899923288692977
794.83734468779194469140136466198859754
795.82752197320784100437621270691671305
797.14631158527582235172140395355926691
797.98341176320659857925230852751561865
799.36549867636250103483191671953458094
799.93448704609385644655777827872512326
801.46512782077947700684617336911913401
801.66753912774330100573314339845816565
802.93326792125145821491121488151701275
804.34535440069878361934254309843225097
805.16001056727590610628170866804564857
806.48060972696583578912893215608043357
806.83623307047670327377356445118670573
807.79117645889479019990366566327671950
809.37942395739308004029463624021089828
810.32536736445151618288022881318629203
811.02728629164593590195538886826467482
812.29552782871848559728596615064101244
813.12536583287633676718871221801721875
814.02747898747768297579812917128489269
814.98295135549921537888882901378932178
816.65327045437636799354460754724822792
817.33822209061746363234115972657578788
817.86096711284914718680468266085625331
819.20316947828708521789009644750542778
819.96370645024457064362424059930169722
821.52601260828752619564769452965219321
822.21217153938048132864377401828844690
823.32578109199093957184925534981586117
824.00642824226851402861566403151440891
825.29093673552509377195353428780606602
826.02136906015299276298523941747582920
827.30703437393270708553753390154828661
828.46628231811960532798638173896391819
829.37465607763496143188498247774972715
830.04635333916105385552166597881975398
830.83865202662485908938166525797071103
832.53601717593735150175352319661409805
833.45722084320055476720958668412035416
834.06921257867872528435194560110127724
835.26667243262602205090751749849771695
836.36016887746022181372123226712408940
836.86164538841670468208410798286966243
838.40729033897597673932001536619693961
839.35180785575041267476694937255327760
840.35168571758465108975078763705323789
841.38373245579120322992825914908911861
841.81207012832579018359617649564161270
843.19616144546403304807328275494743827
844.40879609210725639978708032093396200
845.64396695412583309443732422186895188
846.01818199200995254199362111905111816
846.98912504312718909807320113537838872
848.44643136701956492252037026228395653
849.04487839338743398676810549412282944
850.23364938620171496694779221670928240
851.64779095556917721185533702338431704
852.08992321510020661931542036724433567
853.27371159686694357934311257315401144
853.75767100546535214020372052464042973
855.46850374103406571864596391795483193
856.45925659485572762420762063083730569
857.16158791623064464291806042758113588
858.17847632185971604560990942656262221
859.13552035181415935343087535298051724
860.00245037549727893096769629666623540
861.60554623662377886267717596996768447
861.99231217698518471915529791366482604
863.39486968461889060217953029102158263
864.19530018873140619683009282232457615
865.07463707306953850508425544674947384
865.83214885762414750815806949887485234
867.58130050945707159424350338798165453
868.44686184715505469293011464109454242
868.91795488286070304710598797811958669
870.06263630539273244250394519114064023
871.03762800482131672565817319505504693
872.33475263053544403023126489238795502
873.03773713559390171790176180373581181
874.34746295712861041182317061089467340
875.31327002767327947189333365144208579
875.81884004214622102244848061282310255
877.01857425154154352516838385927693833
878.07962720912748361983103738268538759
879.39025985039225522220455264167661497
880.22843738314973925904713440760369096
881.09272977362149719341802444847627794
881.69038280009044770093388587521254625
883.16408479100943120623258934466370719
884.13774348207027870974902075798382572
885.44282022233807643441428009416107375
885.66232358624836559069507710459016461
887.42087493906832876179302467430875058
887.83564477769453236265710828101021641
888.61615981289690682940626155910175168
890.41227966672330941915457717810421677
891.15249885340609055218351835254090043
891.98655863181352766690692529287933029
892.84858853262434318667483331224038382
893.79129415252292335955913294164016263
895.04233130534956519155035476399540344
896.16038399580509245457061529264465718
896.97285256527957531608837408371332159
897.98390301780395773520060468135211437
898.80820722206427412512648266038511011
899.87642246784706262300442101373592182
900.79843338847546187301261309282850711
902.05304441811222050300375169292754831
903.15621339361238239912052483371549790
904.05461184529049477665709793096680829
904.33124244223824211517262400549359288
905.74558388604943130790496078757948021
907.33247548863635819437103270787002449
907.65413231134982690254568978508703858
908.85155052084630341695613457434040924
909.84265394764178442453883701498288440
910.72783333738812014121979453953848421
911.58305885795464622880396394678727959
912.83515589163707233164835744796995745
914.04673533360437866242392506454136484
914.81713009692778879696495464254616034
915.53504822360539998174042193096062683
916.67884586303144257303014710381242073
917.42944941240729072530567640224575842
919.16822771826605293798479715288169815
919.79975158400855036336366496006925554
920.35107948005096200215591224960581333
921.73105585231028872508084778076053908
922.51676741619912342470914351860579243
923.59079966061344922021978738709233781
924.60298652927784371763903963367524446
925.88798119739465449772302535579302729
926.62736056438719624216790148835747916
927.45970790292988774048730350125001502
928.08952275758079847621639335968176903
930.02699723964800314020307630577451917
930.36517251712300209319237209230816507
931.68148455081337564062539953754078997
932.39902596934521675119021292240978098
933.29492533812379666852600809474288755
934.40746339950321614584096572774120201
935.47391737487597239314915364260397293
936.56629018861985841748557037038913529
937.40406575118549203828975667620305126
938.55288014705140579561802106628468576
939.18179794790813095306410762006876091
939.99033345781092910164078678487340224
941.63842788437423109481757102432034174
942.54709167288316521723754646690161069
943.35994811309209543504124900931884007
943.87427012216174202994079077973499863
945.41834673039419510185454860415833147
946.09926064476457078842488602260147262
947.25598596497312264247474880478908545
948.36223537702216764269255407307809182
949.35438102655967363930613608116347689
949.98600375014477395151269248500300971
951.02006572977211003723613196073071422
951.94724376683861836043655970343624920
953.46723404773960692817929304731767009
954.17679440954212565254677375596761923
955.01644676422307597591664418472390278
955.99233043474077554461305212140874795
956.70433577714242123078690702048805298
958.30928860894167437114682598294990567
959.06833561278361578939163125432065636
959.78714286435619915286391089813843920
961.29472566483429532102677922555040382
961.82506016242273697332580449469337852
962.50794978180365878332099105367475527
963.93073718002226485816346270954471135
965.17447139268587034047866154019814506
966.05844922079854075967605039398831417
966.53324245330795575232468800131120143
967.65674208818964678038393398120707807
968.76004981624020876549013767257838338
969.78509205125407361788402138900123347
970.93819820070773996330948305042437547
971.72705615737279572365470762370321362
972.61203365899926699084352894597305520
973.63298224367174704144729616902868890
974.50796117025945430094709592943463468
975.53503041426067998898514246268283485
977.06532622835794784685967562081125441
977.50173808815967223747188355124298801
978.63139718799256505826756401913001477
979.01826047751234005264685906386721289
980.61250625720850871554311239334982789
981.78883981789338316238439278534365632
982.30442685148062618599648182280766980
983.50570073608995295655108620040147167
984.37150642356682705213161240059550106
985.47842591999691042984966952929193280
985.89326937510488184253668743822431614
987.84967997597782382278546140524838523
988.18739810378752202244225030071606970
989.35552673965927196634345006148450160
990.32982389566896782037062130170164900
990.77702804936707438589255666061431966
992.26980824250629252576054064951534209
993.56047097016257145710320050429720079
994.06461096267869677982104255399731200
995.08929354270186457703664376506709386
996.00885059017623815777569664716218669
997.06236598077565381069503131668147523
997.98837348388014309274483704862307465
998.96892159389651559026445355012780827
1000.5288262092185177434248212184283716
1000.9110368115406945003417417877261234
1001.5410902694101202088461789999886617
1002.7998650303596666866587049725462994
1004.0004153428792623487184795569028289
1005.1197560976630901700941236851122705
1005.8052313863107755076724561249979691
1006.7005883176377443298323867176631257
1007.8448501616541647187316199597396756
1008.4665631051437604350438563455048073
1009.8822442665862352483558004317759616
1010.7251680316630753259435215534224610
1011.8156273504989886450951231955853752
1012.6233144099383303695547859189503612
1013.7017217752410454780636586219651405
1014.0209556908208066812103419331034047
1015.8431347938746119080612820752096699
1016.8624435838198032848335409404383958
1017.3602731977323448529027962359985961
1018.2264748940121648713188063521032233
1019.5529432543783315987644301745653510
1020.2251615447508785798017644784703056
1021.4226332811801397754975177148762718
1022.4343130837279101807283447589427229
1023.5132472281800275581523794356068886
1024.2637866088563339037214010040991434
1024.9653297172437630992499396338342546
1026.0688503496036978984623959959067315
1027.5082442013478900048572854323777829
1028.1461446070720320040299162832818076
1029.3957070255051033569761177144301673
1029.8458282892787173453496599794397054
1030.7605225994572571045107339187067819
1032.3695610578814198867413162132596359
1032.8418802202546753676965779986289119
1034.0843147327331750716884841432274103
1035.0125330030351602241342237821782455
1035.9433012104214565001290668170687422
1036.7405672189460263201553111295188702
1037.4850629586075395377139833374612015
1039.2944994713655488338940694672313406
1039.9031436449201657684247270915269895
1040.5807915467956399492032052106254583
1041.5706474392080453652914451949962224
1042.6596438089231233712190528462711276
1043.5325103222129175304328393931884298
1044.8645850693995941698528095028114473
1045.6229169461978708437213559854936638
1046.4649918329515806499025726042148229
1047.7427805231249745727076230654421705
1048.0632877195647728634530006387938110
1049.4406892369414612538085537128959983
1050.4716621819422237412490752637083010
1051.8824819962519694709542998730868132
1052.1432572036006386827162624422948421
1053.0544959782292722068942047603235001
1054.0703135155762170641897150585267586
1055.4963685490758499016044488000397866
1056.3385975808315627384181209227402921
1056.9735749374297130091510902467677226
1058.3850020410417796306590888249015952
1059.0459852593217621661345181042371910
1059.7305449594951037816292827832318798
1061.0270509511990633301945748493695964
1062.2514344510638638434958517586975220
1063.0365647357914813546722467340352184
1064.0038356873788675485730008927830161
1064.5861547733660048373603275449589122
1065.7093618965675162291129191980171186
1066.8928206129446231276128703105884643
1068.0376996204672240968534687101498099
1068.7842530331111734449006086178289287
1069.4795983326492220347513874220219105
1070.6964999890744696078951355201807907
1071.7208194275980581022070864091655905
1072.2056646110842188574891743281837242
1073.9849428052551437718469222829116935
1074.5537833750710267731674965172183879
1075.5356156801168873404834435969296134
1076.1295893275688910456358207528057259
1077.1937914967139536109548901461991088
1078.7055661445472076247383915261007711
1079.3966400325668108704321671320889343
1080.1604254479330305114813964386359690
1081.4980524235828076957951053120794010
1081.8985475718245237668570116513017112
1083.0719392606492123624214321737751880
1084.2282968850471324528790223948840312
1085.1531072629397736712438701165448280
1086.2120165038008423389872890778903247
1087.0542758584027553988012858734469802
1087.8649139642064007464206093675808788
1088.5188515735535041041193248346859771
1090.3213336378528111583264278565079249
1090.8978603419014523379973491516870466
1091.9905482891773651682400240998449676
1092.3915539980783097879701133940890328
1093.9226568078873129776842822137547834
1094.4994030126535244640798801274560383
1095.6444646562052234199031999013731645
1096.7311393466244984155818880411768429
1097.8835676754620902165165847730355104
1098.4281982678967073484508943352229577
1099.1841462834141561838053316935521831
1100.4088542792888914941151445020165501
1101.4730746439597974296216657251276492
1102.6448037800576076737974187931642200
1103.5187614748550475103928146646569078
1103.8880789824756717617177308431470936
1105.2979027004689396905863591456126032
1106.0205082752835476512480693525892259
1107.4680812991779202943958579484997634
1107.9897388224863054933813939559028451
1109.1634461574444212006370288846988292
1110.2802936101020726520973880870488376
1110.7524375404731304972106109771121373
1111.5412210325201441450796410754603091
1113.3038888784004834562965443907218661
1114.1692348841779845927385325915024379
1114.5290464698343377424287580830557988
1115.9052856734658966660453080959926443
1116.4156061053958897011873965647185374
1117.7843684240986006335158853568207218
1118.6562477044088420344120037846661499
1119.7219052656065402607701741209241300
1120.7204678088904793113913407250966635
1121.3763701490513581767719658374497262
1122.4386717946230880246236037185483465
1123.2220734130215306686037029333103601
1124.4291715126999185783981836811047193
1125.7437238077803164125674815341576527
1126.3203980513794326287919768918134660
1127.0832800787295395602707721382308109
1127.9029094342056355606996118752396751
1129.3200590945366018731070002201276714
1130.2838130408605937292273371027644872
1130.9583623123399051105180563513817897
1132.2003082998925317086855789554034537
1132.9860757637941244916547542087120248
1133.8501012521998698429328541978341323
1134.5886757066702121808268329319107838
1136.0359739963065670500641610215265797
1137.2067043796627471569308167451214363
1137.5637603308891973296342202482855015
1138.6788701775793207183117379590992519
1139.5039610161919671098038760790707359
1140.4549846974511272808918789345798005
1141.8957772809566325977947340975900305
1142.6875151145983041783803989450511944
1143.2399832926180975006894008153498408
1144.5114153160054552764427551945239635
1145.4522177352728996281876843562224640
1145.9865878598083932056543589438893091
1147.4316731457490460643419320985551564
1148.3920708137207704768532759191618563
1149.5098058953226935240692208085918603
1150.0165922614546186611897269348054306
1150.5962763696662426588598548097447168
1152.3430250485467966752388785557015694
1152.9659911451379312327635334069638886
1154.1675498358167701366115808283735156
1154.8002697668015651095430604493781611
1156.0195292914498428208323247196046721
1156.5170122749458025196806904638775020
1157.7619183457203594690813046678000026
1158.7162729077342497870843175932421634
1159.8926937996574544863276829423379790
1160.7069267371398452482744998732438644
1161.5530145891900770003414673088936018
1162.3142232081497134577281808259917938
1163.2098332304399481216092860424490925
1164.9194157232743860730608381126976554
1165.4221698448797496266530413304505223
1166.1748608445613495522297435450155782
1167.1971662977107925644921537534761690
1168.3041449675396090530795661050329129
1169.0398117696849068528672976586654339
1170.0264445417851820946918527470209471
1171.4571079743023563806973631239056977
1172.0787873933327786157425775769246068
1172.8423105327960421582211231038620862
1173.8186621651474341158627631934798767
1174.6162586901836501967925253760513779
1176.2627628466899823422282755057167147
1176.7075770521151489508540235995319426
1177.8552722894767728053269214151389547
1178.5333996723524473111744502977008635
1179.4669820018111925882249722522351112
1180.5221329092658441070428869788425455
1181.8964372560084956329196995749988152
1182.1413798491296370160001489583036160
1183.7467472480896249385388907403702336
1184.4824323145348962453717412089154617
1184.9397491744427355386855122660746715
1186.0175878981465212519674064151733720
1187.5364071414423881027351846294403460
1188.3016685927331003845026493485725507
1189.2309513821186985459732357735845448
1189.7139550806653882962394097627389733
1191.0589311354576906894849558849834564
1191.8823683069843753549471642290386930
1192.8219946009831304270479631173458140
1194.2202488692735010861369057844829645
1194.6741632034254675293031283656170940
1195.7360513329505255184260507426618753
1196.7178474277413900035653401089887375
1197.2780239361962878273561430045947463
1198.6804190842836752401017586596733516
1199.8174989190608207621864103437319023
1200.6382441707810078097754872396782114
1201.1932037519338346712518289868200177
1202.1190578698415029600074301020643500
1203.3662015667206264594745822211554848
1204.4031015349033294386072269716873736
1205.1970673210429122712854026781500752
1206.1418289381032748545569679802081469
1207.3641247811573563672171562872091542
1207.8811345260009302314677339116562951
1208.5898112798120963818029665192027891
1210.1085316044925705412017151203620023
1211.1621609835900256452815390280662639
1211.8128095779479711782707818625549524
1212.6962959725014943158831461905408857
1213.6554439185652441143711531277617786
1214.3506697471179926760094531250612824
1215.9987109743359249736942935933357681
1216.4754483031047382971740766422022031
1217.5092513377037718533793345827846779
1218.5448339500348274191574540417453201
1219.1490720354734693314425251148110719
1220.5245090291757309662662153242784841
1220.8363435987831537930165208835807684
1222.5825783203378452026472619568116024
1223.4477822741867976035224494170784165
1223.9252433727482478601667728513693081
1224.7150230663197461868907333301886423
1225.9649320672196775915731887746802918
1227.0482521281557627586039159712208478
1227.9872317089942651977167675514563314
1228.8607387703750148440759737426793270
1229.6881429262506519193752349888782587
1230.8825028020285292173210935057717277
1231.2589142662414862513774579853273602
1232.5868648224856364012430742238875803
1233.8024801985840362622302754136556801
1234.4388657937951294695916617296079278
1235.6121779010370539356124116807393588
1236.2514373981728995566702646353500277
1236.8600438986337675451589395219413548
1238.4138135432987676598135447848910831
1239.5305657012566350336814169809401476
1240.0566634655678027425648693646347180
1240.8823370268424635254695240441709234
1242.1434100014463034715309647605643339
1242.8351311217117359208045804115304835
1243.7144351333635841983614096652248469
1244.9494974019790808238091897146561270
1246.0925322140157011372007680558090014
1246.6738646894299068564665065726855361
1247.5966118793287912790173441217233994
1248.2180288633873704982749803642095533
1249.7122331567118134408946232835918091
1250.5623073501915509428134813286159002
1251.5472054559129460012723100855285865
1252.5204891600556872736951713217813702
1252.9325651383189224044362461814552490
1254.2590754667128745458224710529317803
1255.1683839932729291114477180256914087
1256.1384766263813719323943761602015352
1257.1261644748040949489582191047874926
1258.3592215175436747052162231278755285
1258.6936817283994886230895220567020043
1259.7192366631252865536973098676700134
1260.5396059686843897459428283497824176
1262.2790931865223425686550342303574478
1262.8660438207818903446666621808234418
1263.2807789807155349525204895550436799
1264.6252658093718160425947921651160473
1265.5245176945800891008992969336060651
1266.1916242263227139838977130882091810
1267.6950211772619969018677903788389582
1268.2270102227116880348950572291595124
1269.6150179553960360908447206074955664
1269.9646150706254766519639613946692624
1271.1123873717236504196073069216008037
1271.8003928368402514482187896080729242
1273.1857062474493218337293382750209054
1274.2597730694027854630974053531828060
1274.9123344189659895932587834391353602
1275.7476344006603503863470697585588382
1276.4477928947426739942461752894203907
1277.9052756411548266588035283047061403
1278.6726461157284091775787434679384985
1279.5315579861502103104368464115100877
1280.7197910197342846360074905105740535
1281.5058857059589735199653047991277243
1282.4042112075384719665525034174034205
1282.8439351577064055809331624707345338
1284.5863763970914785872376318085253728
1285.2632667107301023104522698126372978
1286.4368985506912403783509061669774414
1286.8215155770002838704185393233956545
1287.8927452374915066248041319952147560
1288.8765341586926649293871074365989309
1289.9308737079067848913406114042448235
1291.0645130016534583118146813908548582
1291.7926776756925346295176199801429832
1292.5323411927434036303355185925425339
1293.9261215117638635772175091456866368
1294.2448476481170431129728642715977178
1295.2726304555864940827200619507700329
1296.9513528995747954436798971057569357
1297.3930219954003214504802264511918132
1298.3211928497205169803007524974810082
1298.9890193048534031234041217580180852
1300.0198433197949291913998423230343517
1301.3364496074043886526721703753077248
1302.1594005256459748723935803970831047
1302.8777017054325070070798568575988581
1304.1630668091393967446511612131993586
1304.7940576358491943905902363647630027
1305.4923552273213192555947291705752489
1306.7604456357678892825167071900205343
1307.7505550434166726860946064049687163
1308.7584947878907550719523202070491873
1309.7213835368028606540014394121783950
1310.2786197210186168464613851569934529
1311.1028232420435727004215966261010594
1312.3336808266561593115110384451845759
1313.6083847273847694057280719858546827
1314.3045854844608390446446659035612215
1314.8632764695782600991657017971374223
1316.2625046663113622034758674669531409
1316.8520687038401359909834607561041188
1317.8227544346251212967148170683922970
1318.7791768747686809967828769784169545
1320.2691860964211645392999033241368909
1320.7882421438997694130087421148060038
1321.4186526209554452836843233251827907
1322.4683514019989624894567285265547254
1323.4138454402156115564441161389861895
1324.6779623872381145527043763111938604
1325.5152834712202644935834450856973894
1326.4346118893620637769368133500456348
1327.0560300468903515749944969404196347
1328.2046533596377366566067599633819949
1329.0092275086567681171765159940934400
1330.0715569922307034573301674644782000
1331.1599199223608523810603402922875564
1331.9317340665676079656035330123949531
1333.1280171582466796779973720379746013
1333.6437779534532108250802254138396458
1334.1619629495531599445895961841483849
1336.1832325328568582831382657472024507
1336.5604081618781331642516097809938403
1337.5016800885637165628593615662944549
1338.4215413751215968863831310757925118
1339.2624196399655210733525715554057615
1340.3230398868900415695405353720482926
1341.0874798031622153552542729030018296
1342.3623141543311685980493256412504134
1343.1852256136150869850176456423643733
1344.2730867443641797046703896388732323
1344.6049614788000315813882693137607113
1345.8608320619120105677162972454726418
1346.6201811957890891610855914977037030
1348.0653750540117542327896714930524041
1348.9455865508858524876662589426835570
1349.4552748998350298347207199330875748
1350.3190515880612333878594391683960355
1351.4366076498997533538348201228584771
1352.4871060106484631511264501316641647
1353.3226020704363747180532970684940089
1354.2900074648353984122697701304189797
1355.4159751336381376193208483417441959
1356.1581403339921297138406223277801870
1356.7245250210114224035672720127893980
1357.7701504239947840197447392564128214
1359.2711185275427614344210641639966113
1359.9512970244415616043115186227073952
1360.7666966229732171346507512820763845
1361.5085015581035039912891136770838803
1362.7311159081378216460642763535308319
1363.1993417090491584572107322258642997
1364.9120661294153799024002193647232448
1365.3013605268528131346084712308010742
1366.3219880091719387044809705093460967
1367.3720628984643211937350820175856655
1368.2152857112202847862318603286437123
1368.7429381781056654463654697948218696
1370.0977863528928910658949803452880173
1371.2378141904658318071474096475729381
1372.1931576539052581724931188441922078
1372.6399206089516093175121782854245894
1373.4317729659730094685338491454689009
1374.7056593171714402343112224877216750
1375.9119901079971673850342121003672934
1376.3017566059736707790328068879883228
1377.7491232470889158786907805565848165
1378.3892902012878127298272091883361389
1379.1737306277234327709931350638640298
1380.2148368874271080744204532410694596
1380.9486127761939302677091398804847100
1382.4800638908095749361773454171440147
1383.0672629737522282631497997256762086
1383.9639633979102603722265115575175509
1384.9938299189704932391683588979849169
1385.3093568431762334257620513470127452
1386.8571585000081303597201655148424905
1387.9185450126775568769761161566970841
1388.6740894667099471207132198192354341
1389.2833809138352295980190068721100337
1390.6159837874378055259029391648110025
1391.3593146366943496825001235667675695
1391.9461895760804543093863134743774414
1393.2968727218835177630955161048635963
1394.6196305146569570858985920257607227
1394.9437141325535215472355534402400293
1395.9748863902917592693571348461387725
1396.6140162407964083036212524057948018
1397.8325454061180260379776305440854695
1398.9001971571281955552243639867142157
1399.9505015529859384596357605928024762
1400.4594906909434189340551627434355657
1401.7019350102499210341211666669010227
1402.2334990175919231762527301392359257
1403.2944655947000653532493285651414635
1404.5192877333557010105967066428281048
1405.0634615090618769226810868751935866
1406.6269807778585467821442567654952160
1407.0606294338224519737787596228957433
1407.7797552494400972673808588350085997
1408.6239906756035862399007106810148635
1410.0884598662458105080753614607652617
1410.9854725297924661388905225276306325
1411.8337254015062721505764548847998055
1412.3867944250253285137687632842635301
1413.6056743627693809493911460580565355
1414.5776679884783469063274343568117599
1415.0518967719576776938587210689022514
1416.5962817536980837765516508623645433
1417.3970222352025254669300267977730061
1418.1885338297902098677056675801458234
1419.0526753219158855343914771927010418
1419.8853930194092209586254373660648988
1420.7072213210545476030337261936307447
1422.2166837040001367439967445358170275
1422.9696982456556786598923284818988870
1423.6254503822193144691962013087734701
1424.5680967311488903694241880573603648
1425.3571282080391984079027507807862120
1426.6491476181803122512397315061327448
1427.3368611174365322344257512616033423
1428.3350429457574804340213371840200493
1429.5370200887653256289067619897933098
1430.1709453201158239049752685059420691
1430.9802594582680386691229688509323010
1431.6048786584157997020987654403772198
1433.2305744720353608102872968579992110
1434.1699697540366000551326375719132286
1434.5643559871247446059986992286094878
1435.9543305385014217717185301256534027
1436.2628266933675297904535234369218518
1437.4912146508985342106337910567668087
1438.5365358515536254137603299044575458
1439.4831205724237729912546758715837855
1440.3999327717249325454289605056480966
1441.2460354815206856390807438964011234
1442.1654780130891907325574496352068563
1442.9211601522018717710786885537128018
1443.7616672579633207372995888180505192
1445.1583988494417194780498080893888921
1446.2178734697269266106424067744779139
1446.8106737939542933846905870422640589
1447.1279241064361101510041114431657717
1448.8547635142047398141640972050979383
1449.2580424097960429273714366871410179
1450.7050408614365290873000969344867146
1451.2847661033485172518078480277967777
1452.3644435347358544497784744591399732
1453.3749738572439952031082503305839830
1453.8593743989474850371327855663724861
1454.7825267720821087279263299436046577
1456.1992963518601249901215732553204992
1456.9767203519367560703261770736067549
1457.9051362779657800198752845365146032
1458.7955574637619594688173275768288478
1459.3230940501142871396744814048383330
1460.3670571963658226341631931579723934
1461.8228388802279158856762594562718617
1462.4250173120509943945704630818501193
1463.2439790462447175175568976545379529
1464.2615520375611056598275311709880362
1465.2645979580635233413884481692777759
1465.8501011859925558768874821830064780
1466.7814348639152856417287757203582426
1468.1655753535099483224690318974898559
1469.2166080009138341973817725563935833
1469.5380965573042897092060712793492677
1470.5368073388694600975201289444993610
1471.3372333818000965213950030364788699
1472.6871624845577347960792541465957069
1473.3958287477695906204961899192614719
1474.5699181513000208471004420767511897
1475.1925415823438679939443898380350395
1476.1424528119388315533584335147302300
1476.9207475974742576862569404598968606
1478.1090584685320727792691462195601474
1478.7099106295224569441737512359163506
1480.2147357975464563040628599075883158
1480.8205211696332782919450879742562478
1481.6209646643013558946833807098413480
1482.4987234214689652835331874978798133
1483.1165616873664954294043138655194906
1484.9192124201796871499600967986861222
1485.4038191189223894222302804484348698
1486.1124276854680654502731986140663682
1487.1424778420164603476227111854829270
1488.4028552244062683317223640483606325
1488.5821644621651915166268745181996092
1489.8576924681743904879359162634138979
1491.1717840070466558883886717516772958
1491.7079854453281745185882695571777927
1492.9500511428703539124741356722825839
1493.3556423201612090967992198029177237
1494.2396845274872072841144561463094282
1495.4692030168275644844417978254701699
1496.4865638069192752898665601177938842
1497.5351479863362903784998964544737677
1498.1403218561949951793115682377287623
1498.7892882670121718476897538745469610
1500.1005424544572086495181128482787097
1500.8474900439887977838876156876204321
1501.8529947474119603666346235300883530
1502.7776580080642966192867986577757342
1503.9609844432776476673528078902762173
1504.7526336788102461162724596680468842
1505.0060093431139263082114298764619074
1506.2588752700768378371396955285331383
1507.5242210056782124121867642328399830
1508.5447532381526294545791457236832495
1509.0668155915288640979229302616754357
1509.9957474644944185486303788606734592
1510.9776051711709645551119246188817854
1511.7370438887909498525476169185657915
1512.8537746916393402258328626685834341
1513.8538357628355299422362820127252059
1514.8310436109614124225030771551370772
1515.4057050772450611577162787652622592
1516.7381201960347391800373166730966371
1517.0727650316870415076472678995691678
1518.0018909175778684793302992147652516
1519.7865351846746683756660272526600675
1520.1240816452990685089502305835464836
1521.0120475115993463986437690990930460
1521.7960786938464225523913389776880074
1522.7405476444097911482592857922444881
1523.8467193573607422856547526879773721
1524.8708802482860036713142558715950022
1525.4293579671643783395582812987781429
1526.9343821591563509465694792684564996
1527.3699198918949802175996743623053739
1528.0899053974246759114607443986932439
1529.1231993213563702702316974438604115
1530.2638058110090522006524642482214726
1531.2849983453862235911502849321511816
1532.1611256954516744049620530058826251
1532.9158385731798416370546068940822712
1533.5552339111910013717080829647879290
1534.6382681809360934488014377747687041
1535.7526662809304763971075183408960396
1536.8790848229678997240201200026764914
1537.2840269921698909561369001628686025
1538.4845438794651693347917572808961253
1539.2992418633277535487571633795145367
1540.4058626570373916813461430869484551
1540.5334325182582045436759992287541910
1542.4153409631896311427065362312514025
1543.1209193688023215127994569273556745
1543.9821205511598453251352390602202868
1544.4903460354290268803082570475391471
1545.5432572244294400584110405520538847
1546.6806100836984926528475659375045937
1547.4810137950378105721307021811639902
1548.7932724193408049509196485986429963
1549.1643921999978719387630877673662896
1550.2213289630153680977257862775318228
1551.3403206167062185749108923561301662
1551.6424998037709630776488073468758247
1553.1434236205661395010389213298242970
1553.8886705885713110549227898673232305
1555.1054084090197078209987813937295674
1555.7233968106064883086404573357377508
1556.5408191888018262680264088113828797
1557.0661452328614776090294977846200567
1558.7832726578002817161663224473194690
1559.5333717729526193752458410803329460
1560.1332599538065496230945825007107759
1561.2076313327045767009954136258037677
1562.2000789144966697891356490547292076
1562.7772318601075483943805301553897239
1563.8568960467683910686460921954830001
1564.7564076775670042637760482861941088
1566.1823877262107818356970191031726565
1566.6579789569456767820332054203008001
1567.2959783874028043238801185019484370
1568.5149943244599947315578393385800641
1569.0575415188206857717469001506742930
1570.4363392355764085169914627723678359
1571.5625857463436448933311858178208236
1571.9858746770153906181936483910360191
1572.8855700069982351846687604767363359
1573.8445646005179145279121500129941206
1574.8810656926719487257010863900360384
1575.5985380190379593271208006108875279
1576.7183335099680258883067554073562574
1577.7340580955302659676416314349206893
1578.6672710161105866481974582184794232
1579.2442558484248679519438413753335706
1579.8694386133109716571737240568788303
1581.2211467239461577605438292950105416
1582.5713151744786858691265169240559617
1582.8749055900241594617736701775967976
1583.8573390596224315210800457830057671
1584.8705268474599444973511732250340672
1585.6049171151156182116110683897988503
1586.4843612729754581669733530384697073
1587.7366069055948948350556321906102263
1588.5169142184688660131587179903538966
1589.3937175418130264455221128062680579
1590.4020179176830181134671123215498889
1591.1557522675997561917570124937606611
1591.6424590205043934649518637756111823
1593.1472756669833572729593286739954550
1594.1373501258814963424579913054192750
1595.0005312797535049194924898272602394
1595.6343898770329606112855538658744842
1596.2560302992958575156816923375733248
1597.8027108628999329387463026422946674
1598.2932536932052492856116552945969718
1599.2959446678287199885121091953754342
1600.5383295630049645936778595953169787
1601.1881186580205991360337734198663037
1602.0499770039641235218697067502597022
1602.7736180974666952213153390930754240
1603.6872650097844310586197716167087797
1605.0445298165806759618011461998396008
1605.8462601931578344453401300630875993
1606.7212293474230198950555503337403358
1607.3000273081553007341292534121003857
1608.4205476178528371499639990222366872
1609.0347095702604757029691920265462934
1610.6028051124560270431081177338878266
1611.1555678762900451220643148278895920
1611.8607253177653371617211039074289803
1613.4152463520112788876652696437412240
1613.5329725112226317099902287699935255
1614.6555082126959827699311614590992741
1615.3818655169027363610425682025482395
1617.0869848256687071545813953719656442
1617.5353675793480825777410740237488270
1618.3116166987778676644626016031669852
1619.1277415354843271896425825077445695
1620.0662510304196816642567362649488898
1621.1245962938778093045471789404040602
1622.1635131294560643620419996501486703
1622.8938852987096946609756114557468187
1623.9760637741659291588187216494090440
1624.6930822570162694571085704200141151
1625.4456125901197207258151071455310375
1626.4771249341678071896478117617147846
1627.3916774855890047431437105801529118
1628.4993007784336691300459200464938125
1629.5038188460274348322697916171316306
1630.3186172166778631832660635661933887
1630.5495654485413517633403733392003504
1631.8281591430108918276746147629064035
1633.1030352271823749042910971994141927
1633.8229978352535324448649862472134953
1634.8348711801424338179522086970475289
1635.3422659750283859251461664794375359
1636.6974650864204831746854913332069641
1637.3432578985842540235982568993688173
1637.8743354473708110475081963279486814
1639.4450228061863910178136099992993067
1640.4192335236763919527514470356779141
1640.8637006129548410498426917568715126
1641.9201500317490933698941574219572262
1642.6900474513133576553670241889685508
1643.4194563704721528346021170653728817
1645.0417129386477376794115585592136810
1645.4354185354575984402927425013627609
1646.7062621701117418476502606696113872
1647.0146545146249913606178315281611731
1648.2629016843029369798755729741318849
1649.0518682286357246730485226012169860
1650.0092251514435304164857568592835071
1650.9125505579539738502094248143343467
1652.1451447533949165197192145297897703
1652.8693369327044561033650272520831236
1653.6001607156870718402718052535467893
1654.0542078302749010583132180982027331
1655.5979608956265547569815709584702374
1656.5466646416420363016323101671656979
1657.4156743271296729491815791841706664
1657.9933857869344960943534092289882804
1659.1992500686686846259924514037012140
1659.7869046177283549938658527516758023
1660.7438844919549892357190039144267701
1661.8917727415628603169028850185881325
1662.6970029048190758037583215910815598
1663.8261654488178159546738416467861152
1664.4257633505858465157864039938456127
1665.2796290728624369931879106590336721
1666.1222717993891177887859836188993105
1667.0031125456282696976026394060376290
1668.6674802825811185213038523315615368
1669.0860710308323333212757588627630061
1669.5326170481042052738666258365965151
1670.7648540300469043595829892822468443
1671.6956045600611062513791483883720933
1672.5396865767061173122906465823475957
1673.4781502399690256211547148858190613
1674.5641632526618521985753618702260496
1675.4055489274452770228390897885365476
1676.2768946770644590417526335601371609
1676.8985271384758967516523713443192622
1677.6624018798724111016851605404991195
1679.3625445945185336037388875770058116
1679.6980134725605220134113101510876448
1680.8259585168738167383056189758680906
1681.8129845088804517661889631565536715
1682.0608295703640607542833711940664865
1683.3532615874853144125195997422929294
1684.4263438794730417319226214748758671
1685.3122441722602928295217684883786847
1686.0498142042987112640263788452349827
1687.1829130185321269669410529171678970
1687.8765209011439733618860346083714696
1688.7828504492586112687964445839973536
1689.2821073615576044476084232975343191
1690.9163336617048115748745575619154195
1691.7910962829754297209226676831183877
1692.4033100349937062347547413807530227
1693.0879064288033075159103113567156006
1694.0763682578112828759455742585950778
1695.1948415141814607627794145542956915
1695.9278739789917681730364044386664740
1697.0869516431580084380449157974221592
1697.8634971448338202594164391592938695
1698.7820837939525971645406614353440217
1699.4268787694382087952659356707020353
1700.5129841993458361769099939450943019
1701.1625658521316525936460329029383359
1702.5186690266355953152820510582449408
1703.4618566774711068591488437847429297
1704.0898798786128362764283118298338326
1704.9220077218716031910407522551421476
1705.5853861486190290922826830930399586
1706.7970720114181193678075806862519095
1708.0812689923105380631338581766172503
1708.5444650819764770295453184249185411
1709.2912718009487336049159228580085374
1710.7890621494235185748443788112690149
1711.1628394982411430115159977167536124
1711.7617461808994751158356689467152115
1713.2248369717850056871445341725326227
1714.0946767584704905551697813344928800
1715.1884893377437573338504810606909570
1715.6919541468402760763152654208224421
1716.4691387159648236136668741498240648
1717.4657570740273555319388335742699349
1718.4355789026870032315133747368364686
1719.6607290331866561151783041418221795
1720.2687966739806427609508172179761615
1721.3190814323712244849611180201662288
1721.7720048557402083483858078646301795
1723.0971674165933597097821614551771010
1723.7370598884609782911565814005224942
1724.6148911856064161116811222801696807
1725.8972902814645770065020280866958534
1726.9294536525272435331905856162995765
1727.2172029829144142544326135981176314
1728.2471307275961078167420286533077517
1728.8854800166078749528184855184037248
1730.5475785746993750363656861541248448
1731.0222006802027272752577532049522197
1731.9812868204687148078504795519600303
1732.8264203658610382961630764393702848
1733.6761640441117351151478994706088701
1734.6446051739396055444079679259164006
1735.2565467265756960357560154731989152
1736.6187319967145487841131993965640493
1737.5099317968849003943960459608094492
1738.1302318263705860815624632900939355
1739.3044116621420850566704357109832453
1739.8196014165060870430839958699263713
1740.5249498518331957700126459292670585
1742.0428946459607678757850239573044751
1743.0763861113491564450737144664434182
1743.4537176242910649108698683255673754
1744.3416319293067652767043877583024988
1745.4115100187091017974481642323100279
1746.1319202671671440799824076405950201
1747.3520015352420707234230063803822796
1747.8448113787633337662017159657093817
1749.2809840969215764380807345361198521
1750.0189986336920944202535900617008995
1750.6751019811171806073412794834440805
1751.2637885833535513027208557423189381
1752.5983442927156822891235133630804320
1753.5163233455414544991933778684956679
1754.5602774328678460514863291118325026
1755.3904265865353141147242595260029545
1755.8633068012585031975223655495922259
1756.9854026041789195837689634211537625
1757.8119500599076475486090903543879262
1758.8593974020034806160681962854069581
1759.9590513211915323169238882614269993
1760.4382561838426621839982966203259462
1761.7068194187244840525918180266571370
1762.4511648672455107085945616233378130
1762.9869200750438502734936710441266944
1763.9200132350985802984840546724998858
1765.5858732000334880397920830692483129
1766.0107068804807069063347007497658827
1766.9224560546688911944865438756683851
1767.4370974763556904039009435711283273
1768.7809806705756466416345806562428428
1769.3528435422886052972164323489161467
1770.5585417111491397214949122948198036
1771.4117374828166130894701803576622028
1772.3016524078093758989903516673038096
1773.2788885316664384946629389027658058
1773.7902421324742477611024756174182347
1774.8455035603946086308926978753508649
1775.6174426458397498564940760879910975
1777.1065026756301688203459039417038189
1777.5396007858940365461899745848496198
1778.6926699211624842209566320744406460
1779.2951362217200749591793946908753120
1779.7943560431105018122097703318171828
1781.4506625673144650098466134507032250
1782.1773369757140865318904612575964793
1782.8051098764385930128589070858285406
1784.0684896967011383136648748735093402
1784.6643628517445516116946706690823120
1785.7541892117252239111848923317692674
1786.1597554593337788728574811460246108
1787.3423645095971166005092281397290546
1788.7287336281605638111093932180662884
1789.3070331365798388512540498007341533
1789.9746377198976134619108471416367538
1790.8497169724089993411711307930566751
1791.8274425725826751081752490644094049
1792.6470859348204391264256470439331560
1793.9141298411867918360306960456759621
1794.8615026516194354563217029423711303
1795.1321628310863992095916962734192623
1796.4177350936764286689122143640801732
1797.2694889248401356141423716818455933
1797.8781091418389426412051656600896910
1799.0337103454325970037794133343942756
1800.0332004904421901450051726058274237
1801.1609378038737625167378043418471903
1801.6791400595038469518387895315955847
1802.2590723170626233900726796317641143
1803.2675738007687296482800351239859709
1804.5781033609911845154010672731078863
1805.5135506396332032229834032313026479
1805.9924579868184716706488439818980846
1807.1351008544629734834974967580012331
1807.9531401951580394743432050571161084
1808.7490193581344126116979833683840813
1809.4670516470911664747411616691782236
1810.8609839029762481209632765964377202
1811.5045798576367394347137598004922951
1812.5671445610564572853593979015129812
1813.3787791276853087140457768713170150
1813.9320235546227181746040492352708171
1814.8180971503750973553016731359367500
1816.0696884689241059093676949481886331
1817.1286630064304510796615952179311657
1817.8883899165866789353942071578311143
1818.3991747912022896986673312250296160
1819.4275240704678516564564659636558578
1820.5401751011177534223169563014610232
1821.1800187895988274984872996869736124
1822.0518334971761295495886736886736774
1823.4297837138594541291235980060384949
1824.3139458265795910690482343811110294
1824.4469929736407165666916631744802723
1825.8547073559345136525489186331341297
1826.2218903927726112986797498126770409
1827.7844551833839516011722375013772333
1828.6700878648249040488280409291058880
1829.2331087326997145056961445794170943
1830.1921014269046335814617409842902482
1831.1740025680086950052350380987803943
1831.6120016768305192132457685913784863
1833.1267855823562880893943628678801710
1833.6928634638874065008794622554981755
1834.7486897066865069953601643283028203
1835.5987155061676782136380113043668294
1836.6911695593284641732725193288578095
1837.0258306778355671317497870945150641
1837.8301099857761302827045275702853578
1839.4609580211043390313817309071271144
1840.1152383710534838667660787969535516
1841.0737550358919911088632678807855722
1841.4689441577612277876192060642456761
1842.5690072475581294228453233603593713
1843.6645809952417097372073368002907384
1844.2369519540542551304788017954691692
1845.5267176535659614390452817191258466
1846.2266838414302671430147664029547471
1847.3120659102844768556056282949558152
1847.8952105266651000010021283105660485
1848.6336505454737914945623933725035717
1849.7427890267235901484287438492881361
1850.6342153849117286102847236024576941
1851.8886514563913111468186095610011191
1852.5499876788450115441922128617614547
1853.2121821838909251229332590709810227
1853.8778737916942120795100769880502632
1855.2047593691906594306646900219944652
1855.9535747235338679969746706122307977
1857.2061963496441701671566018951743881
1857.5144738965855716014111225469821667
1858.8163160585557359563165784336778443
1859.6223543542624892996813759180849614
1860.2757316100900772969571664733306415
1860.9194109891090699669300259423267818
1862.6182672948444821820446134899151637
1863.2824548278218129975883773910837707
1863.8274170167892733698368811641174025
1864.9300653168904269804216272001367891
1865.5586284638712545052941363081908991
1866.4668971393885555070677836280247475
1867.7469623928999156724183419954350384
1868.4967591548248572294827821073551377
1869.3173403224885241077316377035696416
1870.2379189619123787405317902638523226
1871.0041813600776865265939387462316382
1871.8820594712223648944715628982511628
1872.7633163224361787703116766529892026
1873.6704446601447158067103282604010703
1875.1075258741051261559966546468704986
1875.5622666961593474743870974660250198
1876.1888052422467161149772856751539879
1877.0248151004936470781138838531849213
1878.1158920744692002758859639193045260
1879.4669506219794236774506344135215958
1879.7834481798519762136644151135469979
1880.8540618410680341970980523929048355
1881.8800965273449827459798586648967583
1882.4444610875709674895792400383867499
1883.4284246095332258977354910466047541
1884.1854002055961898933578613719948562
1885.4817210609234905877666791413750580
1886.3226719739011866961150961245306133
1887.0487756393881557853706229118889355
1887.9199856448520214263909158295583833
1888.6053590222940803195468454133436379
1889.4719127266595312974398249124627593
1890.8143998006215244938865841599088422
1891.7877531052245465213004543068383353
1892.2579392714870295559977797378780336
1892.9805094067760561185334739987106531
1894.3799475464597326604169085803719044
1894.8456479845677093332512032981946146
1895.6566364887972624936639727860853440
1897.0344893426524889914562433438796724
1897.7023512115718701761929640783759119
1898.8017556229314435937459557603549039
1899.4530671958504577584545484995860281
1899.7780310179709982804454846190240844
1901.2722047132624899195193668199801655
1902.3246382287278951408228779841740248
1902.9408266411027871696556724795748278
1904.1045543138885997757362776659084887
1904.5489860286155325224083076558569807
1905.5881051617518449806880128011754665
1906.3229427215342571397778695530923833
1907.6814299514841017685217467229602453
1908.0587429580250849847632768212788549
1909.4633189209176861957217913225906627
1910.0569732511786041446114003003340150
1910.9715341504640715781355497861669700
1911.6203883265554717970852983928914797
1912.3851888014161265652781216051067672
1914.0226866326572406339778865716086331
1914.6119872190091725432928438845932162
1915.3604623876344176975410752079276361
1915.9703549176963151453311464502505641
1917.2768486794928204404562583318715692
1917.8451188435424185371197960539310552
1918.8732320493465394769569827655047920
1919.8321201643463065724072783659679632
1920.9288556065716950763327536766342143
1921.5379322193329738324944794778761902
1922.3233913686143541248765400444962094
1923.2304793536472505569903355098395060
1923.9736700222923008254988862712242648
1925.2518802161786865834694512864675103
1926.3680283634811400990406958970238831
1926.6886524217157375470425693762130323
1927.7254596618144392336810416430398646
1928.3931228964667881711548487080477715
1929.3956741275518227162951620730624089
1930.6948356701407533332728056631236454
1931.1813335024682416150470696347805703
1932.0735726466995870402081622160526583
1933.3494394938678064303517079049586486
1933.9854630150678501035663671299585054
1934.3435615565774539701786802327241570
1935.5475981974854147203333266988627739
1936.8566709631710189135001075568611812
1937.6503254835850706219634059031164293
1938.2471984549451468750435003029980402
1939.3439116390623635894164911204711372
1939.6657726563253537529381939462936680
1941.2005239794890113001939528202332270
1941.6551803413513165020275934088749140
1942.9920662676458102007925848558908959
1943.7842967713223404342976489720054530
1944.2874892387281757604372140744527641
1945.4766930211719098384370448607088404
1946.2882609418290107073938852835326547
1946.7910031958919041163710046894390653
1948.1919888123344765002229483508322355
1949.2018666924096983971682033269901150
1949.9742102510471671298883491642165688
1950.4705122607671260334467662184794030
1951.2759029256044164286558360090952505
1952.4629626612822622028809230573868470
1953.4768281522144232377101714263949881
1954.3500559408984671600751180474749315
1954.9543317083829044963397722656433835
1956.1425237254801215469158591768603510
1956.8914306960192868125412959804675337
1957.4667368951936744337025472874934350
1958.4675295850876309922816863322028632
1959.7616699872816596728209629156788060
1960.4395537538295817636643102921363877
1961.4630002531715409126484679638792297
1961.9499522796678145573787349602599783
1963.0876011435286865006257225174456094
1963.4487287284212660702782450802988056
1965.1469540725022387638982944391041775
1965.8708615429837741471464548459958404
1966.3513239232952644569622273910668204
1967.5122216873960851225778158706829183
1968.2160008813189469896590423669694279
1969.1859439816181699008163294083229112
1969.9581515026885845875294127501213685
1970.8575192051726106104991376879377405
1972.2433010155957582790869438970551376
1972.8485842407492815170166246490517307
1973.4402663755006189814399714578073835
1974.1299031977983569924479437993203717
1975.4157572961496214567254549839687630
1976.2453357104335915764981804497625429
1977.3485449635117405981411692889872265
1978.0689038719782282736519962391330891
1978.7390586393445932594893890864544165
1979.7723661991477762072874448008463768
1980.5110354324075669923415853942686775
1981.4320171924011001733766262121153840
1982.5318170182089620175822199701289438
1983.3457947671440569278587860436146120
1984.2614959577144674567927607212825235
1985.1033959615899084020908353100981223
1985.9071444025865128025130939487701574
1986.2284963638178243071014674726553313
1988.0932761266089661875302953038473572
1988.6903541458563227540633333832658311
1989.4320044823399099208159753197785844
1990.1728878101987489905007288938192091
1991.1612078717206983082834753154232817
1992.1275040158091604056168076744767741
1992.7504758239905243949042697244942020
1993.8973605373899039042722681405758806
1994.9247863274241872706671959686055344
1995.6678099333730641401976490315318630
1996.4269936710834381910003934094043686
1997.2534718665696639789769486582780885
1997.9111306847932471367801958941112306
1999.3660208449570792382418858774388862
1999.9932760393346434822840297698368541
2001.1754539953028947984770089151376973
2001.6721393178582350419977638228370869
2002.2924291128794934139929172806116649
2003.4959067665858928180443137700531770
2004.4403776847866325756829049943769988
2005.3539577917747405320860091715072965
2006.0022494252847218923207052425287471
2007.4293346940772752062954869268439179
2007.7573338740063409914654082745566698
2008.6356592693287691820109467653032058
2009.3764748986343037931843784041492727
2010.5378880491087465756974263842111783
2011.9542857917761242437732713279351375
2012.2808832404495356059133968259029479
2012.8129752648533918065897599357416467
2014.2199423024967242201248382498329372
2014.6810442601338484118301124814857864
2015.6954885483915204447376776322021369
2016.9416079685016956966023219188226196
2017.5918017440710781620343444480713433
2018.3588194421309391667461669505435242
2019.4666889865047004476011189392033569
2020.0552261433276437280649880172745510
2020.8557955657384839702738905932920081
2021.8512043777111446824810441287207943
2023.1732215601233581638827855957802989
2023.7786663971303427010218038187999596
2024.7188378096112940468568597302305680
2025.0743166401059794943636434940312445
2026.1263172746568653025962432050354385
2027.5331130132941049766078330290967477
2027.9688859144188094525051671484112582
2029.0134870688223167495492598266572738
2029.8769563595878225808145575816043686
2030.8940786665437937394249240535941974
2031.4025211059039308328960889230603472
2032.2106271816898779489355875523119197
2033.3667293512423956067155037869741809
2034.5277276756801447148731134215572422
2035.0632656992078529084336982539472326
2036.2314170421137289583687397183493884
2036.5400909302048451756745850842305639
2037.5365023556537096484676633514610692
2038.5545548652557399084101941677143599
2039.8163698387796716828208238448817066
2040.3127164390823933194577654713796674
2041.3333915903015093670222216994706284
2041.8860263301590278069478025721365667
2043.1403391968636876593086471366587027
2043.8555250469049727609363999131747589
2044.3093947784832295709332084296393780
2046.0621662896622315243208838404628118
2046.5793981967786355771343555459628312
2047.3916084701214335466108983845882215
2048.0703575526946099996574750728078279
2048.8905288118391790787519841454059424
2049.9787576324981215977275770069184148
2051.1489469972514576043704302831421238
2051.7432179481482052190843689922649347
2052.6133142371835114276600103858067525
2053.5241221589257177691189981895098099
2054.3962209393525734977501084910384815
2054.9067385611932826001989543244417811
2056.3656371923542171125785209800174967
2056.8974623565941458917435568528766641
2057.9853001054514658411175259952813426
2059.1495084706210250954250321053951031
2059.3787642597872245323127381899288770
2060.1551258032963027603071223699183426
2061.2796631372367340824655519023495390
2062.5287251665917060850067005614392932
2063.4036967141532686932413919963553377
2063.8152291257293866109670080600712436
2064.7257368019365991661474881289595363
2066.0035749297059370259749334986893651
2066.3152076257128263070024117953032374
2067.4952749575819804449147480496742571
2068.3416391019062488403792577138786850
2069.7098081652280602791929938748175629
2070.0206314961922015544557178561238394
2070.8510548818707479116379473431984192
2071.7935456078917415135955943700145299
2072.5260772989744251674637141771971801
2073.8005109976139793681144557681330720
2074.6766213445626237587587300661983410
2075.5331089694901425823849485012348246
2076.0786013022341603531790536462433623
2076.8979893767758442032239297154344135
2078.1238939896858852634687896901752707
2078.7303071964749775948686106453676630
2079.8918366655875321686875189959842737
2080.5834512388697745272286240867692185
2081.6960167886969128118603667021177930
2082.3707171364619792937881578512496855
2083.2484882881571096853526700094043189
2083.5209220938961675849803559871201766
2085.4903853093961798316494115690264335
2085.9214886110085109444356181221334746
2086.6558651849232380833152684024995168
2087.6206944891802223614989298163874679
2088.4115662540014585466820019529591111
2089.1627211103735756001826509110750444
2090.2941017058606414930467067914018567
2091.1707839258446235243102749091161142
2092.0313420330206357040312264014333541
2093.0028406869265051214738480315545077
2093.6309258743965011538344164348079614
2094.5244377296827061615764967276286964
2095.3022375538385500035551581104759960
2096.2279306884327947545352595556684954
2097.5781334494515668699265415602538729
2098.3090575682963428522682456334941493
2098.8287720357143500232126654434879456
2099.5256125751032259460460576988968087
2100.6651401724519853965847462460978589
2101.7319283149677685184208843900433089
2102.3861688368809053425320137825598066
2103.4497118693411920842883950946414836
2104.1842075059697741167884599724050744
2105.2594912413164280470509188704088755
2105.8258379351590546216032400236051876
2106.4323037391422853743206003044423257
2107.8310679751757833938897525596182374
2108.6749057795875344372986159166909295
2109.7569359721749463962956931148642773
2110.1015099778062400736646559080408454
2111.1152205718791957121158808538889833
2111.8928835029303435728401308363168380
2112.7728968625619709738867120698452163
2114.1283201940232866279617846079240517
2114.8866559367301865859476663323232152
2115.1677807505458405234873404488149090
2116.6412444948352020181723969402033184
2117.2150222050071402320494441960404769
2117.9848251398266755513456054896401534
2118.8178912588461872504642441843819551
2120.1856464014207849199531718505919329
2120.9524121146439745187504855261147704
2121.7080623902084443651876335356297375
2122.3451341756684350450828515664444253
2123.0546124361936537625103689021306827
2124.3783320201587162179234837685442777
2125.3000478936969183432673132059331479
2125.9047021237345893367701309373952274
2127.0334491362191947219580712414254299
2127.8915870839901363086291631324736022
2128.2175384053831376044939784651377796
2129.6870739839776197673013703527327131
2130.0563676275704827636824810381072361
2131.3439525276981369438676235526277659
2132.3666362152677390122390685444144312
2132.9155858204939735758007132984052874
2134.0837192368180185999177659859081779
2134.2237669569131766787263888341557180
2135.3915567214500483705025307421360814
2136.7412317477162307005660670680535426
2137.6318381345709569642933788144707157
2137.9711611445175258198739978112158693
2138.9491869534170093731210939364031491
2140.1024740701700981932754953867424765
2140.6914610084765140223539099908310757
2141.4258327432605771346839384380187535
2142.6885418325590598730273466206442643
2143.5982483603850437097941064765824674
2144.5424734775711270199606797168153282
2144.8546771205128734209325585440403591
2146.0495663499662170645326792756405292
2146.5561157059133247882478905470794507
2147.9691438391001799672087334120210737
2148.7546449370436318109948139070713898
2149.7527791409255129248732894240192720
2150.1447020856986520072516794458196063
2151.2084983346172773088020995714523119
2151.9906265199273038962894758255155517
2152.9930719868191726422801551514840618
2153.9975837187967605845695630627963315
2154.5784666319650308022096701649366339
2155.9100006612950651853473692619343912
2156.6963576828145861157538915456107049
2156.9325124934097781998405671534357424
2157.8701649691506241860049908701518667
2159.3151850294540914492170746898695702
2160.0747955498914398825283361685241202
2160.9650900226161117285422457431678350
2161.6244814966612353154732311558586897
2162.3217545989536402182424585000606458
2163.6728825516161135173418946554014936
2163.9438270507899125648421716555656353
2165.2375287502927666049304638217347779
2166.2461601516988060467314762594013397
2166.8966375252788424180035389154036745
2167.7916325242601064054220743607587862
2168.5692951127868987367996702402723424
2169.4484152156341693913253591251546334
2170.0385846857907953696662647970963520
2171.6795139049907783919719595844666719
2172.3365072982937335292986333958704430
2172.7759381535744306767283184226619930
2173.8235539728479546277090030789873885
2174.4710771214529130768710468214406592
2175.6394791491685714338541232254725845
2176.7112033368581484669395841412456420
2177.0605497098992859148091992141915292
2178.4714250252921280719879331605733699
2179.0572591275051952577325082586288928
2180.0242383372562055687540225031642182
2180.4133016550806474220846518101329425
2181.5310790968915754317607916617342994
2182.9548361907649997404645697979952390
2183.3483247404445359338700318238137955
2184.3662408956987563863243893291070033
2185.1146767046854744300904984409573677
2185.8079831435391858144047738051552824
2186.6777873223533160538216460795789705
2188.0552374683271749287085709785653379
2188.5702689053201751869085978559912197
2189.5831870233049068383378382992967339
2190.2375356084717235821922617982413744
2191.4412332784746337139632126309200025
2191.8381408131302605086558275252225939
2192.7702693503335516121042700814399219
2193.7874969237325172347729270546766823
2195.1075059246469601790461397257576423
2195.7377056892400159575233391493805188
2196.1762949239394964461709013374465826
2196.9776498393406186513415628553055829
2198.3299338517377147327152203544189167
2198.8658061501670211839804616946644033
2200.1103267460482017011681020465264661
2200.8142069004058102041279624055663173
2201.5802757714706797210687150245550578
2202.5311057537553127332204225280113667
2203.3072863628577115910102385777371128
2203.9665586460017934528026607777698522
2205.1651841379397930491266388620945051
2206.2164620369700849835748958599280395
2206.7638514667650814820893880977298930
2208.0312320470378300966685086696145689
2208.3174557481881414354019938519331453
2208.9881917716434863687727693874187872
2210.4511998826848027708199731827071765
2211.4332595331017201686197863537171936
2212.0887312223080993186251454590824903
2212.6658083157006539719415678347203616
2213.9544646959419456711223819315815665
2214.5249070838072382763431183699191174
2215.3584303969468507969834430051058824
2216.2188677928582163628861720304178768
2217.4553675326231083892228957482657827
2218.3012466231267254623532352815454471
2219.0302442784103316761736049435572341
2219.5583701803758204182876723390739714
2220.5897209118762275460679962344778262
2221.4275443159608774598753851440111454
2222.6632541878929744871949111189648893
2223.3902237413778006844925472946443636
2224.2148481433002897683994218698925680
2224.9667379665463357062712703453297980
2225.6870821741270648698638321415213420
2226.7876548054192140748732652119798427
2227.6772868958630384709699915357875165
2228.3049113441500432689210788798934137
2229.6670514130640305781524622943844253
2230.4296806097556561349693694983117654
2230.8176140298080115845174200344186221
2231.9939236067565391559044346569166171
2232.3308601720769338442737752841073795
2234.1388802699383799753126981693047847
2234.6244458248676887283902437131513871
2235.3638505487435326634552702568262443
2236.1582909454355300335188964487098791
2237.1856073939390743071252870026214923
2237.9958216875230425422926554607128123
2238.5692898996616226669933702214245052
2240.1732397373398418962728004878911005
2240.4478140126144534520215069605102645
2241.5432736490139709361540814444759303
2242.4675703513441441387908598678816678
2243.0536686083344431429569755855212962
2243.7190324625676557477376951151852008
2245.0376480645736946794394893002171226
2245.9651992450894952720161151811861374
2246.9244265724011910443841908691993753
2247.4652576444289227433349294214578493
2248.0485759138493024791571650977912004
2249.2473657464634018719388558973728274
2250.2320768043021480656387470041983985
2250.8860513091589890840235158405058822
2251.8795619686601371066315795360158070
2252.8953969576442420686176845727348331
2253.7002141218750397554372840653577252
2254.2833375070333808243290174823559226
2254.9779903959373943513728821393638616
2256.1828514234496551514070698194495060
2257.2877210711311203823587945113941611
2258.0034119818133152575240540728107671
2258.7663817767983562628805689952452626
2259.5339397049200814173779432934977133
2260.3186878444256417262738587960731299
2261.2670849981385188020179998783600870
2262.3450111403791420634582465979483549
2263.2133381780104833136347442348828766
2263.9333974003888932713834979130354626
2264.7761160955507078497171740125306926
2265.7598927432378179085755521856799420
2266.5682342198537827732811579014610044
2266.9058009044575993044843915829976669
2268.4731608812813856071933486170736831
2269.6103372634599264356193143710046237
2269.8834719086291521308301316054942076
2270.5951174059505240406656303634981680
2271.7093287746770243044752815661988562
2272.3827042233943073878958550743870207
2273.5974552522224489307496834058612524
2274.4926362385979954999316149863195330
2274.9645302525569310982648101570982031
2276.4477491900439916679866050101051084
2276.6913286513520244576131660484337768
2277.5132762161344575850931993720467700
2278.5950310641699995712890110831098879
2279.4863385582760651120334477734079551
2280.4748050389084494560790099890428555
2281.4684459859752994649475987924544949
2282.0570608706492283634937506328895087
2282.7694088465393400181787819851617287
2283.4553719979749863352181190447334846
2284.8961396600828268516531456630414608
2285.6035895151439849730080966342608391
2286.5531941042962633442401066333464564
2287.0706867697517773723153943439653328
2288.1455237614673503862245665496024294
2289.1330778922566705900286849870737257
2289.5532327372957151916110206099609189
2290.4900391043600036299023715670624416
2292.0879347093092383097420962874333804
2292.3606534253180056089861871795216925
2293.3290281234426562072026667878876225
2294.0600865475475847682400497837132971
2294.7225776999880614285185079451681399
2295.9637690300933093973206225447356631
2296.7043878941913090133945843170168356
2298.0699929066520166855363403373623513
2298.2712296267918626286663803318522836
2299.1817034442960049453555747052107779
2300.2434693068326442571138069449248899
2300.9200858189245755177513093373814282
2301.8434832759756521819388084629155914
2302.8323086629739240918154533325531670
2303.7407516928516844619848214583810193
2304.7240544636287242357773915577307834
2305.3792950638675801970935903456219160
2305.8888686195294015710495751563561284
2306.7831017779877013697681369355996182
2308.4591294256391711665668657511355302
2308.7957032050265602578766634894345279
2309.5381415830953405078067022935871518
2310.6089766847913218516229836882490309
2311.3553828291140856114163874742668118
2312.0985931086619623060489883252234739
2313.0412390796256737471852702232799822
2314.0439093584632188841596840150525949
2314.8982204288759575001425369871879248
2316.0182024773078222271242214469237151
2316.3816664238951783047666275937490732
2317.2679072619082205136746872677876825
2318.2271228817347422063750511390207583
2318.8989021131765246519836417592884280
2320.5274489234036860362719280547912794
2320.8304239833884468274983536804134853
2321.8467159882933938310466929637277903
2322.1361009210085694961661722829513848
2323.6874749432744277832146203439912578
2324.0606484536063793368932598462730616
2325.2889719626440886201152215263339859
2325.9290621077002274468883827846531639
2327.1621870505933747710698775950604125
2327.7892626657236400949924561002288593
2328.6053189773039437298565414809556840
2329.0837147469741871923071681532069412
2330.2496671192026097012595602721641476
2331.5118361219893114473221741450625303
2332.1664808035987467923419060691949444
2332.8258925550669760196190770557059899
2333.8136444228009309113311804364627659
2334.4801105339564511319920847406788956
2335.3020565841167759322706581775141479
2336.5114244017661025377441756779629309
2337.2802498802243181518000729686079017
2338.1342432161292095598550342973363051
2338.8685863605186735378698997453819763
2339.9726530360328564931973058075751004
2340.6939401094605714419901066294997994
2340.9307601537233346801455032125697452
2342.6148438456958309000898838391642581
2343.4272462244205692021766278803137341
2344.2075546373183101869106149893048520
2345.0688223328828728975748773663759699
2345.3121167305394051270508013969064001
2346.7233511116889832540114689898031439
2347.6618402381571033437654641315008946
2348.2412636566364651359453455943423726
2349.4307347801506971969631566151576722
2350.2243062139307284369860032570206833
2350.9154762392598120872390797618263841
2351.7094270715897632733564287941129992
2352.5649512498560597970220216137599648
2353.4488547578179391356449007915869337
2354.5947348250016403267487166016120446
2355.5255248076557167881151490035954717
2356.0959449411675143209559724849063432
2356.8249939536963244752425902443786922
2357.6942846226428824989669134133049243
2358.5221689237670783316380433012691078
2359.9676597085870069242644487297524674
2360.5014340474169470296744317569912918
2360.9870673499807219116277595506076612
2362.3511781157236345775304350736712219
2363.0292319992020844667428750110567152
2363.6441988447419989970373154671583562
2364.4729957986522086750831518668365516
2365.7469619059700190350676514616201213
2366.8401632334254279994564638137161734
2367.1484667699875549924666554293966799
2368.1031939058138524560857879859809076
2368.8100767197800103845849013937796744
2369.7364654580865865761834893320141494
2370.8364607538597450479669112763470240
2371.6941678667577370373065369849894689
2372.6496001498755446005307172622402162
2373.0738247525816428185943244414796402
2374.3574813618328095496786118869469609
2374.6827680287161424861506771850528674
2375.9524175701353996181967576353132621
2376.6217827195827913046317450182232206
2377.6505574708981062154317682615600760
2378.8761030058797166547723744435292674
2379.2192327806985055908726453921233806
2379.9891036206132270973689495581352218
2380.6399346011064626207151143170902335
2382.0879282002293966752423375592527007
2382.8862960656711113315652555781427047
2383.6559439569484215189031516020618906
2384.4195761229484518916649764600866525
2385.2379502420796189072501669573188905
2386.2193115508816916657840296870565895
2386.9130718231186832594296401992143469
2387.6687734392903622189350493565998206
2389.0573088106785958429645851308765173
2389.7798922009986221307673424642063683
2390.2636235168810886280802326726847248
2391.4830572729543090356925187300218700
2391.9723446061976457695512314112869877
2392.6751298889006320119714910821418768
2394.2120858628805489235428867986519647
2394.9629197184113082636813499672394171
2395.5089938608260487659763633159262092
2396.4812229778894841038090438388193301
2397.0433011691519205118477907416292191
2398.4056547792166857631858753003175641
2398.7669213170829995757651340891338331
2400.0064111989725501425571250108963162
2400.6985673457177212891098323751829721
2401.9550263804825904750721000304659652
2402.5639812101989282383494253933247608
2402.8495631088754967435488889732950124
2403.9863464323024647068397334220955561
2405.1826207782730079227812790556632119
2406.0437353373243440576058418074397135
2406.8772676437960593390439420932824165
2407.4872520826774267905548124223088950
2408.4401121205769409568539335418199924
2409.1614578656541853251572279391648964
2410.0398666474042303563100357187729113
2411.3275062359928814079445626177662215
2411.7372176668764275723863933306659126
2412.8358299414948907715094518874609083
2413.7679065816539694094668551643007012
2414.2742700941408622130137392566612179
2415.2499299745442921391277554403864530
2415.8290003500216907424165037280114804
2417.2832837965646369540879087778529613
2418.2433042426049010393961596812537913
2418.7632834918800823278172785370759108
2419.1553345371311902913534063120090936
2420.4977451305812144290759378909203772
2421.2538944458466440749352322258353613
2422.1045121001513582167587247231855486
2423.0950769824267902504210991621510743
2423.9961541936776710213387984021835842
2424.7493135735169169499368888319663658
2425.5663448504711249560078674141716771
2426.4206289532840844254369216951563406
2426.8805925901511596996764424436249853
2428.4379202672170569873980187539989791
2429.0217192558274305058681678923506150
2430.0189571143661843024155934847353640
2430.7491464519962285765083242152772041
2431.4435986128746189855666626096070059
2432.0474592960673726690461558252347783
2433.4915682148266852278530990967431263
2434.3437918158342121331708150353100100
2434.8233328522201696317963640671614306
2435.8952883380580820350076369924954363
2436.8714552060175128517501011314698610
2437.3970676866006223019745257552736502
2438.3270972937129182508737666558163105
2438.9630310810062644184545565795768797
2440.5719032319137716515563076071443190
2441.0617332321810161063432712137560570
2441.7982767095371072896393592866641676
2442.5675520213009645715010993732853271
2443.3379216742395193510383125851896299
2444.3928194343802640284510015739084946
2445.3054933605782960764598613633009434
2446.2029237246971353250910293366739276
2447.2099199186349234076919798696140720
2447.5643280427855101637331419598089185
2448.7015983842620059937101303733887783
2449.4341713268946839497153125663285665
2450.2862290213339078892131746504620968
2451.1458887137063453151285463748474259
2452.3968288286325896570641280967231107
2453.0477207647994346019415790020994944
2453.9142019662418436194951467547185023
2454.2424224358576628779957559661281031
2455.3340771054841952939072367688188613
2456.4575687889676602452861675143689647
2457.5528785319743254823260961491156609
2458.0139959983455566277310716143326411
2458.7056135831077515970520924051630542
2460.0197231916542058495812852537766274
2460.7573800486671481592443986368189396
2460.8890054149529760735419776676903905
2462.6223651317003295587950427291094972
2463.1238528494090590572810858999228087
2464.3122596066068881980961567249986687
2464.8579280140364749814972781119739552
2465.7590481639937903268147075490309679
2466.2944806752754380104640503752737086
2467.3508227276943357718412811414706784
2468.5615891576225183885234103091178097
2469.3006365588511852383965777574538090
2470.1011135329290389620450310592376569
2470.7188110912908862712322325851975339
2471.5643013691057123645815552417393435
2472.7837038828076880964530361518077184
2473.2549824941412752381005084152919927
2474.1664700334342467741487587086108126
2475.5355741134941251486116049617619323
2476.0017294574930035943047743868701648
2476.9414028837822089147950203349488068
2477.3532065013311810956487150065052194
2478.3672534188061643550732854153791510
2479.5312498933747134395492799909854399
2480.7197567033712848116232801293844077
2480.8381605358155452667623924749031448
2482.1064717256961855922472492193574178
2482.6510133603668713148457918492212413
2483.6037246226895761130585374922487377
2484.4297415958814875386341633241605737
2485.4491052668420906262162384429465588
2486.3840875743539128901303339260443233
2487.0696007518306987195390511728174824
2488.0271124240259134423943052729654945
2488.8536626601355365023034002421420509
2489.3916555044542877454781193444682588
2490.1770978558792547465694687344737241
2491.8854691045473749562678079253068821
2492.2758108600927624304068450561387786
2492.9547621478147707231630102218646711
2493.7860838804976672260411589953981568
2494.6943277689746677376042991615755527
2495.5545603114966498367531995886595994
2496.5154910336481744583723545114620781
2497.3088881106844270772658561158866947
2498.2312979659061950497963312177751761
2499.3794492506156382742742750834934111
2499.6519787691247831744694079747953507
2500.5464100295265845117310579704477073
2501.3796902680625841984292343301565155
2502.6748867758348485533466855252457324
2503.1979088929325967166747736850126044
2504.6509687892495956599729483477111329
2504.8473378062555371888405298789959119
2505.4387988052734713579569208814947820
2506.7223347811423606812697604532681740
2507.4488765205311793679458680773007768
2508.6398128784464748254965605082741889
2509.2357668791980806875776513747607580
2510.0360575586301421724474098853137841
2511.0728574263792219807477577240433337
2512.0494830720026194635885972588853703
2512.1600283150780390109723929278607851
2513.3101279376308976497605422741002063
2514.7281538446968465951022242716932044
2515.4048039089353239473736132294004218
2516.0171663781329338487654435688707225
2516.6979294503597657642290171901124993
2517.7729689032869421091084032895595185
2518.4251233552402766780450782928745144
2519.5584161173766945135143014946477086
2520.5033728894799026026075010852221383
2521.1365669995379469182157254933989935
2522.1089085725666570590620512622656180
2522.7602802907527757729751788177970691
2523.7001109110303353727181837436518205
2524.4218065205504222175852321614250752
2525.3368010171800508726050925794398935
2526.6291355701646150326725727225355395
2527.1606318815518648381738046633828096
2528.0373278477888202056667500855547952
2528.8129920932902938005767593098444543
2529.1253551494509499205624945449466420
2530.9251405435798125867642754488933991
2531.3940908461299914312090696917239359
2532.1966176758814037159341999797710911
2533.0788618294464228620892269969747807
2534.1196562355751132376155729696598426
2534.6073280021523059860493273720476904
2535.4869240007140951886591086928515834
2536.3954895429167079164408609937746539
2537.4638743763850390582986747929288075
2538.4708370301028165368838727590696064
2539.0720322192711426050194573850390161
2539.6626145784952418067422648053273003
2540.7483931630477612409985458108614119
2541.3095929551191178792476745475735305
2542.5311802351665099894347759107219045
2543.6756081119202568985790081377551243
2544.1322053312073789843727723852260751
2544.7462812868092304756036363501961565
2545.8269003845530166102661025312460600
2546.9295351724714653383670046165677759
2547.1462136578699269518041390217241052
2548.4259414691746562862177554728926133
2549.3709229208118425807641991947935394
2550.3313204590182918365982299287405596
2550.9528861265506538969886361696386211
2551.6498777243278795980177290878865819
2552.2322000616552190980465399858463832
2553.7042988796227753714769827939386732
2554.4768410514434190469343454387081055
2555.2353492742508143260941344359329140
2556.0540307791474686847702343449570879
2556.8385688968533004728907205888108601
2557.6959752999362218293381374332399271
2558.4092151330742154862575195030956396
2559.4463941737818752527803528517844874
2560.5757571300208079497519361429312961
2560.9439919960370067301566537752544588
2562.2693904676659782800616250309940363
2562.8491991377873704090040014739829156
2563.3798470888082684506922133389258165
2564.2943725747137685897604437931147749
2565.5438830754974002974987769693998626
2566.5753722933274623464834699292563917
2567.1451205140444764260460546220690143
2567.6617568792976932898090853111335095
2568.7554757987925229387474333541248438
2569.5386958875728288317720422410622926
2570.6812022435132099018831986978433909
2571.0255888696706809384866431302291119
2572.3843255911633896884794183526398998
2573.3815076293716345650646149481450796
2573.6379111273912850527629028715882262
2574.5737460509598626509465198649980595
2575.5703949386658337399668433980747272
2576.1277600096360850030913736778816364
2577.8349737200824522810019293082773656
2577.9766006843074605633226157309959244
2579.0393938641510032886769976395921025
2579.7070325853639950261170233888221874
2580.5240361395121142224165698373092842
2581.3502436647746574247659224818629320
2582.6170919970812109506814374216541365
2583.2546290635049341012835176321444494
2583.9096734683387173444807287908360324
2585.1525831986130647723163225236581470
2585.7576848247181873835246214770621242
2586.5801497552708646194975307745659469
2586.9390468041421855127958077335212244
2588.5844872960766201589245554506109388
2589.3627612253686985818939732104565743
2590.0186001459654158007838202911404931
2590.9113133718480394981947854964474763
2591.3331124732720765655681253433365536
2592.6691268672987865403683479314398406
2593.1922451967707352754150619183851210
2594.4356264998453934399362202745503783
2595.1030018004323899431973406426354615
2596.0411277914509735515955110231465114
2596.7363846702581740406589431084412547
2597.5787131006616014519104088028513531
2598.3443100223581192216607464475021057
2599.2056036148779218834377768496178097
2600.2498793892584899000025731580139249
2601.3173594513263488748470961549755771
2601.9911603181578158471752938347650514
2602.6184937867655997231147194081590323
2603.1354380971227370027754299385375844
2604.4834998641168363312615365680151547
2605.4195825719799173410989370650221863
2606.0775701373233238001413300446761886
2607.1355424138397702071624194451447108
2607.6067982188294304436238808749439374
2608.8796814964852575621376713549909659
2609.3990787966245599378525680115403229
2609.9453517172334826624560537018011630
2611.3071627734991864041213973426568830
2612.3730349202872030601296394276685297
2612.8817070850949441782629596720239545
2613.6214323615795730984351126723936870
2614.7971721216777584643940655993260435
2614.9507527412999616162141720898953652
2616.1982092396740520684883219478686986
2617.5241984270085580495272798692856155
2617.9800848062869826266435264697682140
2618.6788573812197557711867292938529102
2619.7088082933045365844995023936749110
2620.4727570020595879630272526205087404
2621.2042433136276243341002211852586494
2622.2640193379402021370749659050736027
2622.8528841042313781836293231914796990
2624.3265716066331860011642536742479654
2624.9355884985781668100500765046138458
2625.3031208210791722282054147879557848
2626.2127329676241610464764971546135888
2627.1335877730879116599368057709064070
2628.3545714465043070973436672483898295
2629.1092311006783928658435458273229210
2629.7391582402355220004536641669085394
2630.8151242292842004602299178623794080
2631.3700866069825919308491618218067112
2632.2611698225771935331911811487014410
2633.1439989612125574518599805270740514
2634.0147196075000459433168379182491619
2635.1309852986020194960796677296749066
2635.7223596628475687931310090311170568
2636.7508094102700873489507007402885213
2637.3881734026015836172996470464780438
2637.9683209690234587587049896388185399
2638.9602171264891784418821469231040888
2640.3193395431632347792631146120249787
2640.9880990461124574323925876387552634
2641.7563321510245762857680074703299788
2642.1062756744963116691508727584623935
2643.5340271503804825085735155540027470
2644.1621643834094606289097183640615320
2644.8197478017283040475837183106830511
2646.0067238384824609020469355973881338
2646.9721336920612669482830399043919646
2647.5373344503517864839545513213577452
2648.7167530718616143267893136423546988
2648.8867925847683119452423231554269790
2649.8520915809361001756893165126223438
2651.1874887739239870518027815961683391
2651.8984666437861686320093538845801729
2652.7753535220704705454153606614866487
2653.5604927467249226545475604624320881
2654.2680521416999647922749978283691900
2654.8837563100453888350506389358564370
2656.1706947834559075132294893730627580
2656.9896075554131228362039554367821304
2657.6279509516591912155852534268847851
2658.6898652428311836759142013349858375
2659.6341036657532999447803473874465551
2660.1446740400578679823742783783224755
2660.9722628564239943406088700311987543
2661.6324807757752009541790889983480381
2663.0989364765965441941063342061911014
2663.9046406182070264118807639459277224
2664.5357186812295317198970592316834245
2665.0795512621735399466319288697786126
2666.1202668849647962699038255353294419
2667.1189162563598561553314230417712953
2667.6135505839928781487079173577731665
2669.0656111496585808008512014560177572
2669.4438457104374355521389974334459110
2670.5446886300086260500250109455130729
2671.2645817363989717012944063783689523
2671.8973367120467356329995851965595401
2673.0022086783730553046498190376255705
2673.4671755896711927606178045405009108
2674.9284573751800810469314355578357382
2675.7270488719166860359336659992184494
2676.2761490330934820020822102393308865
2677.0138343700680053467133137084151506
2677.7935351436381492655653822295054600
2678.7846430632806034185413337565503913
2680.0097818641876455261865347311264493
2680.5211818624177164276923882714228428
2681.2254209593538797232126111771141595
2682.5449773502363099545333769013684691
2682.9754754063571658262283804096333141
2683.8221480390984779666341141434973476
2684.3910017275337140481383258450261403
2685.9428946299956098348411560461330820
2686.4732310766273651702924258055874584
2687.4336867519752551442744057528878922
2688.1262549034813797509906025047294538
2688.9006356291434410585533615544222578
2689.4722455349740642653976450950319213
2690.9379534193531397945152475369892680
2691.3920770282263183829363066319783284
2692.7328961907255676931395456020756285
2693.0866831066639940151530217441804528
2693.8316944102610611748894927551680044
2695.0678123840479574992673183314547330
2695.6408901335427646207392520790951274
2696.2959960476396357409542857172374921
2697.5254108453258672921359484795673729
2698.6235571452075112634410103744777174
2699.2248458040002931290521446035785885
2699.6850928370378527992894578502374941
2700.6215884892793120290127114482456121
2701.4749965272802231601902962557993325
2702.7538513751268622621876786965428881
2703.3458794335584056304889950656765981
2704.2301780377031119356895790629229756
2704.9265187805610080871980712926963199
2706.0419315899339936051645039920078452
2706.4198908475971926131934770729232742
2707.4187691987639535428833570477922383
2708.4467555653149156913461962883750477
2709.3528093324464954804962398366729082
2710.1566084919727925696066000007890399
2710.9774118185163655470651318050135675
2711.8314169332158043900795661216758748
2712.1855818926268719526872890030019975
2713.2806199355952819292148863558995973
2714.7075641532364562817145585270403782
2715.2798695469733946246346425860423455
2715.7697747278306758223890901281153593
2716.7384299463649648617308194232862982
2717.7487494296331482478392461399330868
2718.3268273928946485462688048092808262
2719.3187859504615658631897183651951915
2720.1286815782709100342235595800602288
2721.2058973557121158083354994041025821
2722.1296287334106228758839940970425548
2722.7211503979522398624709708013688748
2723.1113909415301144806442544487320780
2724.3887788525267519457976764155580123
2725.2149110617202395199033894193293961
2726.2010290219462807142849964518958404
2727.3375672222673766147961228537216657
2727.5096658391183624097262027724396360
2728.5032980785502141248704221069969450
2729.3341034280905670132618050288603575
2730.2756250933204288940901365060167384
2731.1868313029467360084106180837278806
2731.9566561539846127897496312886016763
2733.0090413558787379160133671415886266
2733.6136558570309447036360755301542427
2734.6944848273004313347326356887141158
2735.1644246611762372496244171176089440
2735.6864830764800932891998079880858605
2737.4895472563601063815325100041343820
2738.0532816951928615428700341879580702
2738.5482309295640037616673388099321602
2739.6143736243028584934446875067586867
2740.1799330492894479226874084444381257
2741.2919398596451628276542253015689368
2741.9274733007311265707651283517285971
2743.0063254916702101167677026777733756
2743.8859640613164852740839863221878377
2744.6924038129867434361447817407809040
2745.3834516870397193401040787908234569
2746.3880674986166815654687386800715234
2746.7900334554655401487735648207243428
2747.8850899799162946797861396164951536
2748.9868111109515326305251579761083040
2749.8573446773363490319995878510628713
2750.6036430977238471408164935240249320
2751.2675205552054382764228610301460520
2751.7702415037301444768760716701905697
2753.1274988624828245117745464042633616
2753.9053088064729216728049282837520193
2754.8655666134930534038114926734026976
2755.3214942446869859468585654404566143
2756.7507779007495236187684539791852237
2757.1706790202698466971310301921216739
2757.7984716898680129988377502516188513
2758.7844924305988604252076615971527335
2759.6636167945901633189717051867955425
2761.0258861034621252441311081665562087
2761.4356855572621457704739301190571509
2762.2301713973951816863225171994641093
2762.9142700757350910938363339261403893
2764.0118523167678411934854879565566747
2764.5073109150776394418122493388473820
2765.8283798329500498954943619043331128
2766.8442110313274776717524867928139047
2767.0479211074271005061236784569756566
2768.0812678684029158771759324228416237
2769.2487829510438833079287652875301136
2769.6107160170066892384667640569393047
2770.4178827344896867414123299068133345
2771.6188726459071508258776535828680620
2772.5678557720958850840514253812936898
2773.4568682843272478508148371560049223
2773.9199519614510381488836388647898219
2774.5854428008718584658858621694864031
2775.5529541988392641998994387319969284
2776.7480162352041921158716034311352390
2777.5708581044560878221491395165884996
2778.0759657276182265413714871809906724
2779.3337902279261108869319315444009820
2779.7776965928121022534432142031983547
2780.7744697201324043544679831961066028
2781.3314965731332515574095381795164942
2782.5002100704871476549464064121834465
2783.3099738732232604163121739531234376
2784.3688889562095836143989269107724213
2784.9500552143765446803675098669583410
2785.8541405892013413419148210207052718
2786.4207821942787660461631800243816208
2787.1492146754808682688536517391274220
2788.7393351625037642439270276644540075
2789.1388991508529585467458516880718337
2790.1413671155529029054784760901214962
2790.6752111391245310569944394813283582
2791.5872142080841567511412468098349233
2792.6573632885519674832675317159995160
2793.2423246325481148474608639524768662
2793.9192457926281221498925401466744377
2795.5372493416768863865350920186822391
2795.8587954762654663034653527359202781
2796.7010442941374295247754048168100216
2797.4711877684452737418513748118156774
2798.1368371471108380907790482212974325
2799.2020576424503158953212866038408056
2800.2016765420152185805204149497387024
2801.2305408802252652670850825325004014
2801.6328716031340047196974916054847605
2802.4770523267534365272584613719454605
2803.5909922640334328392328443065855831
2803.9031301674682033571659916836162289
2805.2037051084574303128353244969762529
2806.1290829558232068458095229807467115
2806.5831025213232978737397674931817312
2807.9343502481920034396038799210412430
2808.6062311438321122132816727547270754
2809.0624033279783122465943589565254975
2809.7440926807508095274234519813317630
2811.1170744268884313420855494688627818
2812.0593507228149143807290771150462331
2812.8845064657260267026236732380894308
2813.2711777155873334901208833943101194
2814.2644822001642792934019100980568173
2815.1717453428464391794298483824413407
2815.9435446288918881474061527359239625
2816.7632339093844821577282095235778220
2817.8614704694626554241005396830004990
2818.5858965510544196506593747669317415
2819.6949815824944312178430727449251411
2819.8228003498342294748590253099551836
2821.2302553526844156417848214919112896
2821.4474840970208664168673513008855796
2822.8039444449750724423443336860205396
2823.7961104387586962191715356150132047
2824.6144709247219630021568868796090467
2825.2013160106483212511634474691924690
2825.7342257443539557764564245167023782
2826.8821240967328307075604891094254765
2827.8379857333428715986776437466069984
2828.5826525744653695604230198209937514
2829.5018980313736193466412665498050283
2830.2537349696476278760258519397265481
2831.4134105423867654011020106806911052
2831.7360246202971082404298300398410803
2832.6552025282605217270603602025145539
2833.2869507914166391061567777189947763
2834.9018081342492561843114263239646060
2835.4714606169064804390380527541833183
2835.9145173547651677665042393172055668
2837.0849992175453505956715709942718779
2837.7407217727912477361142015895941810
2838.3015467251514832167853707586955124
2839.6713027764017986722541971880511810
2840.4417686475658506649861139190881059
2841.1617386451758806205388535982068816
2842.0129182388399250278783368546602414
2842.9100291679866497044213102674299591
2843.5533442000098383838327602288753311
2844.4669041493429904994246036813756386
2845.0998062928773968146616188959845197
2846.3914208276103641224333928996328630
2847.3151680482148455806446602681322107
2848.0460124693960239801212226368795134
2848.3442001641043703892374264007176873
2849.2614561452390706483375771352351037
2850.5682244449499900013266028013392396
2851.1418217319357772054281748961741022
2852.1755372113405488604420860770179999
2852.9528267795314752521225043379844190
2853.6787146207259162713719263881068378
2854.6655484135021461629685379122728463
2855.2641302570884813970891995190351246
2855.9572523110723771236655924498371922
2857.2592945478579084650220810947164840
2857.9407328387921374065043867973429392
2858.9273321025944276453636860409856887
2859.7824829611965775370928911665347827
2860.0636805158954774346828161048682817
2861.2078484472550768802992652711256037
2861.8207579133271181992384995101131965
2863.4843220261264386108504300407611548
2863.6929758269984906593184023301689800
2864.5253926043906668484425642989724531
2865.3120489058775920268789831508002598
2866.5205901207433316702203471750366949
2866.9458268206079417616707170485141742
2867.6921228640558183637801477257111833
2868.8624434911497308715276872612014106
2869.9334637962554481040305246512924063
2870.5064092597753924996757682148913380
2871.2800572764425109689768990237733727
2871.9877733559205425498859319544994709
2872.6623902217997828395772669346547340
2874.0043863544715687884043001991870508
2874.7514635279782078567825306574470513
2875.4832901892643856585403787317074161
2876.4965568309180889448621329833827958
2877.0354881100403385268482455323919520
2877.7772662307991208251576751982068734
2878.8437258199696347317961479561768110
2879.7622359365600420687444866252359504
2880.2997580696812078652408819678976165
2881.6755698058255142930467836508984515
2882.2091085231879486864795838693228251
2882.9860289522326903376841508738072382
2883.7048945296147910453304274419379545
2884.3148124784808314491151885303045643
2885.7051029653146314933734291474618563
2886.6830040550320268238366012030670705
2887.2742548475419042533139797628220210
2887.6760265905474586527823674136297419
2889.0029269581366955775903352106884679
2889.6133166948067045039251323532884168
2890.3756445406155957792912040334684943
2891.3461989584509674100573214626752317
2892.3647326270431361495223769031138422
2893.2330561783298048862353935122820246
2893.7608559829356998665213017419686147
2894.7700172924372554218261261761820759
2895.3499823041796130714997896990747377
2896.1337812949955110530886996441499822
2897.4093107824548786936310817954553810
2898.2756920198013376350661846186152887
2898.9489984728604394720177730730480831
2899.7469558269367161653508878436712717
2900.1820573000628034963447371176289216
2901.5255446362189049220432921018506873
2902.0927373437760393023428557818883371
2903.3019501397617069742526727415567356
2903.7312979827840025778965678567533189
2904.8378219287152835610167034302640259
2906.0042525576684405095790766769589857
2906.1311396955694009603640114564568048
2906.7699929029085764066683674838819690
2908.1450350981136900255054020322380777
2909.1641568409685706167927325158967023
2909.7623196636135625310624253224827022
2910.8023910362620811835408915433253702
2911.1749773649956205479592648630866556
2912.1060871363523652552566703142751930
2913.0801476301243033451510828877804290
2913.8358771410676379860601029527968298
2914.9873156085328454809090178279498327
2915.5941418247654718325166108169359965
2916.4524768589354417896359775977199141
2917.2243975614356845928807555365388778
2918.0938235848290439318709733270860400
2918.8635805004029391931324824647783298
2919.3999522198846317041275421827661329
2921.0767644847887947171278400559275997
2921.6895113956936394327808322990848246
2922.0128160384133424762372149936516399
2923.0374247655663271594561175996759598
2923.7325815013141922982096929140566565
2924.7214982325642897987087453998173381
2925.9378998334401175719663626591048036
2926.2414452737665961831506825979487859
2927.3770034733396613691763586503738106
2928.1737054495930568227765892551401111
2929.0425574128268776669665764750438202
2929.4942355584494613879394647270949229
2930.4516927004373539955775860012271364
2931.5414316299232679751868873560673768
2932.4556507376052574800985257515963754
2933.1948076984643984904656102894482659
2934.0255243005618064104124962706932215
2934.6964330682840723777969263019880305
2935.2893034011375583838100405373098241
2936.3915975937990583471199705023848600
2937.7578349662996506734801341346633510
2938.0103982428213319685275059209869778
2938.8438395351969894907464381736937009
2939.8672084578669329780762956434788574
2940.5850293703519943879762954528374459
2941.4794028680743386806940230364436074
2941.9736248193630960509971466569923073
2943.1821199423251357064604101142110368
2944.2285347281478295244356408262402204
2945.0198839517504157448047588842917821
2945.4896981440644089426416226389722178
2946.1375506875343643130343825383407055
2947.2601041552434998880185555633477781
2948.1520999221480273376341323207994285
2949.0076048823608291620061071220140054
2950.0294651900291226107322748041823199
2950.6411367446074496444655261802535107
2951.2488199634822824047158531253390998
2952.3183159049137026630382289827938361
2953.1214030646090768312339302885641664
2953.7080085606686094210921997865791438
2955.1472659033520509209217751802615292
2955.4799159579721166890875670343036838
2956.7198864491875260178882103166719079
2957.2982280658050401178786608231539800
2957.9655377104728796460556187362938550
2958.4980876409628201628524648798901568
2960.2240258690770092276396453386067968
2960.6318943338845469050449691112477520
2961.7605907767482348732433904021032333
2961.8646827256530898357509117894286734
2963.3108731536942469070713699761525251
2963.8850006909702344067752688911382247
2964.5348916847968596548117960013297003
2965.7500281175238267921277759854082955
2966.4060906915224691954163288242222317
2967.6626555184206732970960500335486689
2968.0522188329954444012024279210522128
2968.8075910520294908315891138573376078
2969.7524081183055122516505019030164872
2970.3418324293282009980107181479011018
2971.5820120233664398696582995441620676
2972.5349685551156463355310356959524427
2973.2678984179508157364919548826879629
2973.7662134559979526099073389952025073
2974.6976319027055002321354576407278245
2975.4365557346370953351131330874310699
2976.7349531877321106936519614580985731
2977.0774147641749530641629298922108761
2978.0831957549271249043265895373976937
2979.2866772726022571390998940961577775
2979.7887913088682634914428657598768488
2980.4856520641101629146117376531062049
2981.2219716306652924020349264593269861
2982.0781827891617736106551055488339776
2983.4648950324772090641665883860599545
2984.0623470178839833703691776182886643
2984.7694034415313155163203352007073294
2985.4621205340157249233673566507564895
2986.4290248354641930603915844750733328
2987.1896099620745966353309835625491557
2987.9316252822978644782819995379224201
2989.2056869704634249390995519748813572
2989.9091538425922723029181496832117625
2990.3538094414428776591212722098167903
2991.7725362593329902585814962497588668
2992.0977970167295234848853192669019488
2992.8439758328898833063580531193493603
2993.7338146177578283591164156870671583
2995.1241553094472507718473846301238703
2995.6805970647765175131821948428371155
2996.5118554331387378544341949455495387
2997.1842513594914593724837967316052371
2997.6970454353413772151692957877866689
2999.0567710659225677849927536559603809
2999.8295810502157237345845146550908693
3000.4772802784858078676212418042858396
3001.5219304963629896228849395989265003
3002.4330076926786238667031195919341581
3002.9638667109052183952630477735052049
3003.8910112953091580519656218326571416
3004.4168476833921850759381620222958633
3005.6436696007483960517626360092073213
3006.5479676286898632946497194513499916
3007.3827587817304356279385334408515242
3008.1411800191958676531962691522525025
3008.7976586471920943150066275418122236
3009.4534280169228799701660643087851549
3010.4891895197289237309111135269466135
3011.5308075974930121636688804757240907
3012.5058955049114496850009839001466673
3012.8701329266624517766212209872747537
3013.8560482908401029896288516615304025
3014.8006094153000200087769470364246015
3015.6061489081740724450491046416820676
3016.0168302520761591833852767696187488
3017.1263902594489393730481916281511738
3018.4291572226764641192899907789244994
3019.0903552140620222866366174480543376
3019.5159632826723909417246821421556170
3020.3107709777480599920513160178348384
3021.4319498577066310984920801776525357
3021.9103307985239270308970447088607468
3023.3617433823327093138681021044555298
3023.9166225565030082380958569869148200
3024.5414101635829812809835563858320054
3025.7781490798464596831808398081868078
3026.1399146000529740632421765497584631
3026.9987318587172733151536135827687276
3028.0544783813736274110649069345844386
3028.7879057831469754017291249071683152
3029.7742496464882830739039076089767443
3030.6832367172903780216519219180152199
3031.5686636515277075439817483333787568
3031.8560932974906820616602067390552634
3032.5889369900533683753548616679104938
3033.9924045758707740036243171803598159
3034.8701882533524341458236665881902020
3035.5012500400666301924726311050829365
3036.3242412331976682941686527435301408
3037.0210536601522294082553148683540368
3038.0218861298903175460053769143400251
3038.8609626379731450516488340433391916
3039.2662609105114696146802374575133369
3040.6512461024035589316555415654987906
3041.5019249157925657996045634382898724
3042.2090919987996723520802637025738198
3042.8130992059032003794652667492971600
3043.8450723007633735087247276499495645
3044.2532709758011836896385582293843452
3045.4697788534453449167583816049990894
3046.4997487846392995000616670323113457
3047.2542602963592606115010079178535280
3048.0880607363898023803890255820851742
3048.3459714759400129363113039527794810
3049.7155090135345796113739250773222239
3050.2859862852243366197350633080676325
3051.3103486290178211381851073411966000
3051.9971497267470885247256679666971162
3053.1134045244801020567607903459322601
3053.8870615441855468539073088610928310
3054.5447994687577801974038012715500709
3055.3643470894974730250895253435621561
3055.7214477024549157174783172095261581
3057.3799745464407294663081778175932688
3058.1628756480418959192043052780869100
3058.5487775063670242669164768540840368
3059.6511513962321525289749108939998527
3060.2612742470958728993937644089296154
3061.1873465937844823417933600374023658
3061.7986508446216398054251543451904810
3063.1466978299447353483539369967028180
3063.6144991263238125743909100718390630
3064.6034038787807737536780037201383835
3065.4742207570694687532503137573180983
3066.2493495198907943246106473043162819
3066.6956629295016757416102745320967393
3067.8181056451158122855964880452309671
3068.5041854054561793986205195552796054
3070.0596790621226900883348825607302379
3070.4435754998932682794969087037951212
3070.8808836902228532658089525337255540
3071.7863117660292567544285851742874307
3072.8595851527729418405566003776827234
3073.6486179580836926108459399093269949
3074.4404005753188753858756093947731953
3075.4253384963901142836731918675370492
3076.1443145764166973578986295861747418
3077.2911400873675353891210316712144696
3077.5046178190580639707384078184797935
3078.5006434702337410653456311370728231
3079.2358564929149631639775789374763820
3080.4554678116624341169479572596624803
3081.4148109507969179750065930829580382
3081.8189854199875663985354903743428806
3082.8637321284661804718860320464480125
3083.4890788045585666903548186144127360
3084.0834429687475914089699429248564850
3085.3890340501456626927902187994414908
3086.2318650076959407596866626671268607
3086.9709639885325726104817766849073749
3087.6488576415537997932071354750009584
3088.5900845578292023026743242454805060
3089.6680538562628872965746819693851088
3089.9056909323924264369711452103729807
3090.7048781665310238072366242042154110
3092.2969077727298939841298282683503318
3092.7260266310325529808607766191620971
3093.7236925990619891825752941924928701
3094.2769716710616135050919317664770612
3094.8840316837238661671776487254084174
3095.9742633764570882655461143800427583
3096.9752607892631301845021435315174411
3097.6802863210491042132063970847551420
3098.5915979625708341305334752388848443
3099.4569690181907931421906721489530651
3100.1305228224778967424395478806145495
3100.7681768231367724942179808295701175
3101.9455689469852908055576053012607190
3102.4064863660916287306864991699399578
3103.5396203063431215288218217659523005
3104.5434955525694025149607927430405053
3105.4070662502938058844696889858573075
3105.6743590982700368431713371711320500
3106.6646782604732632665678316861643912
3107.3448801394230451853081136912684017
3108.6132720943872194655084878769686536
3109.5845067641990615750331661162273673
3110.0649294836455724578903008964345854
3110.6690314074212838221779866709870397
3112.0409719480888640701090996524520060
3112.4884988846131676976609724010902134
3113.1364993412688683214973032627576773
3114.1425583056281977594267128874169163
3115.4505849250727809877724106472781681
3115.8036432239125398668607425022272555
3116.9908434194346895181399711995623857
3117.2999123851770357535812033091605079
3118.2408381142538178091331198938545361
3119.0173245853411220256680906653202698
3120.1198965927083477344229593069279864
3121.0850096227222067887430306244802742
3121.8843643372510029620151117284336385
3122.2501699499953275574880616406482598
3123.3275974321722077013813777207716844
3124.0987296149869244535787553432258710
3124.9099445719170838842553116311530717
3125.9627280613825425671401927699131096
3126.4345197397662395238984420651203058
3127.9109941310926895413009247118138520
3128.3042908213726244861630592443152072
3129.0760044175849400335481548191592307
3129.5941888843192697596349312639260424
3130.6311985701519794443627703182968601
3132.0995856835612543963641466505787616
3132.3057693267512247172768725373984165
3133.2954011156049301258781387780077082
3134.2277378244278077183422938733636693
3134.6200408587353925423814279757974508
3135.8253031977188120937634223317532992
3136.4120984972155068953135353349529408
3137.3906269491468937324237436298980977
3138.4222984610774678329600988018837937
3139.2004098889998271755287070701425896
3139.7005610614312581618412038654925755
3140.8482286790918891653701639541070640
3141.5013015117644613052792549299518557
3141.8272569464743019641417104634314908
3143.5793081514371857066533617229227868
3144.1649810209082363670603915568249028
3144.9515431816306886399135553093133667
3145.4067665723921252446345388507191727
3146.4019088138342566760825148196991709
3147.3014259822507432180494939235431263
3148.1197893691552456912799090982809705
3149.0207781125509327287596542884218667
3149.7847647873938422684520334519014386
3150.7670928912497499310790077086665524
3151.6556607425278400495755764841406990
3152.1221415019238745623592003843615705
3152.7083084030187314822671263116721459
3154.0316565828570445463476304876174571
3154.7760542820887282790643624969412513
3155.8883607055179488218532769454985067
3156.3579918876256813763930083874104054
3157.2382585549445954101523953775149327
3157.8784808421264158133767676031675585
3158.6832549272018248204347887930176035
3159.8371393826362996389506355004539675
3160.6886603942944744433044782443473644
3161.3304165836820221504238901758993788
3162.1615435368558527833671056364301373
3163.1653335259386293916005180837884009
3163.8709659284635696549324190370705198
3164.3441356250236404097225935293544425
3165.3349071955527852986561642694869850
3166.5008603596740898445248750175634363
3167.6034809880387595755256184962742963
3167.8611030958353582456055516678852903
3168.5740980143415209616064801435021326
3169.4273835980396743007422110627205843
3170.6542458189767649373050597912388593
3171.0161082035922595261441038084989736
3172.3188640776951153067976545099791739
3173.0095453219313358805797365728431084
3173.7087885553264840260570995815336292
3174.5936113020976253990218456231547284
3175.3389681682872394218869395012447539
3176.1012104877552741025172895646168701
3176.8762306599193611693344576795782976
3178.1675985631120370115134539405085586
3178.7301617586806292670290850992725498
3179.6869542680869298779426575517562300
3180.3562320074477846371911150358065518
3180.8666071821305775126001360107712027
3181.7393049969493614445300658459547789
3183.2634389794129699117677926507712269
3183.7628208919049481315929786350788456
3184.1950174653322186730738209002027603
3185.4883700045208713313007480060357128
3186.1442904964132873175961969901872856
3186.8174998895269253095147384274700079
3187.7012933339515732834729125643627857
3188.3984540396342771555205899415267557
3189.7246878894082689223047753335073973
3190.5079915917144821196925349764922970
3190.9043080861349354908776332896520940
3192.0185900060557079823154271982270805
3192.3765883556533182368627537726972964
3193.4878878713565162214152952704579443
3194.4372037908149751482546797290478158
3195.3896070420496750480427832703439368
3196.2159473069747356066834485781309608
3196.6942159508751909837638201838245863
3197.5157782425835628224730154765845125
3198.6735740463236713164398019411882549
3199.1021554891139927138799671778964293
3200.1530827500819069123268236263290235
3200.9347587779346700059844296598075406
3202.2624435495300892753971997422167554
3202.5358029447478651076367654913613793
3203.4452292227549977753239741268573570
3203.8655646026887128286269818407851621
3205.0420862121926166053848199723507231
3206.0984285186339942973011019471888227
3207.0083297656489354914674790534303688
3207.5043006870822028753054238929211927
3208.2425805089731731422730445823931230
3209.3491539828690635763686510583185861
3210.0214229937482430670597945885790855
3210.5037688414347060257847101202277695
3211.9922998928198922532080921783657454
3212.5017673225060351226802445923909377
3213.3579202272705247514374629515104462
3214.3435671912086939584125293378905172
3214.9578817647511082831920978322719742
3215.5806402508128837744482353596885791
3216.3530334108479358670646548680136635
3217.8122897938268752797786553826181976
3218.3662120251814970988540432076662577
3219.2305635499361748690304200151491800
3219.8836553611268362915422438049402764
3220.4424357118591966449660626262033191
3221.7208806061236794503313513103081075
3222.3771192572903594528925833268033095
3223.1240460892477100442958280587911341
3224.0960998406266027078768886641166179
3225.2111220835280183314447243682653314
3225.7062190779568851517726487879528025
3226.3085570310180525170048816366651809
3227.2083065225432787203723842684522444
3228.0198746567775170544907413066991981
3229.1840377775916345964480309842273972
3230.0282882228005259574530562963343170
3230.6986446623675417805637652496723415
3231.3162895793306370936070798700053370
3232.3870587565749219351169344702484932
3232.7396068639421118314997802745748628
3234.0748414916589235969457437196447359
3234.8564953225289463682283535876282389
3235.5767645185061702480887934441878057
3236.4583379933451247643733265202721122
3237.2791831284272882211667495487787812
3238.1110044877430257906432241093208175
3238.7678177931861417206026773550658038
3239.2607147155860208745354607477293205
3240.9208579788834786331593166345712054
3241.5569036659325326887324563835620579
3242.1991531401892595865899175349469894
3242.7312152732286336951722777542591693
3243.8844712858649065859820884684760673
3244.3879666642308188178962826798240958
3245.6248356209669492672181734594028134
3246.2185457058297066635389816296602560
3247.3222652524316883678365999714480335
3247.8608831645834891609426710606745872
3248.8724693643141317328041412110604244
3249.5527427865706438330870286598082009
3250.0664308652764862908591922223681210
3251.2877895280613905237204494873963702
3252.0696169618546452417078669132875676
3252.9768440856866277971873570067225580
3254.0767455593564268520228353635911437
3254.5289726530661979774890753692345323
3254.7476851273596414829994171224058783
3256.1899106326224107020605736327311383
3257.0452897585680974369291688631283257
3257.9339704618380275516380827193935975
3258.7666129583393213246230669160203981
3259.2320856310985726668014951451656975
3260.5775517914064692479469587458457837
3260.9031763884953949014662134411286383
3261.8633418331386882460242911265321231
3262.4123555303683406930071285060707912
3263.8892100928080602148684029169715472
3264.6379471418294185971701279055383493
3265.1034956800048734788747884238905084
3265.9889546064679479230587428611929551
3266.7529083957277709131668445722254354
3267.4875239363777145905714650100123386
3268.4877464526326618538696361028100536
3269.6575570253812645675610954316755014
3270.1424880979187698112697581646663905
3270.9021067216671089820769242742974029
3271.7698088033011739759363541541149352
3272.5379841832782165744714732050698523
3273.4605220206237621223138542690506038
3274.0553083533955190888286788850839763
3275.1259224114787656082223667750254835
3276.1812568680830629850778261802945961
3276.8168656434263767450577857156206726
3277.5518273991231277909441108407159323
3278.0660282731836808760082404564971470
3278.9200000215544384757896916138640100
3280.3222663048088500442451239672047024
3281.0127290067629195388488901010107575
3281.4922198380197889230830917293388625
3282.5410220502685420225161692272606314
3283.3505335977739928024092430838918126
3284.0209737871029238656442976537181129
3284.7037080009562879572532441262530892
3285.9528729209171122178479145069483272
3286.4648489359990664602430164996617788
3287.6611991622025221827527427712867572
3288.3837647571660615862013606260476629
3288.8243351144586325280860901320655430
3289.9393312358753325007189840892720610
3290.3221569543718473809343200877282560
3291.5219598114585782650766004028441714
3292.8658087444282320659136013725604358
3293.0410319376457148258990273005137412
3294.0488967990703965359373280392604505
3294.4143740769461115927674334278166455
3295.8538421755149776960067920232934878
3296.3710108609681991664912666789125753
3297.0172485433203994600712923505441032
3298.3134257941112980079077088530527393
3298.9778203091814602566092242994879258
3299.8396174118501293961959109243833337
3300.6431513834622337264119794149886929
3301.0522228200387530444078970550937763
3301.9315123852768950550578990981575048
3303.3249818404942386730664462147519097
3303.8462904637755103816418316548949680
3304.7836515322973811994551856039640475
3305.5280994995966558644509650492685213
3306.1347089799611962226967701227167343
3307.0179955588324510721427670830082931
3307.8401241152887888609053315345238811
3308.8778403872233264983515642820889623
3309.7641897078875468763921178031827346
3310.2141095189230992350090249556374407
3311.4721599803663042058065976099320005
3312.1021353263964868155086142149405545
3312.6841941351115948941450793007351474
3313.3420756775790732463194236834039874
3314.5851676832170757547916989740617999
3315.8110407062146494801928524418391956
3316.0859638627238787328570866156313298
3316.9184872173257662286562492955044795
3317.5897196498061227224236910368778614
3318.6117183396360969648889278208086198
3319.3416228966433451789986550208399201
3320.4585708058277374561971253875117746
3320.8633774567207591429120591954180451
3322.3842215448043996803681639507695523
3322.5455446990752382271323867932732643
3323.3832035356458618930937581646298394
3324.3705895703994582099013780689858497
3324.9938228443182587185097475093094565
3325.9120811421714954298811423625710892
3327.0992952521164276205997218888973270
3327.9612515484538382962960026784843405
3328.2383833566454805022229167331033128
3329.1880243626158379154965865536946613
3329.9070788588209479677071539358117228
3330.8354062306572795806496300368331795
3332.0388933977475172417474061928840006
3332.6281617134266237453829142751663014
3333.1799697135682407357178185989675805
3334.3324874426489410594658911442723012
3335.3531824289498012898969779658804188
3335.4615791957203218282547932877638498
3336.3526144018587632705116380107914503
3337.6000671410182256113933709820027586
3338.6541936425630013954487075976957840
3339.0810014329202370040788062953442306
3339.9636605034561093578147099118226365
3340.6959528801760361338052294448705180
3341.3118830153926409523346949061568929
3342.4270608220103474620162465842425606
3343.2731638929891876526499517225103255
3344.2678724219629062171719530350198729
3344.8379123771902980889570595025210394
3345.6613770593027412956922186589408591
3346.4248729770532927725549163808532473
3347.3310931888770421521249811947084925
3348.0421650409535817121012848463905696
3348.7915261535942554099140625481809133
3350.0798287075689177684248211946859265
3350.7073685877937344538541603194176247
3351.5883600020555326081122709855507414
3352.1027736506232945758565887254579555
3352.5585109274254020632625171231866918
3354.2005435760964210178527206828954879
3354.6119126955804101752734616661611626
3355.7167659004770210972478451648374693
3356.2953223505852366385453239292743776
3357.1498550527647194421158009351566604
3357.9356457931008284884150938341431382
3358.9472765300341638875491223397872647
3359.1774733223038957833417251689040845
3360.5900153782916370154207647447341083
3361.3905360096858573264887268959844964
3362.1949212316007463146708710187407159
3362.8876587167359300269073548043419071
3363.6340721340042034573921965959141795
3364.5259325313750160633487362282532244
3364.9100269883294511624415724732225066
3366.5955677448081346556605022715464291
3367.2036389386869670032503234497617019
3367.6529001369599004133747563840720129
3368.4866164938883202327685041902750287
3369.6062137120318286364895779587238180
3370.0450776965493732060207455564966444
3371.1012447859729529688215247035953489
3371.8498628997265161469332528908822183
3372.7282072384576133724379504354344382
3373.9141175421419046516523190383551328
3374.5756138982920638026394720447074502
3374.7001866997250735661161818489697707
3375.8726247586036536235457280134087398
3376.6978697755794954599936964039543674
3377.9785761872578745372098369994055204
3378.3757308572697445685203634149292051
3379.4984325001015435899960203156278436
3379.9668109350340492010005138094040920
3380.7990525815225849920378871916525046
3381.6089556663092068239336345876450519
3382.5726438396617254195961510168890737
3383.3928755111573843365079391727780410
3384.2855899665145342956270033662351803
3384.9987309552704256633572056465171903
3386.0341245949063703156376901368370764
3386.5923058516985844864614457824504364
3387.2129574759419081349012909862239230
3388.0065362316937505575104553189939184
3389.3699299764366669406448567512784329
3390.2089001068153459034117006106041305
3390.7902933065197185436492118403437115
3391.2620451075162048266597363188609143
3392.3194404474559896568461330636130232
3393.2532045678141348264367389417966352
3393.8829113740961549321599357222275341
3394.7844973328339037549256512568067182
3395.8875309636727445018049268586915408
3396.5115649435843512662860418252913593
3397.2310286511325586857649390599262355
3398.1554225430602245918251249174615329
3398.7587690722163382268438704732509292
3399.4297905031773669284085776178790447
3400.9624285295071203129140292058815589
3401.2885092260761364473331373979255085
3402.3916576047123226430777733083683829
3403.0675095398451843105341947713929196
3403.5411099671303987263851200951761178
3404.4060770443995246971678604173639190
3405.6636345536024179208513882503540889
3406.4509273532718426418192642715642232
3406.9037391012041988431964125062783855
3408.0239663391017854982705896264264362
3408.8720534516191117415248460652370636
3409.5910182336148338019434914882212198
3410.0645451563741093443216016028809974
3410.9954891561047765366954797534948961
3412.1751693043129392369074597594806932
3413.0345724374387847785251264859423186
3413.9443057795318141406869489263571879
3414.1252360510505278120528284512145169
3415.1206594476745687032426744309114784
3416.2157525873072423252296566624612477
3416.6157963320699297026191826892496406
3417.9613919709039563228457819870280399
3418.7620253082918795165734425982640647
3419.1851247206707762854688193732403790
3420.2690130223478737805508374774311909
3420.9292733013264595804648127513852616
3421.7506522730820759533340010986755880
3422.5347420674617186316778343530112300
3423.3019055313957757744276239414850071
3424.6883959824484368124704613168766830
3425.2780979712789824917150282130520209
3425.6744593851301627459900372827979847
3426.7227654645918538368309460453163636
3427.1367717473809786070496220464420783
3428.5481044841445813022187970959810231
3429.2560100305029756125811144940511226
3430.1457979199977513226941835168864541
3430.6211918776593819816773445223689715
3431.7637859868883267169142148131386293
3432.5395371174848546957478020911042915
3432.9574712641061536546767175973504030
3433.9136683770302607298602603672053384
3435.0734238105412642378962222035407834
3435.8675215137143521876589738224540943
3436.4942325203442006510986318516441842
3437.5213293967930871341523123623786725
3438.1576802985231552688735002758869179
3438.4802511134682672276021022730343475
3439.8388248587221275270977164777010773
3440.8636772911862513280407566010167767
3441.4547478034270968844610110918150783
3442.4471132129914961395017697060646855
3442.7781011220714541765413663597179679
3443.8323177689760173021946783524212330
3444.8458368071552047528146021292981130
3445.3258430025774090137727463620183273
3446.1479494680502404610432642796954972
3447.4857418274604213521853224516649616
3448.1465612950936179078934947283432997
3448.7460003693445457582830450928699060
3449.3461812361159388123634627294356251
3450.3008877382394537362697726813279903
3451.0898509803915225364175014292142695
3452.3898272771988260816567785347982446
3452.8656706389463119081921609142539707
3453.6800143791702303442592876634965654
3454.5686227641865655509581326547172989
3455.0924266349533856504134519274179842
3456.1758632070560896240266479092831934
3456.7278868112899836557634165075036643
3458.0344349688566804224017894502478453
3458.4714594107471817823686625980425877
3459.4823769863315883424327804097330796
3460.3966263710401319640007155994240958
3461.0258517921997027906316228844201610
3461.4536235139495621407799702230342575
3462.4627736666422087561492300561229223
3463.8419110006285433150030048904713493
3464.4578301523079962310851034643597721
3465.1589210995513567087865364610493852
3465.6038500616783382828101582725545485
3466.8697397452439264251214858122227163
3467.4559752687891618797413808668921323
3468.2047934086919499664567313884685577
3469.3930801723756085333439974248852378
3469.8933970837925073101954785589917863
3471.0932949923091529976539705222291504
3471.6805909435964979101604972484627996
3472.2912632970456741065296851962287717
3473.0172407045927637862445573835967087
3474.1231342438740872415948243488152297
3474.8311629683409492751236029413828850
3476.0626106631862369794403857053040195
3476.5906005226534739091951736478179823
3477.3610411846336867047645308556287875
3477.8156389711447062987475443330281955
3478.9257229236907942228732625666647403
3479.8807620121574164186039898778140428
3480.6783797471017167922186546827145069
3481.3299568438408414507666730210912007
3482.5245174826191030335488878749965743
3482.9005219363888005619747216961884092
3484.0355554204394141157978782575766599
3484.5825212165232589175042671588663527
3484.9875532844384925644455084830443244
3486.7162933588337707428988091658021346
3487.3847767070878002592742175036748480
3487.7855828482183223657536866011610132
3488.7880059748056597096765899350842502
3489.4689631265219126569171555459471285
3490.2568192960416666931480945259084731
3491.1464749752038291725665537349710367
3492.1437638900975975101181024475903694
3493.0513969364789249760189115108263012
3493.5121210397084384542553979715238895
3494.6367018163634832439605375923496357
3495.1098409999675334940374269659316207
3496.2377473861144781556786056822086077
3496.5287074070549973520502871235473073
3497.7791488447650518307147129513966162
3498.7785484434952553439691575318473428
3499.6033923646445453044855250610887686
3500.1188714007344063568963628945781467
3500.7678310374927556084653291010279080
3501.5354887660227984749142974136845096
3502.7851001291366917477944074615071766
3503.6020283646172316622244175661433501
3504.1564034230955713580343798846779228
3505.1106237209740737214345881314988197
3505.9681915142066037445014110438953151
3506.8553397762316721520718772340637503
3507.1038267532826462957123565682176543
3508.2819437097260509053021118970995859
3509.1424595333427991377592840148003365
3510.1474724546572898383238460939124362
3510.9649795249214465732959886341151525
3511.5248775098318656552438798511482739
3512.2860763173117799997947488728803139
3513.0238768748928334751119427471669233
3513.9336333740355972102474171631571941
3514.9393884329191674385317572552537535
3516.1059665480444868192703450772750415
3516.3850366300628169099240280641032291
3516.9179473504488235593723550706903139
3518.4835249147756037628590733579590459
3518.7265016907603543279293058613882995
3519.4728093618718593673692109036331738
3520.5259618374183102357484103966696325
3521.5613020881451502321314250361481667
3522.3845100090286675333060580208689953
3523.0341347590737096934703134066917473
3523.6109936456266619357550693484638673
3524.3692617382168506680341281579909626
3525.3567895423250448939913780335513522
3526.5869038428188027802958718843099198
3527.0040250151382334867057500456977339
3527.8912739089578873567331495993151146
3528.7619862515029411635208446455214195
3529.4970785015590418174059681230517762
3530.0031636793979660887190935096756099
3531.3353554355999830284259863498426571
3531.7422931769937901992698979544238607
3532.9530818207945014927492206117872552
3533.5692610264085601195963189104784402
3534.7055379757982835530968415959846260
3534.9817688947937363193783440620140035
3535.8815172784234378799430285539099741
3536.4600886987482815422186206899639166
3538.0331518242494981621934624336686351
3538.6360736271693765511512146284729222
3539.1548069148441737539906434927846136
3540.1460754159679808534862816382653937
3540.6548263769254503090090688927556333
3541.8319108432093874973000856196670160
3542.4648209026372974710188782505915144
3543.1302738979987498822523565570570424
3544.3805357729300589202515196369158247
3545.1357211623385104473456166919074194
3545.8147636592133523717136282788685112
3546.4410773917232190513407415507306551
3547.3351843501227619622938435210481373
3548.0223143235650220659283397801721656
3549.0431616448644002733955671379332015
3550.1764334932010264377642863434691660
3550.8007230876765975501399065122177799
3551.3268012239774095364163804685704411
3552.1407220352151621867930170415762424
3553.1054146330279880191252890775368842
3553.7262872592621340801351915293594345
3555.0482042751004207849160974561595337
3555.4250952154823451881517763132381320
3556.2813643094898104632794811888936351
3557.5377123094885288265598512014146762
3557.9094312433847385376702157646639005
3558.6831393568855664197129458954307636
3559.1283773016451312407884020802381055
3560.8238749508174024571776726673306033
3561.2302146278132426507278981049950059
3562.2195082705334298724292939530228218
3562.8523861459010284118226146125910070
3563.4577103378670940997242173929158716
3564.4653516478485848378252052176148557
3565.2178002628518292624888550577403877
3566.1146000372359325843483585240387930
3567.0972384768887123434456531101498772
3567.7885401572871965265896941483152441
3568.5607523656368492462237967724824469
3569.3588298506052442922237209993129956
3570.1297159925383635395367773187771179
3570.8286168499454845542469878883496544
3571.6483039141816288810610905524447652
3572.8898996974879303258595826362678306
3573.6790066664525348505698802670280571
3574.3460038914455516407359034452110952
3574.7129567531555436610448128282495805
3575.6866424186621873769843922984338462
3576.7373580554435623529516523571385740
3577.5642659148606576674805759789458465
3578.4273375433238260933759763410296371
3578.9986805918218860346564316057701962
3580.1876297265635941873745944307936383
3580.6573396959398045612099032159801276
3581.4870698731312500797657868281481671
3582.1718173075988039406174133087821801
3583.0521191031244770215456577532427286
3584.3832127248413316747979441002651788
3584.9578920835613509099789867710905421
3585.3922500141860716958299624431131341
3586.6727658880329120986275659025586412
3587.0143613398083378853818302288698204
3587.6874175732958694911717286344854038
3589.1872509568000658345769366734527883
3589.8176998180250382655659217560677634
3590.4546445774316051376820875970999329
3591.2581911067722909572161392611108392
3592.1299680525061929556140133638281262
3593.0526372806818058268812780543715828
3593.4598414104711382457548536493922410
3594.4872487632104962586189531182836091
3595.3987745079469253090645092665114684
3596.5679625398884277622949771458792111
3597.0418459759571652974512914590661396
3597.7795987344270754401062680073272623
3598.1716184682193257838461935070091147
3599.4728753576856716067319832561461509
3600.3315250480806560965466350006458357
3601.0586001336268558547278372539228265
3602.0832939302381141221424528768742746
3602.6695109354639582804903078884072791
3603.3198301258317987839266077886100688
3604.5480661446320179957651007105088742
3604.7099277548668745417508328419348826
3605.9878967185566119013225280339629267
3606.7579761803112074805548380738976271
3607.6851765108130452942803626644440452
3608.4818246780288010544037500883304476
3609.2548747517667934285432138109650370
3609.8091644413421114993876389411970468
3610.4491137602665697594253783207797202
3611.6503696286986254769134131402533142
3612.8238037364621851481105210976742095
3613.3360362468399209524241967675367211
3613.7790220790893235803818320761154303
3614.8567482039841174589394416921708792
3615.6651825813359498043286622240813879
3616.6103802399411945276256416542576486
3616.8854861231139609620734152085710589
3618.2898644238827025751532127352349003
3619.0971427470390885749177649881924977
3619.7472616662130888555998745567102009
3620.5935814510951774723825007320260422
3621.2354227033028885293654116230694594
3621.8580145606936309920489210689839721
3622.9951553075298414627206972656009631
3623.9507910950315705535045096877145246
3624.8334812583188826718397280767156364
3625.2801312785156457649712128992270924
3626.4367375030162471770905654050832878
3626.6100662957304686560604423918808174
3627.7755498137259385086003948620491303
3628.9025923581563651977625424320830771
3629.3181661296752428924753144836448208
3630.1944573417529942959181946624563652
3631.5728419721957925223830944200537727
3631.7859220303056975440144807286906246
3632.5006559040722152916710426882408687
3633.3908076936583484148464869805315398
3634.0792029391965865515911797398166662
3635.5634281557755475692265400244699967
3636.0556995777272955999141727017178442
3636.7471511334997094796967828274282877
3637.3911864789432543340442551265038192
3638.4046034025904189172922846627528524
3639.1416407909449806501390257063805197
3639.8303899913458941574011408311528418
3641.0068364337140049592239035073203160
3641.6720830382276593084519064847565449
3642.5818164715130546077288905553610052
3643.1108178059363867644361545920505549
3644.1708693657666403973544101946280294
3644.7973578487543323026495992638562208
3645.2747141753154541277497626771586940
3646.7828624861479296168920133308309852
3647.3902867185261450964716776003111269
3648.4063689308042780552027050677274012
3648.8188303892947177826582789297382648
3649.3665967262635092849015030574108738
3650.5536370491748510649235122222546500
3651.3992016704033628305841556046983019
3652.2058445159099317504605613693836238
3653.0842645594019296380661044866986126
3653.6784370539556815304001999148652413
3654.8643487645121064258773499496610953
3655.4998231603772841253950492185545555
3655.7812329504016593768166527839483532
3656.8710985759367042301163350814533014
3658.1243883987871172159239987092524881
3658.6498749585972051017711850770516717
3659.6449794497342056615417973239256223
3660.2741590391751353674955648798077008
3660.9856355037935900410814150632035743
3661.6003379999544866366200736559495727
3662.7200953711282313287293311602993750
3663.6898494720180593050035812660445651
3664.3592051721162077888736950040909723
3665.2833412459579376993654469234566370
3665.7418850106950120744034831781088488
3666.8820386235583072364909156915828055
3667.4721203844395322098349644840071104
3668.3072090263835275333907714855644605
3668.8774897777845158339794158327045520
3670.6101616464791034908214490704318701
3670.7891008927243427665182414887157967
3671.5744612849618929816308597808415095
3672.1823247693659944421620081562554601
3673.1765174978827458575286327656586475
3673.8991365485054466425464501888370726
3675.0791178008680792413036512391911984
3675.7189623097020163997414288784251160
3676.4920275277955144617189096688830207
3677.2640918646425014513489430440446395
3678.2330811106729950684323847974402296
3678.6708299357958732270571274420379488
3679.5485753300303990488743839694574906
3680.6759416078434222493713415295395228
3681.2774805364664756826672588044519053
3682.3544098436864482226769368877419928
3683.1258980698987541974881400509913828
3683.6014293099996478347627205982771503
3684.4629416319236598528435999678635051
3685.0067767628843560108628735143501844
3686.5418883399039553702262015335683853
3687.2015970346074568212335547766573968
3687.7126358413682937942795760845785900
3688.5101952055244838098806380435087173
3689.5453855571075749443075713650473651
3690.1263854009106097233261543359526774
3691.0237455113664962953253622144207351
3691.6445389325327593353559485795311538
3692.8338280394979370813489735673172231
3693.7375541817459096568646529721954305
3694.2675975325327977776667962779322157
3695.1421640961692973410870111914947800
3695.5859284863055914686246549468093196
3696.5959044892253999962251328118082270
3697.6534031450207063289881796000271066
3698.3222562851920994157674413526525858
3699.5988522232518866924168148097057945
3699.7942292124231166023980477009370439
3700.5173182290809549433193640191356367
3701.4967027432385796283664273475089572
3702.6133099994336482740142542938268512
3702.8691065811818814961214284907567089
3704.1333748017482027050546261419368504
3704.8949689586838939013539053664003042
3705.6622267051892878351223320238511107
3706.6379552295473805963839120276545223
3707.1274876557360306021254773762451713
3707.5265369959425412626044287759315166
3708.9387021280888871831870729357304216
3710.0994041850702822754156497729705982
3710.4549446096065462696249928965626863
3711.1145545737272197990293003851122179
3712.0858730667669835709057443179194673
3712.9885312278360045358627768619182135
3713.4044222157898216728325208037147838
3714.5309714972046500070063305108209835
3715.5148251471936069611318300689543240
3716.0482964788504249647408818275451124
3717.1717778377594259723303108612559599
3717.7202804185964312364708199125721736
3718.3938915056485181040560770427406789
3719.3760328372638614373125866627783288
3719.8378275559190758674599154395453982
3721.2759605165509870273338379280736585
3721.9550391567571297667571764235835172
3722.7891233007355501630254045171819500
3723.1898040574349292140742766090094423
3723.9591200117562157842598301379349816
3725.0897996786538060250174206582454379
3725.8289520564509181101104599500575684
3726.7882908480589638706787772073314466
3727.2755786219135659633012344936124247
3728.5118563350495418409635051301118884
3729.2423404518215185127337905929271022
3729.6210468008787102961243950192356739
3730.5188706470710329075553321499174208
3731.3493571007686164257070221603778247
3732.4455103238139227465943601320753788
3733.4077047208620042863041290027117511
3733.8835831247858229803355322526533372
3734.7385979697979355191997139065780291
3735.3151069640649569435434477627226234
3736.3671024532140406862905183776206826
3736.9087689260381600643944635803723786
3738.3069717993022190196668351972433610
3738.7994817310018469665608137099731846
3739.5071243144152340390845392832035764
3740.3240317423837073782844333678093049
3741.3943939288941558575702096376234936
3741.9944508726833531349810377516155363
3742.3213122734208619282551453057671373
3743.7029085693739209654775660357451533
3744.8706064296817666630913764207565669
3745.1779130698985186235749522071770276
3746.0042842737378580219697260893950105
3746.9126975555929543317571951016266519
3747.1577930135209252957658619988324830
3748.7265377907396136888365299867786328
3749.2928247101201342827593029553242311
3749.9918445241922307101722092178764900
3751.1556203276487616953276276152675828
3751.6212198843610425338646662825897672
3752.4468668208273412240226657439439749
3753.2550507168769783457120565128341006
3753.9142685507159267247706752903513201
3755.0206607866819135663014768122147791
3755.7510549920556362314466329694849942
3756.7862469528811465836641664357052387
3757.4443674557072653759482231503958733
3758.0582066030205473913037447338962377
3758.6572013418930861664298169851311393
3759.6469061183347056609577003834461174
3760.7766200636294234527507256784366324
3761.6668337555706081786064889468026419
3762.0940022050503436652628430283182694
3762.8514781203677225105265310780600889
3763.9410316918505634568021167041650251
3764.6148813257291438154887892978109863
3765.2203188953120475476585456200341338
3766.0879590358177985158674769741323377
3767.2101840905181362247627910920099789
3768.1642706738244424878589496195133452
3768.7030627198658754834889960557203818
3769.1631011954178926418343054321366089
3770.3003764828130916754683255543240885
3770.8486970289886614417541773141578335
3771.8400659018470361150338197950854561
3773.2284467753417873649069614699446806
3773.3271006167261266183770520964053925
3774.2267288042036256476376457888279733
3775.1375314693950835435700987081220321
3775.7947534593149479187760280025512702
3776.6325807246487551947100373378870657
3777.5824641472987059704048154964737172
3778.3405950682271489641748035449471025
3779.1576543640255771092512541963862044
3780.2730439152500575841360782348420292
3780.7918482831808699172193688830550819
3781.3855744144668233276402020202526942
3781.9022517637413095359317617520321579
3783.5014588843291550069412157807073723
3784.0342531489611654328022007499853541
3784.9553532915599549275613149787653015
3785.5435778292030641944251308224153883
3786.3076311498869058882744655067080021
3787.2423117604028148714505899638234411
3787.8802138344450849211728469467488647
3788.8210638082486027128589028405279803
3789.5709593736536043794686363619887866
3790.8964668908341789509460897323475131
3791.0593795645955225017682980900318444
3792.0843673107789726784161603766557873
3792.8055208523671250079615445841919706
3793.5967138969440190765913931563958342
3794.1340942466063229138661065544317076
3795.6413213529418885846874217287514567
3796.2172207356533595599028103776295271
3797.0201619196449773145438518324019521
3797.5241360509518902772244903948559654
3798.2808137879266760637809771503721338
3799.3811691117798554957388051949109393
3800.1568265237765764356684931129016072
3800.8386456938531427993687202352824402
3801.8262975587361158368655168760542203
3802.6538836949014689385097884645040027
3803.4571798388677646038767520050778031
3804.1316325002053905376032726237788416
3804.6850747329166955164428625994577272
3805.5275541107695388387982514741525431
3806.9355072066196016795065915418036399
3807.4852648748954664394441236802417561
3808.1073168865975127287029261491729438
3809.2233701035048835212391774523800757
3809.4807547473782610339483196350321709
3810.5502176318997141706176339853813277
3811.2311714001291846355479051595144921
3812.4969765577002347330505361885504322
3813.2240730804399527880992921807771628
3813.4836901419612000333227722095374490
3815.0690620959322319162000390553084015
3815.2506726885800845029328885088018587
3816.0611122726919488704210956538634883
3816.9386141074877329776600447390602305
3817.7378282479567978029093169315610317
3818.9809647977167531336362684844975239
3819.7793009995244987266977327910545049
3820.2410385746062518175142402175563602
3820.6399580813467030663311136310605749
3821.9304668039904874157578564607543179
3822.6449402637090175165577454349591612
3823.5571051399077762895017329462328428
3824.3247126855988406283133264467524437
3825.2660096380842329244280891804362698
3825.9219991562650712476066505324734320
3826.6689065619556492516792278048818203
3827.5280725735985245971140030452987620
3828.0862453770177966971400220193319415
3829.1048524468088211955081846846264762
3830.1578055505584811822985404904036537
3830.8637717181461145940394701695063302
3831.6351634111169174851850972225213770
3832.3361122415360696725507780354115704
3832.9720545911042590819563514187343337
3833.6591241366441771186803337455761018
3835.1896499276374905251591777970435953
3835.5622591534833552598073065108474263
3836.4583232940990612046640246348913213
3837.0492014758093106860329776850033651
3838.0691938643281749994571813442410845
3839.0130581423457000834349014125501976
3839.2609287803891847409865914180334834
3840.2012484986285006342817279184216916
3841.5207750822288437160242117921543523
3842.1368204870744519871320897864764523
3843.0162799524522184667002294934572366
3843.4118125933326883098662819689107327
3844.4588935693413077430967664743650296
3844.8976539052595335314283241537057197
3846.2218538793799923734892079714321135
3846.9416277643103856863520476155663422
3847.7689813553232324842049254194699212
3848.4805422207437501079086994227993252
3849.3808140665178988641530777189333477
3849.7415419948588686146217283583440906
3850.9818741263087334337963404147764011
3851.6839138647877203140000495524779499
3852.2999769199606620458765520107323902
3853.5498440074419955628301432916327637
3854.2595183935751136743642080573400520
3855.0656514659428369850699069336486227
3855.4110570876061498435506615467084562
3856.2413969808453270098834481514966249
3857.3284735564293662933659157046138527
3858.3673568902323198101141895559188140
3859.1209587118612163666583936539198935
3859.6917581356224429429445197013469225
3860.3099051506680982707065146596634925
3861.6335236498111246407078163293793576
3861.9932950765062550444436260424778967
3862.6367429403822494356791980166165583
3864.0029532760013512083703241490247438
3864.6216987831035157768584082469063300
3865.4418408524469458834587917782508311
3866.2123761399732449539219687266773188
3867.1134735223167272465351223170266531
3867.4025012931788318641559269789117905
3868.4601778234056086150191183294605877
3869.4619160262971237982790647769616698
3870.6315758258249673290594269715548080
3870.9700091048439892273497250261510167
3871.6798642759886511316293989704118634
3872.4575946197591803132229444717435660
3873.4408028854408594047474045748774656
3874.1263318678361972585187624919422293
3875.2612284407697323850443598741500163
3875.5539629192883665836268217939136455
3876.9061657669913502124846471093061621
3877.6413947183551004386756158960816715
3878.0900330874163427753272210935820515
3878.8892275796344096710513691845806886
3879.5520909683949042891130191566405657
3880.8801650124300572104931037934486202
3881.6646534165535151279189720539269673
3882.2187814309481011113980451989138877
3883.1801714179618587615235170506283395
3883.8484264892638440225158404861971789
3884.3475756116549924626034141901881833
3885.5996192149662548294738884723194380
3886.2035972814624419879841840816582233
3887.2423036447732229460125099224643178
3887.9451651939501728183426010485959064
3888.7201624044179407203922959076015482
3889.4863930382118421491035264254603947
3890.4022013429483595281846696179865629
3890.8751388554921751945757067403152216
3891.5988041701597652472723848085157079
3893.1961894580321254480327005920306457
3893.8874604528221249161560297486893400
3893.9770784971653553382431899928782769
3895.0981094654184360591795997598979973
3895.7286192524788394778846268939081408
3896.8163889845234419664223315069197027
3897.4128279393400962369182212880183769
3898.6638936835745814287291528339130652
3898.9546376479228271963317070660413088
3900.1108077669215370835458366804087625
3900.8570129349157023416101301419263025
3901.4329167187183923375217676213763506
3902.1196847060422084705512715719501602
3903.1279236817555822971186719648802849
3904.1229738804140971302016560145452271
3904.8290148889659364696691775541199277
3905.8472620617253744124155436208628862
3906.3370797699343283240860258922783845
3906.9719586197429044246456167269128282
3907.7137758427766990782698533369053482
3908.9459189905618639968871818905399415
3909.7378227975889484551824308945368390
3910.4916075098545448969762099385197960
3911.0772383495415611091207642059078743
3912.0613781439702465936897422820632219
3912.9214045818487842365811331567187634
3913.5702379041896476445216702230132937
3913.9968008076121702123386353560232903
3915.4169610757833889028291693224550128
3916.1252570367390470027034093671040692
3917.1570108411268927851354277758242719
3917.6068219954091443701571774140423571
3918.0297588471680825529742629514613977
3919.3216488694255538842963404771753691
3919.8645473105571980996523546295907942
3920.9351837183949924744773060210240924
3921.8124781028396196160209482205765848
3922.6518783033393503587797807352438945
3923.0103947559317831681750952574357434
3924.0777085717970522811642185703123362
3924.8039545518643704858236055994222911
3925.6183056666078641838746471993345233
3926.3128614315158087361542713950203471
3927.3972116319473476966195597067168669
3928.4536292942406350900901276005710474
3928.7019210215028014316066471881812167
3929.9046300333195251957657631681234983
3930.0737872707096871149234881022965649
3930.9697624647643773162643256904444369
3932.5360782688855700079755207903422775
3933.0357498545744697669503688708840868
3933.4680058871130339449592704701262161
3934.5119297892098029668198131319410727
3935.5685337740136271295151559810206450
3935.7785358900454431123468562415864300
3936.8205108993809268573279748126007438
3937.6690315520772163590630073194448143
3938.5487536870363621727965385643537077
3939.6743619715257461472522832774434771
3939.9706936945839926253775441824738041
3941.0350840666912845846710769513951816
3941.5239404991151553085765564906236845
3942.2919828982049734220657533599786468
3943.3166113891712219227176674402329230
3944.3256118146694020750478157816286694
3945.1823148984473541545731909601946856
3945.7960943942238712485734560952186303
3946.1712730338784158598378584313883423
3947.4005490519549072133576892396334227
3948.0974139395733641738943864068761664
3948.9464723223846428615101260115374393
3949.6361878730527697943288206780262391
3950.6733584192729661693427264660202049
3951.6209098449053888083471119085459913
3952.1858846384103891577965665747198147
3952.7454951653843004940053065438604737
3953.5161956593999929833083627367615261
3954.4824424351230237009622876678187567
3955.7091127162582212809888042100245659
3956.1446223057390250171994777691518692
3957.1617109641413702787241705979299160
3957.5542195057010059777716648048348427
3958.5338218788343010113065955044926447
3959.3691435679757342321148690816145053
3959.9462883584733157165056269644823105
3961.1943668243571232524907902323685325
3961.9462160310702057262004103013355217
3962.4016795270059592044627778832872931
3963.5299402677378348077814044991342429
3964.4145456253667899365876119189835176
3964.6766664753816412246977546460122062
3965.4193824959340640674556494500737323
3966.8230427897735710565285842565608106
3967.6610381852966287065747920773727172
3968.2404300331300038129106527315377246
3969.0154221580634165726015228035835703
3969.5451357941697444510482680014700979
3970.5027374970671131242220620148592196
3971.5587862241724567172878693371043015
3972.1031922041044499431848903537846890
3973.0500019153951021145573004844869400
3973.8902764384640793398331087487358730
3974.8775870547086534985889783812931911
3975.3038351996055458162098429724062341
3975.9152448993358359862544950461437033
3977.1441408395799231440775536751944250
3977.5525085811334961991888283872058344
3978.8797247559102703401273971900089552
3979.7130059931950892790081625173627090
3980.0918928982901781194678522702028741
3980.9986308735540212707898577237488600
3981.6660763968645098945456758215866521
3982.3935979077476314638637141911525844
3983.7644848589537553843051190014292955
3984.2140828861209277433527515657933189
3985.0475311444656777362127452936209246
3985.7847446859900631367273901717035812
3986.8320874421643601688782219563916129
3987.3280215943657672244839380946817438
3988.2201710284472365117749097894079264
3988.6117003104212676651318422868280628
3990.2615032682079819565687502294611660
3990.7946153787109500320638692089506792
3991.4377152802858027465822830680051273
3992.1737080392837133312380014097228473
3992.8766515668717864725562514164312045
3993.8132747679231016539548357126019093
3994.5307560544036196891696818460750663
3995.7473537063965673128612723102086569
3996.2342233906127000027534092531366782
3997.1293861149401243435898377454998405
3997.7649133960148809449703750764374476
3998.7241622116264817246739556128513376
3999.3210706080920125615230306033040954
4000.0798688298207066524946911603019913
4001.2726575681404051089313134841886591
4001.7398487953014042645827536319337396
4003.1114057836086416282580085189426435
4003.5010190112454264228991319597785135
4004.0036641301472578923532819375656896
4004.6861001604660199753123414764821113
4006.0284167197891579303337656244976025
4006.8070237174135106221119697812863418
4007.5408900755604692221059352205354384
4008.2449577982927834073845302621604450
4009.1208005568198319414781704590874650
4009.7773453136945879394576415610226525
4010.8865857718837265300041287258676100
4011.0675920562646216189760334244348166
4012.2432367881674938811468043578999779
4013.3172287556833681124398314204339737
4014.1708656162499593776717316064857351
4014.4289277635823931096810257145709481
4015.6054011148625502797394686532674073
4016.0895639994932075067870582573116819
4016.8154816742794401267821096477460690
4017.9637018526259843890608657066691502
4018.9933519678754726015893047094573391
4019.6330649026725070533372176558111018
4020.0667639847728408879496204829469474
4020.9646946333747424669395133480569952
4022.0965376651967864418240011207111419
4022.3913965055168030912006136547739484
4023.6136602779378389165816298867712145
4024.1028594443994904421423902657045264
4025.3570991740337549489117687727965062
4026.1296063882773395331924799796773416
4026.5349334252627434596997613247010061
4027.3904196840007909105135721914237251
4027.9372563859543872752656218233600846
4029.2083246990042913255125396332216732
4030.1268273591357423663161474264555809
4030.8273924349372105272990360504036497
4031.2824429080365854271673242936241666
4032.5345928529810057034108245088944053
4032.8723723027747971295608017018942714
4033.6801246506706166042988904716221534
4034.7688038961203005062554964968031648
4035.6746061027557195045913486559147325
4036.1157220219760819304342765563808845
4037.4501099023051962478236233769712777
4037.7824290674575307658573207836712911
4038.6742223836885295099439677860155400
4039.3361700115606574622655682740328782
4039.9969448745737917051523497516516236
4041.3459902248251948664022507244114418
4042.1610193512096276556813501623564263
4042.7677384489964100445342123269289732
4043.3635487383802234884752957799554931
4043.9975084232405287332406500139734392
4045.3183069156255628478727468364694290
4045.8325207599238952651036895137473860
4046.4593948874171358769197896067695671
4047.9406618910727520669544414587759247
4048.1374987139392680723607172006768143
4049.1842699155554341849338017839867472
4049.9230155373169908829837494909074545
4050.5159943945852550619401371249965265
4051.2228033542723374346219377186803426
4052.4467971856081263212099267594293065
4053.2701274378281782045070300369608156
4053.9657319225405993853839829602751800
4054.7875886928260437904896566116910262
4055.3851201142655575623776723242835748
4056.0318207420683050323476027896817670
4057.0302660102497364735745520455336737
4058.1206357712322590347355380924031003
4058.7342739130273258717119524468016275
4059.4146792533886862821673094789110428
4060.3250608909623549351429065382213898
4061.3533646827429477606709604832852414
4061.7516122568474385597653085514048900
4062.3570990439289071460358378014911476
4063.3770014320332476058886279545459388
4064.6539331409860707412496981361394219
4065.2204313707619262863390749163214417
4065.8992943603985224789029957836705722
4066.5405101002301759235920396017873014
4067.3855160945393533186324776364403649
4068.1544616524963719732724343608971231
4069.1788601429886962082399520616189523
4069.9108713053976583319612311277539625
4070.8253282665678619287142003715676687
4071.4918364792247136043286512794938308
4072.3861142850802916614070989616629757
4072.8359025104873880059518542462703963
4073.9627432968017826960418487138711243
4074.5045152151400413510425625887146805
4075.4010667316792399437828781151326730
4076.5714866431531203327907559955384734
4077.3391674764072701134196355193008628
4077.8593146521278740867096572949814865
4078.2844050744560951294561652340027023
4079.4664107520493246867041110770615608
4080.1198477041390603347399291943557364
4081.4158652469687167769661200113362450
4082.0544025611404371458840608054375331
4082.3437238552364967683656396079270491
4083.6244855690808496495537485243509738
4084.3684129266714569168629298503062050
4084.9357344838111725303593296369408230
4085.5743804747725197233363794462694681
4086.7241179426818928144515637940264808
4087.8446493514197142896895870608772031
4088.1590652139588259311858490362326672
4089.1496168920941648550657114816093465
4089.8865058043020502671779970453625464
4090.4193078367895798223350185147782672
4091.2244206798204231755492576501349577
4092.5206311929056532711507754501633047
4093.1547160959486503005865108427103069
4093.9314772616316650903225289130916502
4094.7319608162861573766849635598060090
4095.1718033818135076781689930174851859
4096.3787502826022107658338582720953752
4097.0101907430480222873745625045487214
4097.6680905772158786369301521465431102
4098.6766215283309040433835606040761034
4099.7219654111199288398914972303186804
4100.3893354962033384418625711518001669
4101.0262773301632185068856827469825309
4101.6116594564715142882731562409670689
4102.3190013151814764349667220823603626
4103.8828549798055420588593883882183224
4104.0739340718272547773745794682209104
4105.1817896698887740390908036199902936
4106.0463281152713774281951449686866124
4106.3078816945060832341951140410509314
4107.6835484799660344806369019270143858
4107.8714927090886064902555577785254815
4109.0626299240325660713108818451500114
4109.8507025156971740273297798527976372
4110.7641634557544425101650694988955428
4111.5010986107680524968664271929006699
4112.2930118093673083008274001596238034
4112.9235541839011048159366683780605911
4113.9090906995983582806454884342458160
4114.0650257553220229556228601566622700
4115.8044273527387011957545443650080403
4116.5258337978275731938241300090235379
4116.9333903649611358903913688381246832
4117.5572446376865553390177330212952439
4118.6958212880455777572934673567597675
4119.3441560678933920543451437110238572
4120.0875214931149332062353633983546265
4121.0874606951593717048848029236824489
4121.7944527309308789934220662392745762
4122.7385538536135618592469187822211543
4123.5901238997778590556457052684844212
4124.2382926677918744476407786408460529
4124.5502082836752755460723668908310149
4125.7823975129448732229128423248441455
4126.6048973122311669678411831569309050
4127.5607340176204995733186330475904103
4128.3411422376707351366071378577133580
4129.0686070048093643725101230937759053
4129.6181959533879966746073903184348739
4130.3518546650476155143969968218245378
4131.4083437869436003006935053327252917
4132.2435666407364357657349703805669752
4133.0905257536461694637267390048110815
4133.6895250538976233565282086223440591
4134.6810138880854818780106740296758171
4135.5411923942385966777663251209060011
4136.0305194066733171200804215418146760
4136.7289104053256412085223219458930910
4137.5534190951818752932314248964036742
4138.9646944437535388207762554626763247
4139.5328258879787938031545877750659598
4140.1161261141460630447843647950739169
4140.7810151773458545316821255267013812
4141.7089179835541594446238289683612439
4142.4392693453199674206561508951559785
4143.3834314242792503174124367840578168
4144.1274890147582986051842704522152822
4145.1312283215683725447172080671297053
4145.8940408008091960814010596099778754
4146.3060045481395531738271739761847887
4147.4094167400667039576996462104222794
4148.2779108470174773172350548831207078
4148.4183594781737596150598259685328679
4149.8766146262911772731247509523927100
4150.7777136998947727567260284697968116
4151.3309303311282147032528371934795241
4152.3322298096987452290219004495556200
4152.6995104983833402723990180734652960
4153.3279499076364445640655930640561408
4154.6403655397606362120750948192925598
4155.4934820394269075749567443801276432
4156.2039793578909690428997805610936494
4156.6717827214205562192937134337286768
4158.0083115769940429432831990547715821
4158.4309468391365554898485165482282496
4159.1962445679531537985303736323813254
4159.8033504421008835295551730320750366
4160.9984903580766721345278481070884310
4161.7319215100288750910344740040066506
4162.8421010327645475461924710228151293
4163.2029001241534116712842714431887410
4163.9842598360160707777167304062626976
4164.6707327947455849464664935908752741
4165.6776370735630358213060612756007103
4166.3034026317885076210243076411334026
4167.8192021766775997915475362825654101
4167.9607342954408815375258695499531845
4168.6913067792779090974427138231463804
4169.6894930428156460451975480245909681
4170.3885435988306890727301371413917952
4171.3688575968934448403759815921516290
4171.7383661680570048801028151567830148
4172.8596137160261333280204426148171704
4173.9280068737057927146506607022350743
4174.6526175229768691725873140191563310
4175.1233460856271645321088782781660896
4175.8415514720351258296028842421497145
4176.5826029614241239970840150617683969
4177.6890721595417711485533710459428435
4178.6798577288217641808608879037721319
4179.1919599551334953325947387749161316
4180.1090691190280452758767465845132258
4180.6754881948715932994473477534262171
4181.7636483863305090172384329964449519
4182.1979507440213670550951181474209974
4183.0049094748034402248199976899696150
4184.2894667052732433524879127776873840
4184.6952717043520759561704843662714713
4185.7429206749215067635596127181999712
4186.4475493444343897418301413840751625
4187.2565776797561144000243962264709373
4187.7704115138223729475987163344503822
4188.3750697823007004752869653209923537
4190.1020753583356970126730041186106597
4190.3010137712692268031603841004303868
4191.2812123617722996783065252700576707
4191.8946418408843483877565047201775853
4192.6153348455845483396558128710904196
4193.5142696607509016540230922119908875
4194.4854034516533303247905877390095333
4194.9527830414230317045329615593278926
4195.8924721943614809567145863515078437
4197.1581565883613988275650285110509712
4197.6398028661439410398273509617832194
4198.0506499464400357658555152416784845
4199.1754770818155465545826924841048720
4199.6393924725778324865694900401247694
4200.7086431115923111905331500083563616
4201.7754232253242821115210220608831375
4202.3945073051368216937032480834140651
4203.2660551253227988261584145040153254
4203.6838204000485459811255122398741264
4204.6164601618436547141650027181941122
4205.4090760301375395272489135219921504
4206.3240107125433063594091518105003100
4207.1776755647830279029911159178065741
4208.0014568352550438565022611720564608
4208.5312692061713066891985795410171124
4209.9439783888680996496803418319093801
4210.1568186152490112194730402264886678
4210.6376431161693907801106239582053914
4211.7198374590157745244152164023580695
4212.8656232481755023532673005079638645
4213.8596563593415159533519417170903732
4214.1830697349535529902957509374126774
4214.8594903039316735503764741378047539
4215.7989942480773609465713941341222674
4216.6892873875797183129509052619419307
4217.2051415257390221955924681557019007
4218.4034262633154073759865287975583711
4219.1077317950837216696620222230163146
4219.8253720790002253879527146486239987
4220.7437503265263681427346688842428877
4221.4299978553647550781799395963596353
4221.9980549166476900319566854639786708
4222.9120300001922409817489576791382513
4223.7556615439952511799866797634915976
4224.7250117810574660966257868782502301
4225.7109845979785746928577283283755759
4226.2389536431467165652005648909235553
4226.8604270525656569712562819111506272
4227.4008734110525822144724064408933754
4228.6691908848430484012505119494979108
4229.5316718539544252023415511314549384
4230.1204026499746176218314353187567095
4230.9986259415528842155917878578131762
4231.8649495074096424622910649167606827
4232.5645742969389271144791883057445084
4233.3173590272734557495954297131049757
4234.0867506423258528821754383593012028
4234.5621967915102040296475333989700712
4236.2086623663316574413371514922747498
4236.5509076839564225328685531531132188
4237.3949470452142568635290984956610851
4237.9845276265600578027211681965960823
4239.0173441301029587792448776032215152
4239.3951614371813587397694543518150314
4240.4152364092381769211667066321395441
4241.6921131365287669102502936548543332
4242.1045270772038394062974683431194678
4242.8152941045703686766851347498605249
4243.6866168854873884093411857349000735
4244.5378990319094273360706640521687870
4245.1529619623291418047473845986297560
4246.0701717703739024117521184594909256
4246.6179535230240830856859348968496739
4248.0735668369848333881668981694255530
4248.5091981509249746101884479013746584
4249.3721875011328083148198402663902296
4249.9352488488090025971135012038460013
4250.4649027572656724702556144388535278
4251.6473620444192677642615913574454692
4252.7636775406051542115077479116545953
4253.1046605795905225247956940481166912
4254.1452876278458624096951327890640001
4254.7844589765198392672549007578966183
4255.6974435237192447729126120533706220
4256.2631108420802784412649347957677732
4257.0439578921351880528869374284719644
4258.0243104115249790793151352110505305
4258.9192089624200071663547710030072173
4259.5881413695901359061415918038498666
4260.7111749627371765016068692097141150
4261.0923856458028516926146988843846693
4261.7419134726724545355145511816484973
4262.5779020011720344952930174365355068
4263.5334920925333642226882794550104627
4264.6134490243725162502893548463277064
4265.4276790195380902876413189264338763
4265.8920679710683524491176707157436725
4266.3686565178221558874056391157734690
4267.8518759997243576769628352731311363
4268.2437729341951842819755309813884455
4268.8205174322287500654889963564078381
4270.0128382217542649562260547191797520
4270.8557250194410503642889363147317999
4271.7039735471147478034240040832958005
4272.3465238856884323519892433529611309
4272.8751883553512904264809148218682423
4273.8515612129172014672399807978615212
4274.3910209835444098818775463881973852
4275.9092433931643023330362345305944543
4276.2417440944764900457876654407806164
4277.0794062442634289978395301751626712
4278.0497053753922237396501753178088549
4278.4249737206421218739745299202186465
4279.2930170147637053039155699551252788
4280.2453492256509386740793046263830272
4281.3195747977046454901855147848066445
4281.5761479085761437261917686512491271
4282.7976608877115942151863222709761786
4283.5809832527551858643654721187867025
4284.2005860676661854797607319726218036
4285.1047734708422164593969847135911762
4285.2250585315725554276595109933271435
4286.7167589463950003265456521900335333
4287.7277197860092508538122337340945728
4288.3340343336683767581178536795318968
4288.7999737658481369473758729215267108
4289.7466723981109287053070278493085214
4290.4775900186248868277511116545698225
4291.3398794664232646669721443832817192
4292.1280180835594376535508488026741032
4292.9586943462973106334301853215549377
4293.9166996488308196162239303451014698
4294.6901037105506391271224567346020028
4295.2239760227542457706440160362965691
4296.0970890618023560790040002354440453
4296.8345148034465421661820880844804102
4297.5305092188563964624876704189933235
4298.5287955046027353461762218591043670
4299.7737296238154540486335751214648706
4300.1545665647945079072340713319133397
4300.6795257887400049666109848320460696
4301.5919603399239161619778113376164374
4302.2991559034006130041433532536375140
4303.3875292145693844948020076332213121
4304.0889076647973960296567017613593676
4305.0796127934346327808545890884898259
4305.4297408212036533655886450501453080
4306.6826436848833636886236581224221230
4307.2892461916165006508461001907362827
4308.0935125887736835818686439151723521
4308.2143210791495458688100148335792779
4309.9185029523454174896676179535060932
4310.5806298580386331535867205586729887
4311.1769785359072229461291327728874439
4312.2160120405948167093768805680896127
4312.6870759201754219420342536526560000
4313.2834313992130476101791955884793905
4314.4529739706805511797691960081434439
4315.0808746805408723426227646320256898
4316.3709202192749283551962400403142467
4316.6367619181629459364132913575921245
4317.5481260184375703132482986350890423
4318.3812071189450326579258486593305383
4319.0925672827126354761253740961146473
4319.9469713929655737359533623493292813
4320.4774178928326776262426102114676752
4321.5347434243197119110743452976381519
4322.7923620852170658974622423538841866
4323.1544716900728678610841043316276041
4323.8150764492121656837659029704989714
4324.4226812297279141208233246376077843
4325.3843511353343578027621422269716824
4326.3491618366988259292610108516061908
4327.2492641111338536262665877858732869
4327.8876697335461274040864268564318089
4328.6456187232110900918841094998891783
4329.6210915792024392826321227058746801
4330.1443347313912876727667407039396335
4330.8953493902986897740308036636295935
4331.8186841107437767276396246218859206
4332.4995868007832202351461204911567799
4333.7970351063143964746079114933302198
4334.2097126099125981765363286641901693
4335.0125717750558488916852740515049735
4335.8412743359849366652192292734247304
4336.5292066396891860515734577308270877
4336.9282339985061373166075864097854515
4338.5340252080167985487783401205711710
4339.1868907484173947885481452543628563
4339.7438083521003565693509401603137467
4340.3921616857533162606317383965562365
4341.3817003044088733659079291842944756
4342.4178388394701200629730655750027782
4342.5220505217108686394246334503364955
4343.7267597849622402154717846667677168
4344.5387565782616737660122398934690559
4345.5226175236945902618546610310442970
4346.3244235185789467238604990750914036
4346.9382723657293637538494905533732789
4347.3024960588555836444214032017521017
4348.3874305370688036457022806207013055
4349.3440739984250921151288545424308744
4350.1660831706122850089295100337784395
4350.9930227307717409203105800694381743
4351.8083198624612400989430648047478867
4352.3897840479803669682947710760514150
4352.9668306482631232228786044287321782
4354.2446386930375978713732824752529244
4354.5988725570857488913121866941756596
4355.7204084721862045191915151893228959
4356.4398519062993953345591512811322571
4357.3155166333511765040016905864961660
4358.1717315387562122780889065995277121
4358.7599057188164987178773286116853479
4359.3834397473034927515130555125488415
4360.0192435791840620222654739144648236
4361.5279551405843678031643214849934129
4362.1250709239848913680824957928859351
4362.8109734141793040088349015503113850
4363.4417354358071138995860223953366974
4364.1845821452696064547557367605410264
4365.3618193672094365115360527683485057
4365.6592923455860061240936839034119874
4366.6316198719586304262702019002701653
4367.7387727294718751802116020328513722
4368.3698515145067364770991615481043959
4369.1072957542379926556053495628072909
4369.9533236731832711171880649622793395
4370.5900206415524030631827263100505240
4371.2396333719002054964563269816276991
4372.1637299925821568756275030031813292
4373.3019544706230635684952876677500937
4374.0202716722831349701067659887167760
4374.8487416458632853281726286438190198
4375.0930286023254822692477546204333090
4376.3220998336451131864258738496410454
4376.6343044714536024288911357480487561
4378.1706964913348315011316974482692244
4378.6120838303567247508116409408652654
4379.1302334606028767637127988273351069
4380.5067938910433431398918202876369493
4381.1041224195684937489034536009468830
4381.6045563762389732740071356004207654
4382.3638921313437704166665951676758803
4383.1903236500592090718676923319148458
4384.2308576275796042276401023256783175
4385.2721250990997189523399379412028346
4385.7913018888505422224047943995351860
4386.3938804708851834245473553380962228
4387.2465509641464454351250108255739337
4388.0048085807932411688885615305072241
4388.7960415734316108992579357177915485
4389.7256691586181314977218214902137521
4390.7000435292847535041754433670917493
4391.3806586931700128122662061632248670
4391.8502181617307024682257767557162262
4392.9962750956430298163137142288144940
4393.6485787909287265500128710472914349
4394.2733696553918555624519369199593963
4394.9464054786236547510540750407533493
4396.4078723415884076660561140690509539
4396.8897503914600043478802372058702824
4397.7561834801674194035208214042618887
4398.3634536365989420750172896665003515
4398.7796127884529221679605305290303265
4399.9997843210535161139180313913987431
4400.8437434268449336411738999121536825
4401.6391802354286420991357360660315148
4402.4322512133536001357112572180397662
4403.0913682263271288259730249253365325
4404.0826282732154154696279510138641038
4404.7519241739993038513390775225281522
4405.2199746369207879807074412591594138
4406.2329007919912613814336308323383344
4407.1774798926695723232286247574279153
4408.1699763579195134462604099566172634
4408.5751962723819882702421142587203163
4409.7709911294118386791364684527254805
4410.1729852577218344094208462682902495
4410.6261012845070161963517138254007092
4411.7922197283724698700534652717494293
4413.0137224892939875225458617951776923
4413.3681814611603459508295540910169586
4414.3812103526451020322497256206231408
4414.8500168371917758533381424543719851
4415.7850999312278524191849621228680408
4416.7090696498630883845729201797683733
4417.2429340995912295379691894162844089
4417.9751738446459231180706139318296643
4419.0729803540498149183537951428939660
4420.1835749029071889681579465174145531
4420.6647446048568091308365563901757890
4420.9971146925872614818846083653273678
4422.0660244922161637543618074958801312
4422.8280459999507926416742024537749426
4423.6402755676295124101010302940082409
4424.7463509509254733746765801514863908
4425.5716754884306962731816752643867076
4425.8547391492269597117750200575552099
4426.9097805574677393513243080287750524
4427.6770866387427004810076302730301232
4428.2639267181869828638991518452085501
4429.2315037704634753110943547185485965
4430.2758093954523342269144647211234359
4430.6225046343514455052976292079037828
4432.0191987624387906630589556023498578
4432.3705224043509105579045892925678350
4433.2393834499980498689910684267892538
4433.6513523906568158684931918047204926
4434.5570009794600211459128183117179377
4435.9690491232597390632892564636838546
4436.6733075655637614868940666964132182
4436.8812025574599264912047942071987390
4437.9978945596982712644712440372519000
4438.6785137318363942153096977475568532
4439.4921302558319559627905967240177488
4440.3005109272902717765325427085686518
4440.9539627531253146541986462184704532
4442.1396427734537040884178427239780051
4442.7460580472669587168970141613681372
4443.6271497344754806469208878671562960
4444.1897894849810493138655378048514736
4445.0703426772957819523734274547460662
4445.5092628235545696708261841595737546
4446.7441451176595492823501796889422484
4447.4951616100222050351401639337304891
4448.5273923795818346446472237160053593
4449.1369594286922525807870460931799601
4449.6050553286206381429986609942140876
4450.3066301679992954649731793545256944
4451.6552130579408433593249770193378565
4452.0274686394504863826851236574604197
4452.9927325225431196407128462612508809
4453.7874988392217335384008269351519143
4454.7563742655030698866615977537431841
4455.3476063223995589309769097645414686
4456.1582147059952829213773392979774339
4456.7771391047222716018116435805512577
4457.3176648761653281559691480039404776
4458.9862971798416362494842268638856649
4459.2727285381000556482127114384728397
4460.3413406815602997395824029470136883
4460.5533728616888821728276330662857022
4461.8186088761994853310803707957613862
4462.2695873842973301058572620651685201
4463.0242497282202150264444233932670910
4464.3221717809239687853850273663906279
4464.8505668672846743515354276941824920
4465.5979309165389120951090531925797774
4466.4680263202947271047467185997765695
4467.2406352764014996251457581431090966
4467.9944304014914214741036411022020213
4468.4934267832868566674230684727719391
4469.4735159509792599043405597551109687
4470.5024470533524446747122095565896817
4471.5393569077823764648014925766557766
4471.9367053241394038936491296147541074
4472.5956738921842729830559228898796401
4473.1905971285413150245998026135306687
4474.4159957966701757650961607403608834
4475.0544201302063926141583781244461753
4476.0516240981094883947676973796747935
4476.6139174227946544523898556184570022
4477.5326484391210701930659579519268754
4478.4251662311478464370747240832424140
4479.0270031110291464112925218679492717
4479.4667291041011972175544758090091770
4480.7394839301346018982675289411556148
4481.2676076621914072977777818432403734
4482.5198624303467550235247292366173384
4483.1037429341207760192196677945919431
4483.7337685070864800214365739134884467
4484.5796239043386196185985708634005797
4485.0643625124251258316308751469410126
4486.0660563281159845360345151341648525
4487.0924326974138731218586003096983337
4488.0218688668345196640645288500562941
4488.4643836615190503247102665213234549
4489.1288694566810454252806460712328346
4490.2302972357941001130235930192112780
4490.9236304438704500284226750429180876
4491.6106326204254564455827022834014005
4492.0707938652223598298053913245229112
4493.6937659457617169765139048222762736
4494.1656009738186976121053711694898375
4494.7821202343389183843389457225054732
4495.7098371916752111918510500211084584
4496.2246451125865727418618160263958560
4496.9063741568818169201202031004327906
4498.2379851305290960381470896188918067
4498.8503803136484108197881184188089530
4499.5464843915873118697929793008504052
4500.6374283028116826979837450071596278
4500.9762459940272681514427495017304488
4501.8564926523365375062390519932708238
4502.6674670722093085246098178364700067
4503.4699869742566901501422610058193270
4504.3608159716294468358716106959576437
4505.0657560769701097018826271985044983
4506.1458868591260559603957832963230908
4506.9695287018223745907578683235227321
4507.1380969409282406386732995731180896
4508.0395587052311933121008155637278902
4508.8537647624949034677546726408985020
4510.0757624957211422723044963902418419
4510.9502741863142458239467437314382464
4511.2708827659311008326609187783653909
4512.1156601708193419965186066326308899
4512.9720725497717878370412355641640138
4513.8820568652688930296871874056432946
4514.3692857361956355265271519917239884
4515.2414255952996090711009383768638059
4516.2933349083465420240907727242453368
4517.1086489139979449566705246454190639
4517.8330657431767567402250740986931354
4518.4306060974821563025463617721833006
4519.1734698362634129869644864300843431
4520.0211770313001389059572586024583144
4520.6648767989228569837721478255574052
4521.9302315836553358974438888704436836
4522.6968823434842353156278814534054981
4523.3679931386910893439345417778810392
4523.6820055926498967652698177874665113
4524.8791756155156416531875983321190787
4525.4929575162490805697037674441925906
4526.3913050887867612497740354029932309
4527.2748067310856239824662404616879044
4527.9619627082407188869947881952264338
4528.7977771969674965480217246197703604
4529.9313138238163739244868739369542678
4530.3402808211727545488422376127016485
4530.6536889855259832796533203806511603
4531.7398208487524811425582976924867996
4533.0028819780713363133699104033333340
4533.6383915701460527150648846945084534
4534.2669442532685515550027931817300054
4535.2087311628586923364533761572408055
4535.6697149920409908508275384737014176
4536.6216714155712293225697500924131343
4537.2591952594551713616451391595478759
4538.4479397205304606752503242679043030
4538.9169732950394260609091812231269428
4539.9608910443367603120415622440822760
4540.7929702981434879042230701815320676
4541.1270545465440506851089598567641838
4542.3375998667270859531869677711428813
4542.8631212501683481360597980214129141
4543.3251434547183958785333248025460276
4544.8586961980002904331900598255760135
4545.6340347478490964442387995709216001
4546.0473451761058365773467134850672251
4546.9724766976827295480688516089946572
4547.2840085950405440374634176095979651
4548.5485225213233947647623555571081333
4549.2704375533090966500882173877677275
4550.1072687513096678610800332660301734
4550.8263116938025953791540316575630558
4551.8130992113301733365549622728095506
4552.4077484466269819735513152366649418
4553.2705264672046271416035483708331877
4553.8497341297286115203080664816045747
4554.5021656982577536822293601031087306
4555.6940140054497947902212048572368800
4556.5540187934340304038676862344025018
4557.2287313002872684526018404861541271
4558.0220182450973958768294418579323086
4558.6359922552815594010417470069512522
4559.3728791775735808265752951151263270
4560.0572669096763144132919765730059900
4561.2598934747750667666787555635526858
4562.2055207042738865695631397763147053
4562.5514059357173043998747912236927863
4563.2640127704374287986534350064555106
4564.6023713517861041329842643490545809
4564.9321095946346372304991957818352925
4565.5031774021061509475857504475897918
4566.5841182434018879378362021416227503
4567.3395112034275889708983696525861829
4568.6060987776154533471515187307628676
4569.0519131286544993745126762076914492
4569.6642585031034362454181633738336950
4570.3079521828298231662816238160584156
4571.1694791867904965985584682555156280
4572.4029385754369980103476247729247278
4572.6692470076916377435503935101222407
4574.0061062057846082797859591964368694
4574.4752205921486364525052869118235192
4575.2590391436679341958625761260715736
4575.9281915065829720078742211993754063
4576.9219934052523111561469574443516736
4577.4490798008213886312364946439976552
4578.3685297019551004248948228587838935
4579.3372674408402242977446304381068580
4580.1417284778356899684327599135117327
4580.9780858537181703842433161159767854
4581.4408974186244867873719302802686056
4582.2798018260970559976181621682490895
4582.7430925032203129703516614926651801
4584.1521719585511103088741143327555053
4585.0485383040676719394206022697985572
4585.4834654669320572782794500986993040
4586.0648389261405686854198654031823886
4587.3693692391374664336663964931840742
4587.6373008545658405821719009358016760
4588.7850426930229078588030749716500009
4589.0779742760948979860608146239716516
4590.3731488416497455779406760316211833
4591.2171797322838406519860726466356195
4591.9196354957947334792231629239351241
4592.5482625166043938597253657732710923
4593.3176233984886073909956819600304333
4594.0737532329277278185493388051596882
4594.6607478851046957497867880717506390
4596.0884059953746066734633108201822757
4596.6157617404387926173840757089537762
4597.3159594603291213527153823039271265
4598.3447047736027815512962118076006265
4598.5130540702532735596453865525045270
4599.6028506706539861120447529397081170
4600.6238542641822641398512624808411192
4601.1551507625952128976080350000721591
4601.9569620137250185858706601788654451
4603.0439021098864121533829838793860229
4603.8098257511546459206935503282513469
4604.4691944846072975327893202675834181
4604.8624419734037112104460403773021954
4605.7186682296067680776855842153182447
4606.9255976594251315817090110045401170
4607.6218754263244080298749497097770176
4608.6949587765241820726435830635292976
4608.9958840398705930469952941498892855
4609.7037522852286666184071241180070684
4610.7861737858628489567931782141729099
4611.4866992860504783688186350796000752
4611.9517345651532048683890207655027611
4613.4474143474400441963017752464697834
4613.7822154433103048364224002679435151
4614.6289055238906461572889967554604099
4615.4944699650960237281924640347064205
4616.2977169057373540719909864612145819
4616.8445776663953550364113766922163180
4617.4276598453907554371019707194778782
4618.6840762721422640287670245662488289
4619.7401603609124827196880204056985105
4620.1555425233251216307897973802748173
4620.9660791540880098388757861136402767
4621.4079837248598446102656738400685839
4622.4819521540993139046065642131056324
4623.2601596843910187456208173881233034
4624.1767353569671749652776140229160478
4624.8180460214050344882559931497617327
4625.6592641475207497669835409927984831
4626.7971693436558290140829194766116248
4627.0622448844319620986914646320063769
4627.9254684757541531517455114812588921
4628.5456781063253098850982221338323992
4629.5144775260254944149187708737110006
4630.6807710320804809471934667242679518
4631.1346455836909678442502328816547982
4632.0631444494616323550471613614489149
4632.8825344747755058856278545755166655
4633.1542930769214552591313182939277267
4634.1413497418863129990762376481543386
4635.1238588494200134726991797645028258
4636.1364107022572765853329157584927100
4636.5760745233881267669842322669180295
4637.4712216801027073422703691337744703
4638.2878985373606550333775139388907292
4638.9982333399189590590216758803816998
4639.8404646685014780111764445702077045
4640.3426709896225013391177012578019549
4641.1697214205562182381485702676151214
4642.6722119243721908646579714721234162
4643.2055997742599494740955302414217544
4643.4567258089387277913752204759599792
4644.3579100031155287115887636397996447
4645.3952552843727417843495133763269609
4645.7998376202410777543312682014317428
4647.0891166054190791637226171198634999
4647.6415014192844859630764579427495054
4648.7474208198971695479036262753609907
4649.0155801334227070799571519206414043
4650.1546190423333094085641436519572075
4650.7369726862584536402668917847262213
4651.4163784556001054500431087688007237
4652.2993204491454471563502966413062348
4653.3144977863066111459548842755566386
4653.9555303473733006647050933726561807
4655.0314723873721149301716868166220238
4655.5354024544293738671718162088024521
4656.3763384497987103368214124149139273
4656.4817370998046752390698919060224400
4658.0344418229322390942066844711320298
4658.9003040926185002884895470507786176
4659.4241179594325449134863511077807405
4660.4620349510426791307027532853365213
4660.7052125267912158544162460136357214
4662.1170407181171934410589929887453148
4662.4509811549059500883608034192042920
4663.1241144490917021504755508137647176
4664.1359753698097148651772971136055081
4665.1718266815876001405929342946284347
4665.8578314616051606243683878967258890
4666.6416379640404541405698354869044479
4667.3050760028818409464401428435965647
4667.7614449078260818176690738391927749
4668.9680037041205219970824771798791285
4669.4500873443282262455532368148513393
4670.7980658224432076643914642509021251
4671.3377487593890832712093774580540548
4672.0409902157308194693725712439146652
4672.6693658439612229988121230705130317
4673.4868259127566113446836682396794665
4674.4847471578683050720152214359906451
4675.1166556479656772838644366055601536
4675.7747364870264827442435216892042857
4676.9898360728610688201751791674840568
4677.6514415210062683848843514836885407
4678.3987322098290647975676501805609156
4679.0168738072094130161033898481889321
4679.6545357304328657806407949683000850
4680.3957471855069472243012497959018959
4681.8287018016812510036758384012130392
4682.5617134878088536280841827767159013
4682.7117101438422517944159109053534797
4683.8467600155128512854057038438104927
4684.6714794155591597240201258220838708
4685.2617368077103386872853146838271103
4685.9348891036228343703965211124375725
4687.1332555688511523646845661805592176
4687.7452832094155780080963310850880200
4688.5519779306596894119761614188336192
4689.4918462439082927784962640337587210
4690.0813691919663554496877262191803572
4690.8005417029719230913301500839312623
4691.4431928589282460657537930335767555
4692.2873027647394487996660369819108885
4693.4954540442978341539594033749279511
4694.2290250336594689214090946990435925
4695.0403327683504350557300576287618549
4695.2212765207719934506442782434978991
4696.2128443007250963407403443712297488
4697.2965666140096596228388640361090283
4697.8361028104496010955993013801576100
4698.7912612540892493238752185430125373
4699.4202633524288465010980437415626831
4700.6733432810950613010480048845470914
4701.0309765781814474139837018190598139
4701.7954951357389634162169016501628478
4702.5837737748512831516051849445707296
4703.1234123596848369225875246811431326
4704.3835243676580674069529327644422049
4705.1819047340672100830423346264765938
4705.8581697965337182558740474753494075
4706.7273306344290292218333290395206118
4707.2135637821932621129924617207213647
4707.9105396536104820624236524846266467
4709.0056175755025555568495557073005267
4709.5840699797950691646731615859836651
4710.8644893754153899177524109462202685
4711.2579397000506237615448701478251182
4711.8814995281428042421162753747143669
4713.0895062842672584619958797421705567
4713.7470086751353541971556206350013352
4714.1539617447137215845024011133458231
4714.8541455750163896508634671428098778
4716.3688354476655507904674655757868067
4716.8687157547192366817790383317149827
4717.8075279831576504809375659131354559
4718.1311846270975947102988015381999682
4719.0448313831623275730397427663697175
4719.7482972534556239496703426301460767
4720.7376209488389864045702724228128564
4721.5942631963352291593529906903437684
4722.2869093853289580459769188540741974
4723.1034241167303952680385196018224332
4724.0111619091794092480903950820974163
4724.6030116096031764573553458141605053
4725.1204552271451094170795227173486248
4726.3352561293717934270263740218967423
4726.7794071227971920316774507435899655
4727.7765745384394777374009699925162641
4729.0115938611542515049766226804261683
4729.3396137075033309945680343760501155
4729.9223749967470507865058779714686933
4730.8937904732213209143324004738458316
4731.3181225876616620028879459663793227
4732.6503413946589146872294531869263560
4733.5148647777723077565082343787000271
4733.9637034253402077681378564586612299
4734.7946974448082682836309372777315959
4735.6089410365631321735116757598218264
4736.5169531410041392021171876050210622
4737.1392622820643710935145126626220452
4737.5776586980138804244567199391858554
4738.8537821705069095669317479773727053
4739.7417441491666579265854281861770307
4740.5970454059365544649270950186328948
4740.8842403581238455544333671498035162
4741.8702630007273561543755881937351296
4742.5298624045344634296450555188676103
4743.2646391068657779264717222061710357
4744.3112035934880634069872678708811852
4745.2855039293077335445519942225388618
4745.9461334432587023967347640069353844
4746.3708507584613604863989533490335013
4747.3944569683283050579919763589829218
4748.1060107563948462557346616817758243
4748.8955595575512861234570949557554221
4749.6269164978337500677024948741855298
4750.5245009422094425870025143150489584
4751.4288486249617867979124955203673204
4752.2362230189071597234808072308912570
4753.1047446035424855294172076776324122
4753.3855742031519745538667131553845792
4753.9487156053319321590972205222669282
4755.4264777360534485922931647753339258
4756.1616570584434406118321107785646649
4756.7886876824441434585063356166082237
4757.5895525403980149309924096740260461
4758.4562563805745322191814017742095172
4758.9229385398447398361640784864013221
4759.9105667333294884868181724104398050
4760.6550141219330992461014185616564641
4761.3365949037630912181084992245444486
4762.5452331110967853267092118338688224
4763.1051102677904920020519385856616563
4763.8143308985269307970759952654928566
4764.7125069808529606358284962685255236
4765.2797415739891133044784277804293111
4765.9166825228735794076909938436913642
4766.8744972476625596777001713586831656
4768.1451324976603192607589978244058217
4768.7769505374068238971027459095128967
4769.1543496571745772985539422016017739
4769.8694620750057224212721737719746762
4770.9554685552904641650631754470742864
4771.6583038666756743837502199802476533
4772.2976979043940343889162732703386467
4773.4523635741936550209660407645330041
4773.8399411350775315065541980064790176
4775.1623202536800122163741778485074234
4775.7236359198944618958943033494204142
4776.0345766835342924896253195567008361
4777.1044541769494073280798387660929645
4777.6778441087947428948193547732419246
4778.9270432178550492681866551723217272
4779.7383520141499969831962574007507628
4780.2440326321127164142313794683772714
4781.1389992356607514670216575975938969
4781.7601481560778826488769264313007440
4782.5193512535041967884620451577068992
4783.2102698642433320731816152826377011
4784.6160625499542742347398704202388729
4784.8442755981920861659749651569431624
4785.7310725643236079651315951352045991
4786.6555526070087686490238399684098362
4787.5825610964648784443003351650377212
4787.8814887368313197832122004045092745
4788.7611635007849610836613348154925922
4789.4210885990753310376420476344500499
4790.8694102881262235150474156987961006
4791.2944109425497576403728045244317033
4792.3992219310105154782594178933581631
4792.4827725939863904070128808537816015
4793.3373656071609266788024643577747975
4794.5027390036742506476408704673924247
4795.1628185831574706392706805622370678
4795.8172103191636915888185254432108969
4796.9645479733110264059888915792239654
4797.6729730741781740314125920557126211
4798.1391524569939625414137388467283989
4799.1647112100122178201928178040810342
4799.7806334332142237025545437200306919
4800.4631821640010169693524986263316315
4801.3343003238648932512130718694328287
4802.5331354759487077895302511229472784
4803.0693375231948396700390800374761283
4803.8421818988894351349051315809134061
4804.6037940805666419503227365102949078
4805.0603725295067310502786787020729933
4805.8840290282732551886417477029100211
4807.2850401632924786733349993462411209
4807.7002600675599273200292633400525437
4808.4499524231941753350995972909629924
4809.2260352706638751294158121772032930
4810.1540422112491500632686424554991815
4810.9414302642457033556826295407908134
4811.3774034173869896461130433826612135
4812.1098857421759160794366399096392306
4813.3639946520343489212325620744085607
4814.1820112104179626535919813201248310
4814.7827236211835691339517217872432013
4815.6316526467794092795416279344934745
4816.0546300083628784331992866864339407
4817.0125903518114085230470083117591463
4817.7158797536234011550174861920226421
4818.7946592424816091419694064170249764
4819.6091175932661733735504009227712097
4820.2646975864560991514010983421503410
4820.9912108127510481522989890933810165
4821.6611886444619421192777758379606817
4822.6722538389760506456594913855888052
4823.1149665737912423852631394636054291
4824.3552240721081890426559178724361463
4824.5685417181106248559668972041119328
4826.1215912413490244660943964954168265
4826.6351287788094978300344100907422624
4827.2595025362025017788857247564081505
4827.6306857499266122199022520622281100
4828.7827245453699226954668472853206042
4829.5294564845543897582349357398403086
4830.6461156330369792123724621905185693
4831.4340261571825104755257409414918905
4831.6914409685767548058999160255460234
4832.7454680398264736357317055049735239
4833.6893136617251999580034063525278495
4834.0893680110845546774968583258742424
4834.9210092702625482683625921239517688
4835.8842758082052443332750555398981970
4836.9017211605586787801714642257756626
4837.4640157893044839944916030350045420
4838.1624104177415658158644457127279846
4839.2144935692544013589864244455040576
4839.6814147329529478076881041861917337
4840.0377237183731854387968368163767692
4841.5773252912501444658325019521664891
4842.2626378105583392414922505022707470
4843.1973080270456137006838259097236570
4843.4690500063474424916753976291108334
4844.4433493446207011196597095525909340
4845.0822960389274927133419195424808045
4846.2019391506603629467768134682984388
4846.6884865679580480683558284076095253
4847.4817155407965217808072679869941876
4848.5745833022175029618119608837614992
4849.3348375179068293822893166838593726
4850.0540614718450447405860618004154611
4850.5588056608514667264723551827470054
4851.2442861579635337934356648299892217
4852.1973807043106312061196123290449274
4853.2986807133861009335833365232312346
4853.9218412656508627996396582027700988
4854.7328430184251539188018266765008001
4855.5112792750951897772343045396926216
4856.0016967864633387253967172417567732
4856.8503772302854850188467973186062039
4857.7569549335398729746289169397719780
4858.5580799734075544779696232003250490
4859.4953728512948080490904300036561079
4859.9956247083136439937370102418819009
4861.1778351128028344177451820410717014
4861.5375893412152127044620411928714565
4862.5322251392711131709936922179022565
4863.0195915647366049132871879110391236
4863.6721647254141853947816103694848470
4865.3016580752221734202726877702423327
4865.6921224666582321405254032523134300
4866.3858339468616752977295856429345085
4866.9272366495658012423743974152712181
4867.8257660485292304194751514363005447
4868.9363865130357720747244746097710015
4869.1416875709211695439540770879120559
4870.3748508609491906695365244087935048
4871.3932925231481707909142556574832900
4871.5404595499191840218729457716906635
4872.9662894790617576705566086029893485
4873.2720004602227654972099834372021760
4873.9666783545340649513444574639691777
4874.7891292721950165412170326652792511
4875.8630892563082800821871894028751139
4876.4946048975903708113794873381364711
4877.6191207965938578643157083909667631
4878.2299954924651748654624423754969464
4878.6560666942101348215520117412171054
4879.4278973474650997112417416264379677
4880.2863192245828512719950481466219572
4881.4801943103568603996864230452945429
4882.0026691344077948329100598988303878
4882.7470195344152722358892513537077423
4883.5608973679968133867726176882295040
4884.5357107803197360684804855510609500
4885.0087808210202297917965694132546563
4885.8685040502988261918060521521664261
4886.3342147678221982961770745195829747
4887.5426274793769848643552524433196214
4888.6603092729385070132909023389196067
4889.0664800669046514112705230329763089
4889.6180185076755455610999466454048051
4890.6726159330226769162477017683829739
4891.1001968533109271504371257604509359
4892.0766147238016607673099751029084988
4893.0204965445570268320698240889879156
4893.8310662693605467419097753484468022
4894.6008630475430079950019806088456635
4895.3664509300201553586707317214995629
4895.7553648891291459555174662158353714
4897.0705015811674235718197726037588708
4897.5057223990740267668320652060254634
4898.0846828716133063531975315162974798
4899.3251959997051989553901397290164448
4900.1687406534505495302044080338939948
4900.9028260571256289636684329212208607
4901.4772381209502455993491749284234158
4902.2103485581321141972848175967572917
4902.7002717470908315310672382266939105
4903.9494312388984954258820270608495225
4904.9492675308066425591437664368279056
4905.4348204005196851516657843874644861
4906.0499619829589757616274274729399773
4907.1185633908787632931619358119787809
4907.9484722470588889588042605273804924
4908.2132694692882026458996258222073877
4909.1979191794080010835383803271302290
4910.2027763005539253877579945175154589
4910.9358604852182595895839158161217054
4911.7804522196147472633776537633728070
4912.7107937970143981323979193059814647
4913.0684185975914078900388737288647990
4913.8765709512784055271796704565833034
4914.5759483534205526288011143774605121
4915.5758776328890533307135913204293197
4916.5555811005317828769835005481124775
4917.4429944619956130883956369828508600
4917.8677609289870603651734467058627832
4918.3609733328263321874750702954492983
4919.6493325510648224105186082477372970
4920.2027085607481027244903676019372047
4920.9359875001335638250564827925550619
4921.7010157191095577800577237880060712
4922.7812177385520582771153338448898852
4923.6736821178426195683030899738298283
4924.0700502642112059097359051577069628
4925.0834532233863515336667885302606605
4925.2465869182546134095809688198314087
4926.4534091381292924617381323089283141
4927.3989870640323113320289862049214221
4928.1973385834586116975643930427311619
4929.0579448431445409127032265898523992
4929.4729113019500459357409913564813578
4930.3532993558988926251532710718349680
4931.2262467430745325407480369374943229
4931.6890794158798842380626502756514288
4932.8756360721139842916237370590343110
4933.5996389219473046398691881456638340
4934.2908748470899291427503584303468675
4935.1638150592759791761778096478583979
4936.0562965093371434573756321466379935
4936.5570746635533989225457364456638362
4937.2532452206065888520989157905695329
4937.8253552409840297992158269586696968
4939.5088096507020279728692412562299061
4939.9154391441125278493081871039716104
4940.3502554963755667867207447444862914
4941.4786274348853605444730204677333665
4941.8768445163727525863322184201505163
4942.7803644326983671023578726029746846
4943.8010199965397192942726523951360157
4944.3549561617987239823730206111066610
4945.1799647401779571013368243508020868
4946.3832376319892113542993664522090546
4946.7061239895565431179462333237322311
4947.6443620348216436284172751848858966
4948.0377225881057794692575233516920523
4949.3701242305185271798416334040924625
4949.4613687878085478286156022259067143
4950.9962554873182609821098636130687153
4951.5586845722876792884859730301086478
4952.4711241105878088734013967096795653
4952.9150139236575637654661923496575207
4953.4724036601717276520577829895049675
4954.6638731811187313767989482112111852
4955.2586843923994971567042429228392307
4956.3818559459147023948120441137669884
4956.9532412680917682762962228217201982
4957.5786711052498369804982966759267059
4958.6566070526357725845548024076597611
4959.4505708911589431592183475701740462
4959.8415047755138398562268678881753744
4960.4259118347166395959787170381242763
4961.7482608464729271092342943370071586
4962.6132191209829650820019734127723548
4963.3754651315359830078265136768228283
4963.8353986261224205400035850267048973
4964.6136714750431843766606573841888527
4965.4712250240105886659887588478501725
4966.1228359389824653470662348648334667
4967.0415186521157127168497315677232986
4968.1796645758464516230467753097811794
4968.5233787594818068758322506908159913
4969.5074708662785899411432558811337016
4970.0464469713341280071734360578075100
4971.1604741913344387406312304777277145
4971.5011015533649556233361057274392864
4972.3582710857195687886961665500138304
4973.3687896432851412776464314565934460
4974.1585168989016270912826224395276879
4975.2618531452128694237871785087341715
4975.6232251873411451026978849141411911
4976.1838778979339884563029648581372594
4976.8675708931841902559167030497626792
4978.0858636875769275242883804997977718
4978.9579352247055571392811809794997192
4979.4749762521427226668614652196179864
4980.3838518443238884718065146609354816
4981.1306875774214819396766816465447000
4981.9338043793567776249161355311222034
4982.5173854278560839564427345197832713
4983.3738835769543145784788477185164381
4984.0398299179221144109384833034487726
4985.0962669040183927296773617447369211
4986.1804993549091674461101397083942926
4986.4261792814923071429733064717663507
4987.2657364618164312043039788167140251
4988.1778872322016015552425818265764126
4988.6483114936747402773527046979785297
4989.4109901386068572200043828535369253
4990.9039429734196417848005666988427228
4991.3709063953597094170397470179593024
4991.8356495424089214241085478670171224
4992.7043230840023455959152604189099494
4993.6681030515740198025957645676990166
4994.2059503787532985769308179354039284
4995.2064395864034546631813463496508178
4995.6194536199301401614241179546501679
4996.8288505936278720774405769441065691
4997.7130464870971499728276608684280897
4998.3472323973701905994405452208962741
4998.8977929664240070870784304097201023
4999.7079124830548250653059858147486596
5000.2007646575712279280098948588441095
5001.7745807533114865493485946821445692
5001.9779515379428995113439815204846289
5003.0788563395887499438945372293483809
5003.7734268681880773202903391721330339
5004.3437249368846718639782206854039806
5005.2377144900542809702432090732904000
5005.8892368238407125771481126673243426
5006.7316572214541252486544049475065598
5007.8235786871630160231826905025964996
5008.2251287628539067260677964837573349
5009.2596447793544283761874528008137985
5010.1552978081963638145609449149050225
5010.6889493526319477240795587542723040
5011.1685317450834340951598868611606307
5012.0306321369771455517579802699661581
5013.1653218956468827621749867012946256
5014.0496469296231958731511566119185326
5014.8585059955819680773865798942309403
5015.2176451458956501091193579834498903
5015.8678776695252223680778202414858686
5017.1097988337952403335596233556024652
5017.6762233810754376249641026696770900
5018.2710693716587271682764734766366608
5019.3276642637261639734553420762768987
5020.3189229373383732905299816288763427
5020.8101512768234993282511363320229413
5021.6307994084286992057626442332684963
5022.3075248499833389981828578335458775
5023.0795657123390114311466178309081069
5023.6584369032787651356745981722952212
5024.8794353555431317146108787640074109
5025.8699151297552311464741317898994443
5026.1425151030172979519256364323259050
5027.1146504118830435185420013037743172
5027.8625179396804817053382500087908221
5028.1855386373848104868769586655583609
5029.5431881689911274842334042996526866
5030.1826398774805847538528047609482451
5031.1748371470595999131293815008719629
5031.4293787641939128615616153220692697
5032.8103409162717197828954214148760472
5033.4050457637976300226861145746611569
5033.8269100596257119343101842209241670
5034.6047446075556338971579069377209721
5035.4848811212034279381990447657954095
5036.6634791196752375231330801772146859
5037.4376207803390154200101966623513960
5037.9015999740482666694891132192308796
5038.5927106110589993186122514822156768
5039.5086038706992810537665393287545349
5040.1135081204204759136897675085299862
5041.0189211877768886452687875676147867
5041.9592622171546628606635413203752768
5042.7271376006970036288541620359598041
5043.3866776624026632751570716608456593
5044.4346816563275140397938212776265196
5044.6325941712509245612859032014441791
5045.8759599976427398034995683920133645
5046.3332090690705171322214596278151577
5047.0609178598017713321880312253456470
5048.2809467477922545831189696157774901
5049.1527046622929231457045842161024766
5049.7126747194448425294462369446701541
5050.2226706401639776948555440590436426
5050.8996107408158058183549413374966069
5051.9440931522077223146572457283296764
5052.7764503739206725887831758368693338
5053.6934576694504793097004962886817296
5054.2463503996954595290731964187816819
5055.1478411464263545066260197741927204
5055.7721827564456813102904831468042805
5056.8685120164184103550406869376631835
5057.2572348556008729978368956853688548
5057.7237682607375305838846937220664632
5059.3147604212356563722682012218226980
5059.7902869207913787814153114737313659
5060.4694685959164054961600927879250464
5061.6407217617671151780381523510802536
5061.8665031006395550571992001234165209
5062.6179818873373374608849736357329245
5063.4223784372180346847567882913777773
5064.6009358350736263383480579248966631
5065.3043320477897654695811578963588788
5066.1818158244012036960147911806511504
5066.4871090582074050300615283070696994
5067.5552779795071835689920478249388503
5068.2917072250557053708205913975605489
5068.9856802706539149786969847978053167
5069.8220623160479579797992084907986896
5070.4021974874253576332463919742662520
5071.8559382177235072261158145788421849
5072.2468852219459056638842605022610718
5073.0388222175539495877736296958844230
5073.4158489881751030857434882601558043
5074.3872751677201752844129681175111785
5075.2073702613297708113720817909387998
5076.2849099461771946176155176206037822
5076.8741884558109248223654486425018384
5077.7611968798472799337596299932381323
5078.3328263787425746699437136086625916
5079.1714252477360068125288024176492108
5079.8715931367164253252652103681572225
5080.5820066615340410668976604837744054
5081.6517490778907590185017875115271210
5082.1512081200823654540672191932503844
5083.3649789030804134041003935169545825
5083.8115198522794118838539907071072685
5084.7266904997710190900494654526889685
5085.3434066546138098174254616522652586
5085.8769801193797501717925511656439119
5086.7349813760590903229096899559651279
5088.2679892313002556750040093725892595
5088.5552497396711371251709665924542659
5089.2245820256382164162303231647226738
5089.8575108002884751403529270164684636
5090.9291016741355421430046912376677743
5091.7519999567716203450716573903185862
5092.0065691986383123559752694470114196
5093.3297493263555535898577779744235311
5093.9134680365755033100998279102909506
5094.8884229520853952251198908418305000
5095.7193797561543305938555198349866273
5096.1287668381092339789324398573631071
5096.9401617349038594409957259373017607
5097.5971361407296173355945399205839441
5098.6583804925398768266770249854129231
5099.5550509230494781157054347321281829
5100.2323651006180949453130917034817496
5101.1942898870883365586950604927706167
5101.6425505646876315786805774947091235
5102.1123615109689692881936772450927890
5103.3118361284001737038000691975821397
5104.2852521724530742564610114688756534
5104.5636338295749906578606828635432967
5105.8020231862436254856423404973054440
5106.3640780383031738361333112527456263
5107.2806897368784169067691016176827036
5108.0647894772755851305774815064436135
5108.5064262558848331036136086441936155
5109.1010364050370688210614820391756250
5110.4066666374594225527326559062435882
5111.4022221139861055123687654880146161
5111.8380461883900326539012850010335724
5112.5411782654988842907474965277746414
5113.2753922473635004938131677503354694
5114.0787446094791840716520315273709252
5114.9248106606643824457539683178769680
5115.5444829204392105120052255206177815
5116.6743553980334762479389640528343827
5117.4603144595855106685075095791186816
5117.8595942000639827539410190856116860
5118.9640035552299407764354748053182955
5119.5144574176847417774291560829203371
5120.3064269232931344364594969594244759
5120.9041116576441604342122681858582275
5121.8840709119709082517633443738843799
5123.0758869929120460808862244163101822
5123.6616102432401318055358328785474044
5124.0716838472490182045598926622800952
5124.9989534470025051713851515548797595
5125.5230328517049735866881450372838091
5126.5448127785675061300849739320993108
5127.5968988539196881674389772929264398
5128.2426546784869029391166511633704539
5128.6320361785521162228276527754754611
5129.9990418625687602195523478959008059
5130.6003357523681613073034087926249362
5130.9190637617315809776540234606662023
5131.9084891678706870518334801039005600
5132.6579462284527456294932088862990614
5133.7578192895446727313979980663719006
5134.4223250826769890616820751941652438
5135.3076043684910934815414619215923151
5136.0073111717683663675289277465902432
5136.2931116687106033073088441242553690
5137.4837362224931696684446961026443961
5137.9979422510984076277464005622571634
5139.1894140846271782064332869111415437
5139.9894694240564168954084027712191726
5140.5995657146548514282131886074880910
5141.1258089454000726197839808437630905
5142.1589581041320636521137369813653452
5143.0032478888920644651596750974463418
5143.5241543006263492604526300962876447
5144.1155836901479209235604961360610143
5145.4449592219411691207269711185376964
5146.2505715359196572996387337393546636
5146.8509139320903471926633212415619999
5147.4198753419845004330213016769597849
5148.1925538000870680374427193146048887
5148.8399156881590774289064990648379566
5149.9797801062523033055277166312259424
5150.8191611291415301203227621310935308
5151.4028606621795529562288806440527882
5152.3012656062178330192142123189146714
5152.9604454541948435796108318039912655
5153.7011156235716637618363082603392487
5154.4563548959420884400753657676898233
5155.1549952537959452731095804879240520
5156.1227831582550759517697114308272555
5156.9411702184070949070778683885679877
5157.7394898221724668448202257078048357
5158.4748987817557593289330220521342829
5159.3171027739810637995463542934268620
5159.9797654203692113253282974576326769
5160.0609025984534416183240642764503216
5161.9028357174799307547290522494540143
5162.2816932295990153377444794621878443
5163.2983388129850873544298399071568561
5163.7082913004541396736565192503287712
5164.4985947347500054411471070055244972
5165.4504634987695652291239327115818091
5166.1479109045882287769468638084532920
5166.7753272842303952604065483822101545
5167.7014846345905654180471228797918497
5168.5828050139501023921212439271481274
5169.5912591838018441367935772151378531
5170.1653688374242866556470582813437186
5170.4452598922370330787408579121862573
5171.5688804248367432738314019158187648
5172.2936829276083249943223554910986395
5173.0021938895769467400351467581984814
5174.3002537916044383043948446798048502
5174.8664000940125267381909918979356466
5175.3414285848703108816214937733988190
5176.1090115664316348373330551065308160
5177.0571392095732074149776850705685798
5177.6447229496445629088692855112001511
5178.6076622667829132081442502494657958
5179.5224993061099975933801641318001134
5179.9752244529453141948667728703851018
5181.0800798564020991532302802230145755
5181.9192852883838925052363838384155162
5182.3261398458843157064399366243096429
5182.9866007824571660798045201528204092
5183.7037000087672396867536107829654813
5185.1929601283055095686617243044125458
5185.6400983775964917472201359475602216
5186.4119044116485395581607241917589621
5186.9436873793514815994497977399144445
5188.0422032131853709466520728510158448
5188.3627014316971397298701653262863821
5189.5018388899006796308850707660205903
5190.0777847824480264616857735350621378
5191.1979833968055211984870188913631817
5191.7891275229009919673961807726837293
5192.5894090639977205305011094815130782
5193.3109930824251361087544634330412829
5194.1716004295556401243554677874946914
5194.5735952863173035074789207054528508
5195.5045302248243258129605836083206428
5196.4956876978396637870294286997384125
5197.4667279756086083090587760567404712
5198.1456333735749147470149413536861435
5198.6821910635897234119513310960842952
5199.2273775142964181172110444223107109
5200.1346549632156596785645523902863570
5201.2716404163277057692224635115943214
5201.8684228781602944480126067193396330
5202.4655084471665848364687020527183511
5203.6664799865952443284743605620643811
5204.1267397389938545738591030772867406
5205.0126663644984383029501299505047047
5205.5957932850861492640706988390888520
5206.3524752963080146333295037223750293
5207.0314547877876526271831513160362833
5208.4754867903801374291418267416792416
5208.8968167556149218069082213998603598
5209.4880733677332670729648973826039821
5210.5363099774629842076269203969353809
5210.8989317892778781415745612634644974
5211.8221137647299546860417856275826276
5212.5036770887260198129378527812101934
5213.8811245908550089024925455835510877
5214.2710870594968788917001159142991041
5214.8858622101097903519056951508973924
5215.7601776782662540142273666693406893
5216.8317335245524371666077044037377301
5217.1547570626744666859310945787146075
5217.9024925910975076999336457755234574
5218.7969088321808453581700496366790292
5219.8601575542585704940809126280776003
5220.6280308249727973271979135036517373
5221.4926607747859398991609488835921458
5221.7995909447861832004335469765525735
5222.3534632861798958638402393897950752
5223.7259335630159800737251617563151546
5224.1506220599878372649617063145315960
5225.3448634010664630410581485943298318
5225.8466645340298346311848069380935754
5226.6469547496657093556617022018348675
5227.5165078048888242031242038043657724
5228.1573201578126724357443956928021429
5228.7214412456078569474755539745844739
5229.7709726700396426269555109505142252
5230.4723466110581164242616792624213715
5231.3300482836874023799061139644349246
5232.3407434969704283377041612580814495
5232.8957122751626824718282870840530923
5233.5177347076645576670247806113575413
5234.2736679101708825234493291906561155
5234.8197511359177608117234208426989519
5236.1242445610554325884940216964506530
5237.0239750814585795757905211155590653
5237.3964316355233247563390015646377334
5238.3819133277755975246693776104088909
5238.7218703834838486697232231406846727
5240.1007376659656199647111346490577885
5240.4854785137457850852551926597085800
5241.0427237057553381230545707943359836
5242.1417115872572979608615232531512171
5243.2686063925851663501429159203991145
5243.7822749834857025116277518989116593
5244.2794242933002754394795326269301522
5245.3947673829380770204692263925252932
5245.7361493348891845649055962004510204
5246.5095811472473417053114277809501633
5247.8482596935492011292163315213863278
5248.3801766939404130462905309377183928
5249.1910370917679379395567896388508082
5249.9242482015292208244859032669125269
5250.5582174006724591706351310023092664
5251.2686513239180149813548937042295775
5252.1534021505613076798551623812050614
5253.1106766986254963251925802131450302
5253.6614900745257840573636251201621728
5254.4756895016481432991403760814058513
5255.7733410521218769560132222714860981
5255.9520563675010006076472319187229331
5256.7979717868326046759052358378646073
5257.2762050429144739311996759141092682
5258.2491422077509585227322419266149116
5259.4743610006085099779808456621377345
5260.0624091194382898666925561109513347
5260.8214835366200030874725784240093862
5261.3022702659068182438010769013975782
5262.2828047069912647692778436517132333
5262.9416443677499268975833579726632443
5263.8286028451944604504022008335417730
5264.3999603236173754800166372784110013
5265.5979648980316371332466577047872241
5266.2292842655745833365291398975930940
5266.8454214930766254708041637907697910
5267.8845861114380010740318620733640332
5268.2537398936583824467274775640254930
5269.1192165659611074762027062260151077
5269.8119769178451190711180627723181534
5270.8584971144335824271496996958160285
5271.9486388638158521997214051380749759
5272.5054783164203545401856032449998521
5272.8090439663720751178143786924089066
5273.6588786397704879036498504348403890
5274.7759004311894527812127744261577645
5275.2521405276115633822752287975279141
5276.3235148255073075258348139409587279
5277.0216575233108420724372461975602089
5277.6699978651143405249603654153639059
5278.7330770635551757498793550275509741
5279.3794476498352531403992844049140979
5279.9681422406538529648118578089983850
5280.4143191546477108549171249584789395
5281.6798432630190934741080143655150421
5282.6353934002648374370244038205338273
5283.2200259920054686500558933159736028
5283.9702839491742365073586880703236429
5284.7183816789807069999272819756121958
5285.4910455512436363279375088259762946
5285.8514319431107427146273337181148324
5287.1395956353151295821709449035676499
5288.0203050714161071515378773216497702
5288.4732269980388860305434945834155710
5289.4575550894480121831777662859820863
5290.1773429500324597551406381193073828
5290.7642016080900251407708051370514789
5291.8161885535946814794230819242401094
5292.2701713556991004365121553566370738
5292.8743195818493142999612483247461559
5294.4346758828902585289429753104011152
5294.8991152307427063065292938618528429
5295.5955716542555728089537446373529572
5296.1544209415674074863331240123268754
5296.8490624209715078496904824352489090
5297.8440517021147053261591981471198816
5298.7037862234436152886368652642866361
5299.3794201474690972912478737287757891
5300.4914256112079527517989653723522429
5300.7366567653938785802380628656415845
5301.9629291426200601770462207467118654
5302.3166515965166874166513508006576932
5303.1935811147586717943856864053952621
5303.9118003179143263109311616122407529
5304.7872331772452323075693167076714767
5305.8035239447520260403504823431412059
5306.4359186186858188130849103676420534
5307.2763727290636491363572327737342785
5307.8904704776230901140263775514068437
5308.4620468949519107110922926330094845
5309.1853166080113500086590322621910443
5310.3655395627619440778143069834056102
5311.3600297337814877296364057701263818
5311.8068140129675870105948853670111371
5312.2682397413137921206388589134627394
5313.4819766138152079861477006517154141
5314.1036403309014042829015126724530160
5314.8962785408000180435524804131406722
5315.2436872647584871805603523018837729
5316.6286305096282048870978977493937352
5317.1961871478179010927255655579965956
5318.2762114083125577493292131419491671
5318.7302284012861968248692807279661320
5319.3785054751977130807744913823127670
5320.0224874687791664618910502980916194
5321.0135446325612857205684636126251520
5321.9763709486223155748753889598855628
5322.5472841034716434356788435908236635
5323.7915690523837915603641466941469317
5324.0707105502555630321829643879441483
5324.6368976219452470723873903364301873
5325.7201468067141847196997432076938756
5326.4832804890400131005884034731649622
5327.1099754908540574230854379259139044
5328.0589971992790418538407335254337715
5328.7763236623824094711872832290870107
5329.9530486838668802396870922789888175
5330.2826344731606996642841842802744028
5330.9346162123577905629516340523287295
5331.8264788814271192068119148143548281
5332.2528256964292448077189246958600517
5333.8039872390896144066017849236119257
5334.4411155431076446488467742538324937
5334.8242452598518435395212093350719902
5335.6441678413919280213503870749318190
5336.5907686195162931574616366016097482
5337.2899455967839721736459827879234573
5337.7985891698922115562903339985927005
5338.9203350232983404424806974547275544
5339.5583048070210544304096443968574503
5340.6911860502492542783681821910845539
5341.0773512993738110480246824343602448
5341.9246240128684192871414783314230898
5342.7490735626823550857860207928182416
5343.2754917115122234611858521770896878
5343.9553361861099948188549269833909254
5345.2198513635286408781310137318436375
5346.1694875845182417429604102212773518
5346.4310128899973111892106322106992755
5347.4111747397519424743438842620981653
5347.8694274807077589776550160157519136
5348.7325047820753166329335445999717142
5349.7806990109854333646299176194480336
5350.4422205907162716974200979804532343
5351.0866522987898642561598097885678524
5352.0637007954224481366465778412420276
5352.9477067277334522528916069126712108
5353.6156800758465942653640312495869772
5354.0923411009335492133430546577757895
5354.7037434540096425423708861080012152
5355.9548618493360960499385223947252461
5356.6042272642604134035310405440176455
5357.6732647244774427734652278980031840
5358.1590007057678710262774719724988148
5358.9507514569741952119882494279917388
5359.3824996039257756750461089853552634
5360.7285036312273537960005186001407652
5360.8284251951402629953598186077706932
5362.1856362841526582626354455801515481
5362.9156361020327254796461842080538265
5363.6090126207942872126363018302623132
5364.1640195452060974539845650223794877
5365.2788045625967709235109998852377865
5365.9978409181139915649216300033612095
5366.2494073850123360370883129872010458
5367.1689990684828695887904041530870352
5368.6286097198541976944785731808486969
5369.0356816794817676660451425405658010
5369.7754749305359773203962688641036443
5370.5412541586981415416968716370889998
5370.9089706590642505253288599994631640
5372.0641303138031260435294437226709926
5372.8044335047687637501400609766429908
5373.6961971009626157339564399156577509
5374.3808896692305477967453259212689052
5375.1720345262284384553836091239061037
5376.0444610901974914611279525285576105
5376.6575458320105030138424314846163736
5377.2800767408866648950958731703067414
5378.0669783035282494405422324425434406
5379.0364737727376943708443023866611267
5379.8023700133265946008424834768198425
5380.8155841000093738718155750592568376
5381.2985622366629682132562690117827300
5382.2882022723260505211000828661465465
5382.4751863546414095928285226210589735
5383.3810844417070248607710199478511485
5384.5060382416473410417385162801821793
5385.4509149410793997349134148367031568
5385.9670626768375224692631674519916733
5386.5378700213464304513200394548981065
5387.6409153501844568001962980592527519
5388.2823513401618212830034980716023314
5388.8360796655479970574652263588417448
5389.9849397014342634812072293508976790
5390.1126044212938909781588601194458604
5391.6987358488631839033925658142085055
5392.5208866375565819464589996952608643
5392.6674068916446806813863245342797487
5393.4693908359284291342506896248102890
5394.4969438997649996420789724649458940
5394.9477055808154328645713877512033143
5395.9670574161062121729005238286240485
5396.9770019850846124747252427986272342
5397.6237553410431491641168264347560615
5398.3402542777665805610018116102021042
5398.8913702512258794454533631495963088
5399.8456017914942761744415299803151838
5400.6633386060119008938408065124668221
5401.1073546967336264010066560907978727
5402.2732005216991979699516199592811333
5402.9520129046341059247952794108081933
5403.7525395222941772680010336764650292
5404.8571592477305445377648447402393610
5405.1539491398016658472200449009372446
5405.5748410088026097382894576623188126
5406.5552919248078642622687124933233771
5407.8939064595566224328207099733335694
5408.4168566593445661802926595980787899
5409.0573743420207411885595968557019874
5409.9541529752957656753437086517992866
5410.4875479507763672681455953199658007
5411.4765025182740938338397313986662765
5412.1297135486658674362464666608093073
5412.6926751244388433996212059020076840
5413.9345769930671274356776038372274960
5414.5027616941699227699983899144072878
5415.4230507109342838417582252525607097
5416.1405983705498228676467108655775930
5416.6172442763499619485393868536766399
5417.6180898170353855605257370164886100
5417.9912137128408432133857744038205571
5419.2174094262340155137154442994282630
5420.1130440226526341437180474756578044
5420.9125222385648589288380385522096672
5421.3523363068037046922739919779443781
5421.9761114255513202923426539063201826
5422.8988312746188023391332261013133598
5423.8618064934275677854234570929019733
5424.4797233281717330245126501400396900
5425.1645216562610516808784821155968093
5426.1988555428664534063788802645884867
5427.1381049360335738938407591996098795
5427.4649055208757242247517050830759578
5428.5359356676521457783431769342895438
5428.7408317146133988595111419173455800
5429.7503266731340450197344641365212364
5430.8646555290416527106227584381512602
5431.7451672417690827883257495513525969
5432.2710047491622374680935966054834735
5432.8224516714271055209381394653412760
5433.8540921762048492158669132115319006
5434.5713258073515762411443740120417441
5434.9065414547889229176278213913930661
5436.3274706517531195528427536634847963
5437.0563909659564104731039633654700630
5437.4149403446590236035780512255932843
5438.5260536458434336693509701343158521
5439.3137277901044756268265008115309042
5439.8734648870787416419463717236260326
5440.5316799293235760326352759798071214
5441.2517503424528941364698166233791823
5442.3388841762624045552908141028505724
5443.4327367469840752157038400715428637
5443.8544452314223546217638661701089872
5444.4727174788765170210267255827671428
5445.1476640507736552432759890088905564
5445.9543019677370027002630054396750973
5447.1000570096778170137318778934560427
5447.5051789197388957365007449611423562
5448.4539937872946156134619589615234702
5449.3195165197357074386721913626025206
5450.0846122762381020818932660254780453
5450.7040795166774691609017198956116004
5451.3632496553546304936156751590040004
5452.3114337672947444924648675934562971
5452.7108600497659608138985466214798031
5454.2061944141073259645681252289288331
5454.4745581237623524870332963680717459
5455.6356180595943460619062498561822308
5456.1338841816869322431218225882447615
5456.7267579406016013681250558250160065
5457.3684149843922763509619348492648316
5458.5526764078248335878023057398704685
5459.2085952110336314912884013852683784
5460.3284203919267264151684785458382418
5460.6365678796508263878050751614000859
5461.3361296072913324487727242910751250
5462.6072593271158604383856062954672525
5462.9962387964014490328093344789038429
5463.6094086697875884427581745404941598
5464.3311239077383702174563230726868209
5465.6954586839445390056826632570718474
5466.3384794048821554805337288153750446
5466.9606705218768478111088764688659002
5467.5655586716612104232572804331612469
5468.4847196671743088779172594590930341
5468.9360455850879696679364811799003877
5469.9717117262401788023019617947811158
5470.9808964562771538741001532040799986
5471.5851645397457594438309973184715802
5472.3424548920076071934805115966102832
5473.1201022538386854492612799196181548
5473.8516180348219635452089868293444149
5474.4167512064028251845074938187743580
5475.4058833386347551093097399695221049
5476.2040319663895850657279084076440049
5476.7349736266566137369978273752375707
5478.0404660684634068820433080793613695
5478.6735032831474124606960183231721826
5479.2111001906841295808818081629757977
5479.7195630585129975706250970418185227
5480.5833785272039858514344593543585181
5481.5595093758085407100088207942947214
5482.5995338078292979682845513819015068
5483.1845940743849018557179727841450254
5483.8090290711327615332974537297516593
5484.5421963424946753563194421265427990
5485.5097986659431933583267519415819957
5486.1924183535377986938068706265233694
5486.6542283083636733565874314899589186
5487.6806947238619880597213916159493108
5488.7383967404943260013705742487077155
5489.2697787558312181649994889322672403
5490.2134413321383743523907005778854059
5490.6756056468150066349131941274948536
5491.4669072443778033273544849979334446
5492.2662374110663103123567388852992148
5492.8102828762115493005752902597693823
5494.3931998383795555275094550373449680
5494.6338272103834691690192347764453950
5495.4254886737801666892971204410739532
5496.1163111146360959494163498133212616
5496.7650120046181633569264634688466400
5497.8946688101866055278687562545921553
5498.3273736699870947889951413935055153
5499.2567376405143409284017341481622693
5500.0223055109190280217296243990639218
5501.0592364655135488228429168227605077
5501.5921400234922769286085039258234919
5502.5172728171209293976615087370892015
5502.8995497076391474410873301898047704
5503.4360922761237855762211228309250846
5504.9122844430291602696715006695851395
5505.6525142969546066222585245200130282
5506.0545886547474090645272675113436116
5507.1667728278043774453804863779175006
5507.7652072852699178206617852938206846
5508.2016336731886836163526604007673960
5509.2845912712964709867854225107904379
5509.9626004390745917131862499796404277
5510.9413710398666038594070085299552900
5511.5433400324703386945295656894653243
5512.5857490854885599133135534326659643
5513.0198941870749691438449728957170079
5513.9823805313791811516195033664616359
5514.6737045954390576918328119100755648
5515.0590821953556323294021340385441131
5516.1022860296575552076930832336358831
5517.2752787480837982029156402864969327
5518.0898479614773409623822005208864605
5518.5399124610592273007717143991957127
5518.8060325288853968735369352346290423
5520.1914753701760184702568149112406637
5520.7087344618882364114049248409673233
5521.4947201209954168393975721983434848
5522.5339148829867472830371860197677868
5523.0463643141156393087111616717116421
5524.0689707972429752122559259793248269
5524.7232765168705906344489837556792727
5525.4932033161655789724183220505385042
5525.9042494070390101270896435962725850
5526.9062359298106731778614424764590947
5527.6599000870423248319724248359599425
5528.8482833287640141264226030001187168
5529.2646731007081543499440927467360871
5530.2445995246315620995725665506227066
5530.6884663510247096034436698480284582
5531.4332300522713055313616154834656214
5532.1351279817760232037928251293677253
5533.2747082118711428019674023493687341
5534.0723356856951618825179114006173549
5534.7538781124626769339682352996194530
5535.1854156035273638162897811060637802
5536.5551805642155258079728191965971652
5536.9101767294112397276726430105631197
5537.5980385762861246988339305768472903
5538.2418584191992020124611904449606192
5539.2969624663117311841560767863159352
5540.3253219933719263891093064771063571
5541.0322850329825495414318710459247054
5541.5248185619614902672235610643170939
5542.3214954975561422383195093795773412
5542.8313673149745862764812973043488409
5543.9743509001049776035239449542174678
5544.6337469136036448235635167861081186
5545.4603248043382059677885116777058322
5546.4617166579406257494835079525658666
5546.9648151106975298654507514196217664
5547.6759299987790639211116116656942149
5548.3977671905618945382169893969351002
5549.4417739738055329145982237551255098
5549.8306402063293083451753314163380098
5550.6460387679535272700840189319619028
5551.9671569949639317723046245151757058
5552.4234190015228189875132706532046079
5553.1606957571159337200285301204364157
5553.9156675780153883636559663567601747
5554.4292516334368499548980050634352962
5555.1097253869472990945145344970955945
5556.7399085810556973248806825989330137
5556.8632572444112247320038706237554386
5557.7364694851005316777333776920579003
5558.4826560949257557347712325799585153
5559.3014246800721936233422741010773135
5560.1821907661551137901346434840900795
5560.6237574943399116453192287996987813
5561.3236923834739232441877995503650657
5562.5669450770704553203798913866074814
5563.2014201242015629774064710465605859
5563.9942652509042003071515329528599168
5564.7641782100980171070828902184120065
5565.3664644554083147769870286214245952
5565.9626936094198008067302073312254757
5566.8540120674138876296012902345008074
5567.7126336043015266489302220182393781
5568.9009509021286116259251127450541096
5569.3111228289574606066570400209267002
5569.9337446648353948038732866881179830
5570.7335156364329797894744611372791001
5571.5460978403590111635129998693834449
5572.3366174196632826358312261224575335
5573.0732005055090501392180829262139464
5573.8386499708046425278556442532231745
5574.6456671571824253620562275764845597
5575.8606405854643771974475342728849823
5576.3630118053222722283427815614876004
5576.5375014438348856184690463740965114
5577.5470865318073826286938393879387362
5578.4275071398075411079503930979639285
5579.3448265999758824085600794770578533
5580.2413178038269676895384500689835655
5580.9903094636389272844298790203788512
5581.3600662576015608891922487557971301
5582.4108808244062633514818879146854937
5582.9626882860821756934156088326058917
5583.8884153172482739033451539539982095
5584.4538274238211749411570503146259863
5585.6470646844392054079786750514022786
5586.2485491200332082592981672208344860
5586.9000174478708427541604627532545420
5587.8402562603226994622933072029574595
5588.5475950753831105615965929117833111
5589.2734435051630095474198879061093041
5589.4164304313140975022294818704655189
5591.1198754651543175321649440345070969
5591.8006575179645477657630642290872628
5592.3205900061404825203505015834406729
5593.1871073702448629670230132682026644
5593.5559324217096701626168615191364003
5594.7298560683213675839428318841019075
5595.2319434183237899623368011691138410
5596.3761392750491240229688595125665594
5596.7480820434104860669421027618297318
5597.7990023143524792417204250640818308
5598.8475726507045174554397368384738115
5599.1130679249459707152136792820738956
5599.8422541923330008704402103626739793
5600.7715537152218091932399008987484147
5601.2610199128742093293614389275670239
5602.5622921334482484463022099906023638
5603.1096258917433037605932959928514264
5604.1205863343698829624431445145114519
5604.5514665893125914294499037161610166
5605.3694701417811590217504606589414212
5605.8384104527647235731449969554888210
5606.9080583599590918305296911313768852
5607.9326913153248926252456900136118337
5608.3765679696605232359357430402114520
5609.3299129088981363224538094346423932
5609.9455153062231318881607407320240512
5610.9655792130178749697286948269384051
5611.4475707640941130138063348830733950
5612.2660129967532462584454788656716158
5612.6614615543243443867544715262519138
5614.0075139389752433121621153031975471
5615.0100860909082233016039178782350279
5615.3815947882444637207592179353840722
5616.0568388062831745040923544612109114
5616.6992070879237281916380541371856125
5617.7205515994663130967936996020442966
5618.3589658429864116730676380172154930
5619.1040818059048712189990945035578769
5620.3261753444164293249344838337609936
5620.8464366619829306032563472111193309
5621.2479105754782294115737149630855517
5622.5552772113476015703953414279873234
5623.0135008512128694092539249984061188
5623.4662794711675678947365071230926342
5624.7071463155444975652882308101038164
5625.2191000544335031296522566197084087
5626.3588180091025491325536114131470409
5627.0673727231673055246331319543925482
5627.7640699206329485826460482501215556
5628.2831873391061675049694820904631572
5628.7824410116100800109050382920948947
5630.0275220936492956405833968716204655
5630.9662120931538739688219364342304770
5631.5707141067893041768233974568543285
5632.1101878316329631248484437244702028
5633.2591788185368574415541410999043719
5633.6893259608530487762658029072992671
5634.6397727321845580265971776651599084
5635.1242004549707829606637915965912150
5635.9589518927512798581840832094624124
5636.9396730564453786552414537785885871
5638.0941847451835312901516454274796373
5638.2591054392261479726850570876744038
5639.1856722290754008327787225804163365
5639.8843194658217371057306922789554512
5640.5542130507352840847556789287457876
5641.2740043922738283610961754194798377
5642.4219924392759209052204461142514802
5643.2496940059608861568275074099891021
5643.7906731049524293931622818507461473
5644.5492962702309984959177057508239075
5645.1070597756683291910003007119794958
5646.1631248423838845156486822783859883
5646.9485079733825930344837048647921985
5647.3093763761732980378499663048652674
5648.3905978254159852833878830190795977
5649.4181118696486866106431226702650420
5650.1038772373643745619848435589253722
5650.6417500490293224821015956026166226
5651.3346208770277547923504321761798529
5651.9748669926911096017403587847335113
5652.8641500561487753066530724857202180
5654.0682133101849016630921696565124514
5654.7199654703537154178716088309131200
5655.0912049595074922360950214957045572
5656.1234034717717614684005987315006442
5656.9198208674765082213065291174201210
5657.4076370219551921217090820092045739
5658.1832671147559272835085454068605023
5659.2397156685350582399506344906988251
5659.9492551684067062335113915898141393
5660.6785001390079131391313995846410528
5661.5274304517494843776841226234988067
5662.3640219498219268092744483522137166
5663.0160602745098093162030649133840076
5663.2242989436564019266773580245143613
5664.4600049876097931963640037192119299
5665.3813717073002388850966646896777675
5666.3099481316228253911769133143554849
5666.9337549525598671613769457563562074
5667.4624425006063848039631717587255316
5667.9985024792886690695132378450319428
5669.4428835543734824572651322225173363
5669.6599950157187691790987265346856732
5670.4772928102193708020152808725610058
5671.5042133849862632674993524180570934
5672.3035309618712863512259558969765646
5673.0598109432469182622790065821316332
5673.7861069742808546967206584248814088
5674.2248472199795488992858089028234831
5675.1368828655737925272343336437309020
5675.8353142547678068657773745316251162
5676.9817252498261910372243450960645398
5677.6234431081235354557314118070259884
5678.6028794084352339785730263852683395
5678.8729827026741467327363962915716549
5679.7134459771055305910529354891861210
5680.5591294401147589252755366982136656
5681.1835600233495854038917164415892484
5682.4400520563513010705221501389169841
5682.8709037613734820591060331932467470
5683.5802453688511125832569739085463506
5684.6201613042555222301124156513181422
5685.2534316473925111082595910976975503
5685.9621328239264268451095091893153238
5686.6107479339077438455788679813669964
5687.0747495640511655809293030410350885
5688.8536313190428008209885687589607650
5689.0538997231155520770021154298379768
5689.7611613783801102643140733893399144
5690.5501103039207075771880161209755567
5691.3000041455178536770232603874169590
5691.9068391671459195696705702036205929
5692.8520909224445700935040297156531755
5693.7915516738664217499464512783279798
5694.3435660149891732584134834822063623
5695.3115136259878124605546768269795332
5696.0631255594925411127639819201516150
5696.6050912986543580878153503110364413
5697.4118429001798502887055158449055642
5698.1255878893751094157896331724723895
5698.9835746197845700763074375559320419
5699.6374642796622882836441034762818508
5700.9242034569196846130373401249816584
5701.6154284512945445677485200381379420
5701.7867115851975943541273801599291992
5702.7468032751008511614417071582613219
5703.3091096699321422396392056059398352
5704.5408502378797288963572076060934040
5705.1178609385580419960993426900320832
5706.1494712633151720178860402242124791
5706.5608376853956104998004308662980822
5707.3897510424350086516313882631555123
5708.3947482301342785435408982028864849
5709.0351514880369439983524625963788246
5709.3455741131416863589691569440826869
5710.3645771017116800276329555714633799
5711.5619665891918027704165488299203121
5712.1465204495318206660729804825900113
5712.8651011345186859869708958922626397
5713.5140575994241083573228850980289713
5714.4230227279623721790514311977946392
5714.7361278575762105006060886578007095
5715.8101163930459542203323455495100606
5716.7822169177297367560071073952664548
5717.5643290228266227612416537004757701
5718.4292624708176278195933429907705580
5718.5690729888139858495043916836437424
5719.7637169462215861390913728974760259
5720.4865033053781088394364982703997626
5721.1765456859103910109655289438212586
5721.7476694674809461098363823601519348
5722.9528181044758246956670819725889816
5723.5407071911303928188139551420173856
5724.7266287137782626331748759091505232
5725.0157921108286059037126933344470788
5725.5116439212849005062345507989212808
5726.3226573110973661510276501005747755
5727.4951993323135029947266849680406815
5728.2040401141330711407573042004331504
5729.0941641605654969395979025999175897
5729.5230551270448801582590080290815941
5730.5749974608970329513694581449889334
5731.1679945089403046336675171998025873
5731.7342879638584659400188040543884829
5732.7405252094363557443150870132082289
5733.4420393307047773264688664911042612
5734.2399985881889917235787326488990447
5735.2380323606138611823085951020322060
5735.9404737883216999688403094473627460
5736.4360975483594750823461014365601469
5737.2910675000935092322180613574869632
5738.1327936567930973516438089945103085
5738.3279968046785631435320116745822283
5740.0465615909761093804300791762820819
5740.5639558533732683905707880507608049
5741.2376665993497897183039038310918899
5741.5609637885750542483784766391662606
5742.8236596475540435899379088586680639
5743.3392610803615544880605447914122073
5744.2136172148581817765090438006744882
5744.8316373355707294502050708827412728
5745.7918447890091186507011070315268587
5746.7327548939792937247855327901644737
5747.3334196024961386703968163917934692
5748.1167134897315393537462278858473960
5748.6777610711697899108277362170987028
5749.2830737308695993127753609538722310
5750.2944610255932855173087037208948496
5751.3872909296131155333467041898931449
5751.8105507241598683258759454644133075
5752.9133259450845009205729838575411159
5753.3500787051734064051203235994848796
5753.9367163641812659333243577258641920
5754.9009580764316935471510209394071038
5755.5767070716758691002157567796345362
5756.6448424533814769146437453343470523
5757.2536583878342837127752613682509905
5757.9000551620509344084355384872348193
5758.9533520612489446837646589241298307
5759.6777283256472445979536740310151882
5760.2023503153578575145804203835102554
5760.7404513909515439208563136871843184
5761.6363804768006015724392508140201560
5762.9310660452022782320220934042324181
5763.4789885680508037204694938294285192
5764.1752709676874312069822043315002795
5764.9376647173502216700879572361819873
5765.3107250319058581292129526987603031
5766.4728925455664111919365932279377197
5767.2808297789516797256943272746968375
5767.6672620379524940122004960391369963
5769.0261917087185630114191877001397878
5769.4558874268251860470760006751479662
5770.4332591762866639525848577309085584
5770.7601144778374334178895575034866924
5771.9969824386204986602874937433636454
5772.2901439664412077428116479367282469
5773.0594447422100141258270071624700011
5774.2007156642504573902410279505376838
5775.1745421829185928230055262545583049
5775.6022960341632357175206033771086972
5776.4218894661741092893138931841480514
5776.9130980411562721646782687823198137
5777.7238124015526763768838540144480162
5778.5923985071698919249709824371502544
5779.7771609827376312116577198616065149
5780.1596855750633866376086451365276493
5780.7891144543524581346628132922077955
5781.8706340494289234623358481380507917
5782.7367421109561336125284162336615596
5783.1067989973547965647823635508711494
5783.6413497352003062069633406617573493
5784.8443947798738961116544150609354659
5785.5374345201114687624893751384797179
5786.6721340541440152358007261332518238
5787.1589210937313300479865018092236304
5787.6461448366990993780685290017209222
5788.6813777500846535780444472601785740
5789.1511466622469365671622833700904067
5789.9663941920257377181440695944311401
5791.1763693915240171862460945496359613
5791.7046239328576230317580398891937247
5792.5176296645428373099537010479338682
5793.1960866347090679021861430938355973
5793.8418739108639372682457512538951942
5794.8305511004385185460187515094488901
5795.4121460653048272311729924552415986
5796.0824392611246425241540348243242365
5796.9486289771321636127063232113915838
5798.2936259104640358790933666447278627
5798.5181861450276834456533290965998234
5799.4339308034384851175563731677765908
5799.7879767936883454747391809112134482
5800.5954795317028524031172416474615743
5801.7472595139047667750349621430884980
5802.4015763943266796641075170120986882
5803.2593057813518885743899188786306778
5804.0756314492523814830674589193139828
5804.4971648280090671196450780619432662
5805.5183212117774051548072397444107464
5806.1926695430830348558749715964018326
5806.8173083628804957168133360451073661
5807.5320357421685426965322090883839866
5808.8684785661829946728629191429545312
5809.2179274803259510130582941654884699
5810.0006838279196914560788656337842548
5811.1216638648301496735315006596543206
5811.4418096086899057759963282623851366
5811.9443219936010157770726599265741925
5812.9083875428145754526410074378591014
5814.1716423172924271564194501528342160
5814.8562790953282452462086233192606784
5815.2536396939505692450547875576602957
5816.1296056491718199142652864908894963
5816.8391468252608375680260211140463302
5817.6738035025071023424944371927562515
5818.4044038820480552023064728149976081
5819.1489670734112189655462792022519228
5819.8296079617816207951945862232758875
5821.0950914261107588964969657959339588
5821.5785818844066466469813630041640173
5822.3170362095102412889827989816658548
5822.7943278249109683073541107265374486
5823.6216108252141449603246470835636095
5824.5153962199640483936373357087428633
5825.3758092762860481277989831716142891
5826.3045863986472964557933727917056448
5826.9257197444497020163955792819212136
5827.7116796107842488502867009718018968
5828.0862288739537474908245637318248125
5829.2347584332708718715237901484161484
5829.6851248987990717290184460015697184
5830.8018185788077268307330674176362829
5831.4932852543397067996621744393413599
5832.0986658663829134151126223454941609
5833.2332314361139350159004388522323034
5833.8265836344280103426393215986834567
5834.3157524508843367471696658165690736
5835.2372474175648691627273480546723699
5835.6020910239116298966879365748995934
5837.0364724441826890754235853685945385
5837.9442559412274836091003266799924965
5838.3230373529247222955913278910510817
5838.8045556005742294845623307980968444
5839.8430170044784225052509566730946901
5840.7281357948881999001385508073440025
5841.1111755806372964323383215225291849
5842.1141099549082617391342590334465518
5843.1184447293633542069470475839331563
5843.6314752872928127669151675193277080
5844.5270479202798365363985044086500556
5845.3108746688550899465901228051998140
5845.7859294934558877130078635062231998
5846.7309143283191734581985433024362781
5847.1466721922438367338753840283581906
5848.4596260016681273689159195113316677
5849.1257701883684172195390765768607162
5849.8983134121080530594456722571625541
5850.7975067167399790513634159095446275
5851.0708385001793766178527778704485141
5851.6388381834813510391123414206591475
5853.2053777757337384059611074955468118
5853.4718300028429582998143404545187852
5854.3515673987490773473522871126584052
5855.1880045481074160340688063565482488
5855.9852094375810670374270202392579475
5856.7176569559718339093610418129922866
5857.4372885351605763165663309429568123
5858.0072889130916697947845666096196374
5858.6426761006627635441919096228509215
5859.9401004394698674854153540535544624
5860.6534461084546070044495486396758619
5861.4094470194443433612645977956272863
5861.8807332985148246285351604349163860
5862.6821542262498049084026440557873070
5863.5165853720847838618730905608249280
5864.0583474461444784870891330069886577
5865.1399575114284116250419285109444459
5866.0174633311602748206397462422030044
5866.7297921128739680727764582935493703
5867.1774319204073968853119802501174726
5868.1697677939656207229357885856036054
5868.8793494661081540720191002417831153
5869.7257749332088388475640717671393424
5870.0316769074228145084159702930414674
5871.1742565109826999157909361437695681
5872.1848705046918062688209659462216038
5873.0062805938359637748446712354582689
5873.4024199825866812162257153104402711
5873.9702726840704002547335561063983300
5874.9351289844164639952466115610732647
5875.5186338277854345015603478188383134
5876.9814976902883917320961920850717707
5877.1027047641898355356330366411742053
5878.1069667635484852232845219780333509
5878.7624859227255079080250167326718275
5879.7431024363398053795872637738396363
5880.3789246592093710952345625394340091
5880.6929269848491284130846907797477902
5881.9055712181399453977669421850644384
5882.7023661875108422240938944991042346
5883.3823631502435281928398766848560152
5884.3722030695952115840015891801500877
5885.0871058794838896630938169977595419
5885.5334402859226941045924068451713498
5886.1642168502399981498831378102586520
5887.1215102326302908728562357434097798
5887.9824164222757477149396522476284532
5889.0497461139843716533111860536699347
5889.7204625128405581639517070158045211
5889.9574961563448340696455660061094064
5890.9831719316985651633761870817279830
5891.8591912551355028606493177316583778
5892.5569220588331736174485757655627680
5893.1663664567133363762942729474472550
5893.8768253758517007450631523910160709
5895.3340715575431769157865773195585282
5895.6526983527258456007004614693440618
5896.2512060215482561495805650041278293
5897.2078573537023295097215034405323708
5897.6511536009908350227870373511109875
5898.4560024205244048181606238880406220
5899.5690845455945900748022185826010166
5900.3928337489869663461704293303114827
5900.9340167031360475196248822743132991
5901.8181657286403549626121355132530845
5902.4278083946321100221469455330422979
5903.0568555644178863580483253957875251
5903.9852043057533481735967065547657271
5904.7646597934718363964583230320298144
5905.4990718094372109958522544623355325
5906.4466109719007809431295483984523097
5907.0099635592241523119714123769888815
5908.1148860821847285270394547770626730
5908.5284267729001135044555927062252202
5909.2262816446967968835537632415359891
5909.6305558092965606008020377708528444
5911.1308384386657221808429628419750529
5911.9584996252804048985709805469699496
5912.2959719286375861670873359435712735
5913.2534865368620966565724918522222991
5913.7286988562271541081011807215872746
5914.6917663248163409992797654832521435
5915.4885996666778918308649925284948592
5915.9715887022840831837492006873202022
5917.2552250442998239474620833430811107
5917.5673948141990943114454779032850709
5918.8176011806184972740929159527797232
5919.3178918280682606858368445733464386
5919.8273776662622794326502985243407489
5920.6934021952794568327452199634394915
5921.5614957285611838006400391650460898
5922.0723246825869700086223889165482375
5923.3400786703728531550940677128826407
5924.2581357874993128656687787262959711
5924.4666208029024360650698894401415056
5925.2018731694220407635815119952470902
5925.9354773117941160304863455745235828
5927.0278015393979371705761892423162588
5927.5098259163063006423169419562326209
5928.5919239143160368264302440704868167
5929.1982949042344987952566965609628080
5929.8731791822173618365044227694551534
5931.0211387560926364509214339568428556
5931.4085827890107883321206067676411988
5932.2130497455550241301811960998616599
5932.5094168110909721386553912857295428
5933.9108997294538142381606596934395437
5934.7937006458494047839857401423549895
5935.3618822518113608751903486094840531
5935.9978547001479315651009270734165234
5936.8587481145725793658484440833384408
5937.4179316882352733448815676228937866
5938.1999177346152114389156196049662860
5939.0483255511605380543270912669638129
5940.1413428551303539049874196878676715
5940.5734364698044837576945309431475440
5941.5003914204764304094861131673647625
5942.0343195227146869074357478099834700
5943.1711845934781971744553097654329400
5943.4021661554605137181192834989896153
5944.4248425646340673731310204372940893
5944.9205060509992980515833405913067162
5946.2477098270752755943330783065782505
5946.9558412800683888731523401092493076
5947.5827514152527257723097812193217346
5948.1416047400874967768505485426016562
5948.7493412120721379868504012505063080
5949.6505724953119926739016044541323526
5950.7226629513230614710313997025551020
5951.4712509175901898278000395428729213
5951.8274736754291285673448843426748809
5953.1424793608510900929754713964503542
5953.6026644137308445990275639438907135
5954.1410419177300213385853672860092597
5955.2999441588420575070613797167912381
5955.5529946302326172998344289163511164
5956.5563743253430250769091687557205703
5957.6585695635581927040767676571003700
5958.2644643346351807259905316857945763
5959.0058431142518792279578268619843111
5959.6553217512620686093795319795078497
5960.4114346101612711713791479975591763
5960.9173209130545374739355743130573979
5961.8985253789106943830391053817922702
5963.0678784718433109184095876033160203
5963.7636479150928421339888705737414342
5964.0378799260242342788181977339232093
5964.8660512459727789744636120284263817
5966.0709615112715830229539292056703873
5966.5394265562448849029458356056796966
5966.9436721661461707001316831595598753
5968.0879958481496156552506864633888822
5968.9091750394870084082135389619019625
5969.8225910409636354605737546058207203
5970.5283146617533859000908122728562607
5971.1148708890500434215758752176431031
5971.5657418648480503178426020289404680
5972.5082957090426540639547534887892602
5973.5219911757089127120308209296867182
5974.1678569248706063068277855909962032
5975.1584272149469548060560317816898029
5975.7615367253813723597628329599070890
5976.3427604861499972366553202244720499
5977.3195658192615979278384621373971355
5977.7244102337876362270876795566073798
5978.7679291799018086433516511957147718
5979.5771203059971400321331706104362323
5980.1394713081338186936251946250526195
5981.2657103390035817417381459417673254
5981.8863423323597059118013951668670927
5982.6455645130131992684604209564257212
5983.3163506006404585985753945499844544
5983.5880333042335579421985723116491982
5984.8336985456087417759063865495155512
5985.9199260032991016939053477736967877
5986.4483675838481023955926188231006142
5987.2753290688005908812409242278970973
5987.6120938455632260989334461061765669
5988.6953093558415274724239985942323693
5989.3936130973711482835028843405194016
5990.2198167996943786933180437390475366
5990.6291461239625202244604588630468555
5992.0212122949020385026109755617046466
5992.4605868811379339492209968791583314
5993.4812719422541711598085017497416449
5993.7496613573289563523028450534476681
5994.7659019892745298618065881139645657
5995.5482942493001005717039094809809206
5995.8018218452023720969566413939080354
5997.4047208897994466646481863168999020
5997.9286059989050863729365823245813224
5998.6023421002653890713842357295421976
5999.2510489072791564156891936641016766
6000.1306656589165618414877769822879998
6000.4938204642752410211182999695371883
6001.7429531550441362657904755284040769
6002.4140452378018517257932811674311902
6003.1299960925279695966591129308927857
6003.7829528313210325051922367257859922
6005.0451215873358842047964892358877597
6005.4453846174082078869449452034412113
6005.9621057303615247307945648827889922
6006.7304758740989857610520391464372439
6007.5150792152609304182536265358231781
6008.8343946154845840385322317734964898
6009.2350966364459426331877669043362261
6010.0631647063670169377243251009696118
6010.8645318370129538517154960186636107
6011.2152066388336696186821764937834893
6012.2578964463437883426835731089207045
6012.9676117300839753304194315098864019
6013.7272811253068479828523556800523660
6014.7566174077052778314023815654709138
6015.4821351468895085605492792932857569
6015.8872768456047690621072761067303705
6016.9383932100260677313413640850757535
6017.7612622745041636225776164254321157
6018.0417745563660622005542615360188343
6018.9691540654441097134287205470010233
6019.8692382476771481070909324193097708
6020.9676754820384255131335709862860747
6021.7033645244761260134883286791940108
6022.0871026383656943218431344255337571
6022.5452862011319012325451377790995166
6023.7183876081429766232873793415371573
6024.3870064894900127366301804479777802
6025.2640145006204440034244830325840802
6026.0897500541809899579573691133163247
6026.7413193247385730913109370825393765
6027.5130008257836981223357263508795521
6028.4307152465390270965853497116007133
6028.9349765336193419995519944539008860
6029.6050573304928545065886654329523012
6030.3267278770979264471715028533574542
6031.5183028940845514405744124603848226
6032.2013899064405602163792109733974368
6032.8425381831969222859951047833931327
6033.7268897334352260829669383100199311
6034.3484460523457719033416650961648744
6034.8453618475243384684354437442174433
6035.6024283063910361854395108435449975
6036.9988186748110242601168024810141379
6037.4834612112368123886017031580015819
6038.0589074637140883319488954908571711
6038.9711457261276932807440325324197118
6039.6971289821107410954103939358159301
6040.3763382344706990627800301761603178
6041.2857764879376330280730961601356153
6041.7063067920712474582395124142971727
6042.5895978389873697227472496760365440
6043.8358374645235838183278230001802831
6044.5083800426050292003941354133885609
6044.9180174187294014348637845856377782
6045.5765907414131803530746963887241238
6046.3772313280645316150389826642705605
6047.2926685023143856452101849470280800
6047.9712593174216941927730118293670057
6049.1083830505316192068248543486292527
6049.5548507776990506188262647294964495
6050.4090237000295915724107107857949027
6051.0004792554809839334059412549708749
6051.8607546905176793745898576318551578
6052.4821059071119199311710066413114433
6053.3577534212084771577649223845598776
6054.1185452050281551367746447688824318
6054.9226637852492876108131491558674900
6056.0998859522487751939179653724220155
6056.2064607552707849857739312647839757
6057.4188767379765616953591008113411578
6057.6544128157146635026751896660515162
6058.2874523983803762606871008115548327
6059.7554591201419664865700533549151985
6060.3610163876052056868154776302076790
6061.1724266036838882175709611695837443
6061.5779187897221355310018269165659161
6062.3907441534501251409714883989807732
6063.5324326999609093724702983149159111
6063.8553070896683435219445082338769565
6064.5420829744182047750695163507985423
6065.6232966344911838498633824794573354
6066.5475231779381035874900744698991884
6067.0330662347326090588349163994610285
6067.9882566132213074981471236149413415
6068.6770689837830128444482203528581330
6069.0468598676234459728119029455267855
6069.9172933538673563044346995223823661
6071.0245496046299073230361942058974556
6071.6087273756001967946983464893843220
6072.7670020172742768202012238791466976
6073.1718980833846203369031142890519467
6073.8026182081801014153003743122295386
6074.4085610470154507074359959448616039
6075.5846216250560387261013323496935804
6076.1402218846203726145721222842698967
6076.9815738660107640580462557586461210
6077.6341226848764653733345572473537931
6078.7032035356051552425124562967348800
6079.4333371187853093930976379217467371
6079.9498892045588060270126010586224884
6080.5514025380031955093306102812243878
6081.3878670110809894459155613238692822
6082.1083739159264081306805823757752740
6083.5894170787999261251887000524657734
6083.9287471886767148196152696301994585
6084.2458278445250990515671907766151597
6085.5198325314115406589437220018471655
6085.9143625276567927329746631894939943
6086.7860066042954161923990088197475475
6087.4560834716214643221171923780582005
6088.5237451137972531970626850125623112
6089.2461104734342141655890061096844520
6089.8671461233880975587910931665013211
6090.7210649434392349679962003824783556
6091.4413770167762333539589242591095459
6092.1763022544929802419112428692680359
6092.7355966832751457468279264618519426
6093.4298401157339082236872145338808778
6094.7417629901771056675623787874684936
6095.5024372175897340452477993110734036
6095.9510547539354993024056706012942644
6096.7260485516358234505795375120257226
6097.2078458637563393731047375341953717
6098.2404145394228727987770884953206670
6098.9826966007428255906558594338370484
6100.0277473088417642824173039112807373
6100.3515380698762922349858766609373807
6101.3633733173705786784834707274995144
6102.2844966698898550740701725795037196
6102.8001624362253848326727855600873633
6103.4553837560427160739163105572927696
6104.0630776506168874698564635171399756
6105.1515313182756788320679661874682300
6105.9137338155071301847037265085216580
6106.7664980308325098965181319667448779
6107.5426932421895055382707744498486820
6108.2558923337571950687449244405532092
6108.5588648506407528572587273673742496
6109.5497173087930503427048535080569856
6110.3459716105949515967657091911807568
6111.3335649034311166505517966097997592
6112.0400134901249160744257926437479247
6112.8479171141137221222629298007500330
6113.2657436362591014442922868639020960
6114.2136725879391624943327081231379281
6115.3048523891028742151510582643369816
6115.5394084247304412767814244743442221
6116.0114629775463600864150475082123511
6117.5853800598956278221009493411961365
6118.1889768403321906343935221415652695
6118.9057638966323128796941418069104427
6119.4483736368485169954162225507355953
6120.2451283259357220295256821260387820
6120.7768709275080644724198352833186894
6121.9082922399642212800454641236480152
6122.5416526232654726719026575874247489
6123.5965075130464837086396216798140850
6124.0699872511407950655154839100441038
6124.8243642792515339329406004015851403
6125.7901091937653715966246910904236787
6126.1630602638422761312586276839656168
6127.0181884564107211938586174289586624
6127.9343698664732667442801197008751238
6128.6098461535113816222926486437020108
6129.4923461770579350845606281802062166
6130.4525658672795963963520130889705684
6131.0638131773611617005183805387803139
6131.4614788981023608560916682844669242
6132.3109028143695322035138835155741652
6132.9180739761073568653745018402141441
6134.4913418230866524353185848925144181
6134.6503416582626772569080413140741532
6135.6209492607927531699045180616994774
6136.0233171921044959681228388290404755
6137.2429157748356957885790617259092810
6137.6429439993653528461208289661361911
6138.4092899524679419547277319891703744
6139.2754360112534937620817429681249030
6139.9285186061201210567208021401839860
6141.0686107865332590645651496770048875
6141.9247895756258965384712117075515802
6142.1129995495354280648205802272378603
6142.9490492537869202831784667222148130
6143.9935604776529080780429355234139938
6144.2170997182853859065500233375396555
6145.4361061830286904309508704336198912
6146.3160481587698296945739206035259671
6147.1724643406399425019327099480058391
6147.6354722460252492681669075803488258
6148.0764172493207568766033945825597777
6149.2691090057608639658962239448003967
6149.9026536473191687995953054681161476
6150.5512470306037058058045258652489859
6151.5087281792110958093143224556774362
6152.2594510681294625448496796124993193
6153.0175600482769483074567648498925783
6154.0649815314787791149471478617135627
6154.3647364042456734443674307010371647
6155.0502785142019025332381821013657299
6155.6076035665327512380175076606702781
6157.1099505169739422153731781766206661
6157.6226273247005156954047285775531500
6158.3323438175787431132175051926176066
6158.9976119199871114879350149592391573
6159.9023078544366269808922529389144883
6160.3806359094756154566595635550222593
6161.2121774069226754725019923104136755
6162.1144967231688877474663840198151884
6162.7835295342290952386066139889792841
6163.8549808439074749983967100888956290
6164.2980313758753132943443557802570483
6165.1610331809245770405899377831930617
6166.0344799198417104731470050044434655
6166.4189859551293084728568672009393263
6167.2247110951959729536429963713861622
6167.9844323798999678419683259037556507
6169.2671726766649930137530878916952438
6169.8443103809725221978764614376934807
6170.4529141019463101277047787979943367
6171.1600294770839928302563131425514086
6171.5789641614944752500612796364206749
6172.8904729498416877101605499121968053
6173.4140178363476687902559276993840351
6174.1903865314812675008345160131978082
6175.0186471335115195410060257525547456
6175.8962522936019924960128666527381267
6176.5720771667041518058685238703760369
6177.4131881988588307984501156484727836
6177.6851186492998320216337621029419767
6178.7021639622481982900310888965856710
6179.4206034277923170030252707950174177
6180.4962093103248904140311611575176249
6181.3025743896671990368227845128745557
6181.8685989552445965224935794804304874
6182.3911200549588352780652466640219764
6183.4258191252799864419925343974003052
6183.8715788894916958810461961182317754
6184.6458498772260292389110060993805544
6186.0736609722219052963621641502213631
6186.5191347612179432276820457705325926
6186.7264819421718048117479567936164413
6188.1634104887064230178073886927478666
6188.6063090459742125678261610001369870
6189.4822325201631621978941395839825069
6189.8833601212355859875639430882114861
6190.7084793151929617504526170499417853
6191.9709309414628999118523733191962639
6192.5659572817636425420170542503217261
6193.4616652933260139808268293664440512
6193.7933069720840461125178468838410735
6194.5185420152794978888439506181094626
6195.3331517584796881801634270767529127
6196.3486303446247529638463560420377395
6197.0016637898130824631408778713886975
6197.7762171402235501201023526100558639
6198.6917755366136760919167806178319540
6199.3509312543365092918216971909197992
6199.8510516987754731114024470578659504
6200.8174679840226608635852752758450516
6201.4748420314867628151920227350164531
6202.1495879029050137994998353303470601
6203.1187255373949249525223883382864281
6204.0269006847822280647092159825477663
6204.6880465476372535925151199024476578
6205.4937213142839870636508750568645695
6205.9828416629037403465352270359370413
6206.4624027711486063163527705919140945
6207.6100927499853118095324110844333314
6208.5823476500676965119533431977079345
6209.2727167710467869604989670406091804
6209.9443876262341834625190983463221204
6210.4904180632867639862654717801332402
6211.4715606150483633164318549754633216
6212.3312427597261979765304082804012211
6212.7170049274141100734437174369843456
6213.4469520851604870274710269620659167
6214.5279662416300606795204924224988793
6215.6099769642175567014474325186435992
6215.9250671633874602452675778004983777
6216.6203639947346986202791215805812340
6217.5911413174164258725390812368661580
6218.0406359087554847986950546411675855
6218.7173957215809080710824833874528620
6219.9530156542998283447687708836885878
6220.6975367161466922030523931450169435
6221.3309646406756444097217418115383324
6222.0579914313224071264110859359621201
6222.6492487611344951463309941866432695
6223.5570843903593176188011045965550709
6224.1883907572030697803564585821205975
6225.0917385791752626071400948089802477
6225.8732833394571644509337719453972015
6226.4204900815169717999928984586905442
6227.8131803534961224579693616122494336
6228.1615315981307342021024721303951668
6228.7354104415436269156100824544186650
6229.2344920726878596735164552929032779
6230.3309266808085071185826116225514925
6231.1882635384344356672272585979652004
6232.1477146814913906628480793487710456
6232.7006375565347440242362272391422121
6233.4243751282485772183757653783533761
6233.9829401211506710094868302805410640
6235.0826883853376071331774907025380396
6235.5194936203502133887342462123375522
6236.2459131342144935167948597467558515
6237.4688565970161694963582904286438210
6237.8546313683362303862385743313192721
6239.0290956257238072742306664304193735
6239.2943607451805629005925256090733515
6240.3640874487210472960054417770759284
6240.8773383315663259268225400718519943
6241.4971164558997830597206387337314732
6242.3413374911458930289594529466852190
6243.7708928320721092329077011147595847
6244.1249791572569280418412152805808847
6244.6525857689807678792600782292287684
6245.5047480679326227680486940097023084
6246.1016897170233181554456562357805258
6247.0674800583388920830654809057765050
6247.9516516252027472328939959365653289
6248.3572318683316423934826569408575500
6249.4519436613584325923439285091013243
6250.2399850966916604524212108175700625
6250.8547024445717013493818277846365459
6251.7151325106919273069984289250847832
6252.2916478023869917125109613203647820
6252.6756793816121599085480861691643779
6253.9815091232785264238815785288190816
6254.9478814073522765290889233587485234
6255.2821531654393772387796621264722797
6256.3487448637705763450244339995606097
6256.8843114098633117208314067654809761
6257.5996862546090291454330367932510669
6258.0668301288737071010153526606003656
6259.3837441122431063866216049681675666
6259.9326191408426634184526873621432072
6260.8425956700372027658542624703687748
6261.3514515862782083088729872996425305
6262.3475022720985610828925630786658584
6263.0632371213409647249197725334544844
6263.5603987402662874909382067349391418
6264.5858379229331477876043706300085677
6264.7764282442881762286249515264744782
6266.2349734359640828261352247482286370
6267.2018381294385811931053195100393647
6267.4632017944297834485984394677095225
6268.1738534557238312388855894178045583
6268.7489963684545118587262413317251127
6270.0581559019475592386567753121197294
6270.2442721335752634520523018847006263
6271.3513498676153650972489746700480313
6272.3055862479023321550165442391169156
6272.7639155919563059190719591177634703
6273.6252573691535152864978940468169083
6274.4228298147677212384503153157055649
6274.9360239200732874840194939719776944
6275.8416999767265451578060327210317458
6276.3591951437390731372379985135505714
6277.6206944423528924154768381104715581
6278.0793024004015104265033056785442568
6279.2286856254726702934249053751838732
6279.6389148925296590235475010737652217
6280.2232814407881406261705081369588272
6280.8849451640552530984869386366465754
6281.8486889348374483837824460091650279
6282.8689364518271876493709350404110835
6283.6883607014235776470743389300898674
6284.0537954626219194466571249917602987
6284.8030783768679327948351893952911819
6286.0057530803402607046161084358197849
6286.4250069333951304163733965850743413
6286.9265250540538929202670598554426641
6287.8512035607318530748656977269706251
6288.8040576551056078254747410156142795
6289.7061909792774515011041134879493055
6290.3861423882159857373965077799242966
6291.0439878769426269231729024017967604
6291.5667240637120563654160595224776711
6292.4938527072238772342415073833808296
6293.0000574826334601012784352238810183
6294.2928532609648678673482484511802296
6294.7517464247878746316732460387595191
6295.7477420045172411220527884592242194
6296.4890555273405245511172026564584180
6296.7313492597660405107470234328411739
6297.7905952103195967333614652261319905
6298.6275973213162440310217624929187012
6299.4370836705137939570135389925158888
6299.7078224172620500775740255166553006
6301.1333121231602816238036610170912221
6301.8766118680823040337086442013542112
6302.2806765068041220733956160868009315
6303.1131414899825381279351382257950862
6303.7953563501036843871896807027529002
6304.2176687514675371881840550451062031
6305.6505861226493072731031641866202455
6306.3981111245594295704183094267712203
6306.8500354541767194454340831144131382
6307.6277861793418986928933611875104494
6308.4516491697116624477542123230638181
6309.1483403136545438990243383883624683
6310.0025727022905855600557019374708263
6310.3152357508493221158967201643077239
6311.7498246904617232422387327242488112
6312.1713936483284051731051031895027489
6313.0050894067501999282456743715872784
6313.8938151755762103363893565243365915
6314.4974601868214088078504888882756929
6315.0806663575383305310933190375430309
6315.7576427796665580492577795300155990
6316.6552229866377816756022383835592926
6317.8159179572525267645479450748247797
6318.4726103437886266212300484510960205
6319.0431679347308601148955346849710140
6319.5582927560841677616361128763433075
6320.4769014517020508359501934506119022
6321.2942391578664638888393783044675436
6322.0472945824965562486256136306707169
6322.7653794640117126907898519518628606
6323.5407270557978422799675286585015315
6324.4714260734087979901315486602238814
6325.3507952065118887741618058391973951
6325.7792652841840359261985100601247240
6326.3541290301135683789472029609884879
6327.1234365331083360546577290637435297
6328.2043529806055901746166652333119364
6328.8807561314633110773670264086261122
6329.8492097781035731899079250535442273
6330.5088264846889335720231554139534359
6331.0470070023848859937503271852913192
6331.7033812967238038299983122253119348
6332.6471787718288418667638752167696214
6333.2710160808378784440472829708198095
6334.2601405855068480727356765417813368
6335.0064412211679552426719477250695927
6335.7964255761440160681922643833986248
6336.2734368969107699099166759314830453
6337.4197668711904124567709827897644485
6337.9937804553716822597652950210563129
6338.4242657062493913096443043904468977
6339.1192960946358165028889572818594927
6340.5023903996335138592646908318176751
6341.3605899177425682102330206273248718
6341.6685920788733452529598239885140147
6342.2904567191136468768181950728187261
6343.3219707994884516425820353668590591
6343.7714861022821646857366156983220964
6344.7139840726657251150225555057846233
6345.6381888715160889132945631025484638
6346.2819929331426058188384987401081198
6347.0062721867898274397900838236795471
6348.0334164470939679736141759045833561
6348.5841080548377509197510922147586688
6348.9872393165180315159651826883190723
6350.2053984966817250958384928534941134
6350.5111271911591546184191942759802309
6351.5648698080165447873818082413721595
6352.6730487600891803719182744725188530
6353.0246728304878544806416518627183951
6354.0977313811364312632975153957549433
6354.4783901667444699840832982846121506
6354.9062009643326234634970275156455922
6356.1309903373254349585147061835631286
6356.9874208861298176588560601872811767
6357.7693747650019336084325152623034592
6358.3192536466844428237429221225365698
6359.1086558782491440732622969124380295
6359.9880475812071141306896183512511253
6360.6945751100989565422199414006374972
6361.2922925856635691483706180598726114
6361.8676000381781181847761179708039466
6362.9122215847616316196646024103708069
6364.0935724057842942215015204324622023
6364.3763094230683718516554601082158946
6365.3720074834905294520021441608128106
6365.6684070765689471665903074266353823
6366.5551921515887947780302801424760924
6367.5663931386709868788111620687326706
6367.9057864823161511721087452808146010
6369.2921009120862785769915616383439306
6369.9064831728748873386563876714551443
6370.3623014415466217769676971489020533
6371.0879055371208729361362448630945333
6372.1117246336985648012440597658205322
6372.7986072838021591402524233605163691
6373.1491342875679118721616098961187889
6374.4166324655288867863317329018361968
6374.9039903387382926104620055096875080
6376.1105350354387673608713449884374801
6376.5927547208321652634961210018629659
6377.2963021280806623987208248519191403
6377.8419019282094924784276974764283441
6378.3987225195689513908577660387552595
6379.8394728818639036727936115224406638
6380.4795975666424966616658592311425474
6380.9578804130024044489002145115194597
6381.8924302176324980467961118796709152
6382.6351962229904536238414242113043641
6383.2330150007728849897741395637109109
6384.0973706443659199476612093011660190
6384.6316488369812836037216946614316713
6385.6337214363665028424562676238374000
6386.4204419652189410314733625669933825
6387.2476135093260579708544660492326853
6388.0898230772751167131493993378118017
6388.4333948238878876935623291942275907
6389.4396246997086329040084294631509610
6389.8873917725571435707674534627596784
6390.6792417496391018576667445665543640
6391.8883210308425388221102965194337744
6393.8247525741745009732099111353990423
6394.5465815366699169872735441817470994
6395.4840888011780610244054833593979010
6396.1552635617341169758969933799663631
6396.8891457190041160333296259105516698
6397.5634491078335759923515755488503617
6398.8018857343834140477528696484413257
6399.2763593045172282694799585948858160
6399.9941300980987411443711672875289497
6400.5181536162670062045959916348688493
6401.3968919536802535156965117268851703
6401.9787162598783404587071449978467665
6403.2474989130136012621051911336766991
6403.9452132111612535440835097195386877
6404.4592457577945009530457407135685691
6405.2272294083825962465441440563562613
6406.1156870967135653168443891786568162
6406.5104714650135596014014184091250679
6407.4118356877985943089924735613277270
6408.3675125360244411133988449892380214
6409.1502203019297586619656231249484599
6409.7986071776496238275065506378363629
6410.4672431123424936965023937389990966
6411.6499140012289078843837937423021955
6412.0293007664087134263470016131356180
6412.5121562065215128768328023699840162
6413.2451489435656023023580023471888549
6414.6958817434075337283231098551880622
6415.0073642385187574699970926815157992
6416.2365178289653367392019373513925092
6416.6090577426415641123835188404235041
6416.8970454072941749538209911936853918
6418.1287180018645112875195558929611965
6418.9046310895845817123775203345185141
6419.5293973928538124711524731243541367
6420.3087660298067239117549369677346795
6421.4045912168845633069280587087544903
6421.8423763906915367576429108957945282
6422.7452434214296377267064419743227330
6423.2728832357990758125116474608943060
6424.0690550728178787261830673027787302
6424.7757626748026946711200348108222070
6425.5339284507577420460216854218152215
6426.6886239091576608043151004109433950
6427.2871870419680055124968389954815403
6428.1025930117498293854265334386256529
6428.4825924060952349160113753758740072
6429.2950254126605427565036683851563426
6429.9965659128520353751380669326473861
6431.0446690439904516111516091156271989
6431.9161303364950164544330673564747189
6432.4179861574037348203597621462560768
6433.1272452476257517507137708987847341
6434.1015096029750333933987581695722527
6434.8610128134064000392141056901339080
6435.3222864346142494560870584866530350
6436.0122679589536277403633290352673372
6436.7965936934452915046981655568333038
6438.2583245079554451928375410212207614
6438.5287297175613974512081331080006972
6439.1558352956528022824273743849773275
6440.0654378533310447933932635924440555
6440.6655381229935918508916720178431190
6441.3078139243813624003748661585887802
6442.2386535657481615157345210162158480
6443.1597989833269778196577443495911334
6444.1153902037915828146952584550449736
6444.2960693851256784279298072113646679
6445.3942924660575340974042250286643172
6446.1309728219798320296868911667733666
6446.5382380555401503735339958033419057
6447.6811800702666866501861334810227355
6448.1554139886821788417599795501254153
6448.9655712086743467762209483644741651
6450.1405312720824355615453756718221044
6450.9183495581426677453825755674886480
6451.2037405434654136481444172013945101
6451.8167330857103789513000525116559490
6452.6658326042989807813667075910037587
6453.6012549819659553757774607372274224
6454.5852233420416859408542525208882279
6455.1184932436712129071704179463920993
6455.9268344822032328446562846032815264
6456.6448550781216575728528384053625801
6457.2832563390669692984315667888443479
6458.3061927889614598922958876094226054
6458.6943822787598274739031624374695806
6459.3634271806040864307164070600874915
6460.7237274222991183096063922662620945
6461.1815039967303955944353501892341610
6461.9657297471810093951889073968113421
6462.7087357559937902001512647474324861
6463.5107597459067470296952182479651869
6463.9109089410162901770314920810809274
6464.6376965009034380915373604628541179
6465.9040749580638182166196441677191664
6466.6192346840428177918998106139804513
6467.3276968714258736325615196504850063
6467.9148443476942234248551400889643824
6468.4521474026137007088478914390277382
6469.5769903757156963747442485189532360
6470.3747196260174329876736970412471117
6470.5565780707446446637820177877538370
6471.8933636751554410582677006491991764
6472.4020547583431825704304888809056821
6473.6492267064721452648746229613928693
6473.9114920804393743143233627321063424
6474.8645066618989907197770106328937645
6475.0317308787142252715080249066650614
6476.1589628842343944319306817242180201
6477.1060533341476216000867365822936028
6477.9612456220727369357988014424532070
6478.5269073163317553881622449365396838
6479.3605228845216622913708526542489038
6479.9623007278719874129035660465225014
6480.8295766152581889884588846863577801
6481.1702525602279032289694021618769790
6482.6036327130834086381521914249765448
6482.8743047837822632092621725988836425
6483.7950022316054748569351441655598404
6484.7350485872903694797641145862334380
6485.4113564637024988386442610883467379
6486.0159657979116943086685154531532963
6486.8009135442674651640843540807509920
6487.3129527723002053962182355571953514
6488.1137486945599724957741155839028667
6489.5182513095087143896602119477552869
6490.0514712169226003180192850172125697
6490.5529586066492531064526299761207269
6491.0568725923894285234741894329861437
6492.1272708968006668681359588738793235
6492.9883773020097826136196606042605255
6493.3264361417243814541752576852562933
6494.4230741321110794669426774892059114
6495.2114393694290616616948312691960317
6495.9525883834443998555000207482211043
6496.7453090893038505386293882208017493
6497.3308819642475547129155149805116154
6498.2198083067575221089364294746499907
6498.5093247534876228642160569907335079
6499.6281499015335564294383765865254830
6500.4877925090550800714940170579940294
6501.3840409389466463786656375884419480
6501.9551327887437761208968027695749299
6502.8997135429912902891347067028708181
6503.0484879597032021320423659691476859
6503.9793862438614942407496967207393866
6504.9544033629190650145285747778435371
6505.8333746495676207615926797823784566
6506.5307595889702983262501036025753927
6507.0116603241841664735029627807814357
6508.1790752678541281980169511830620057
6508.6897929763801895094173404831630101
6509.5661336567941549663665575499625934
6509.9274195878932250105826144076241373
6510.6585820573390483921831180088642623
6512.0005704617223067179764896584955943
6512.6376626048671234623718519655169456
6513.2936689971507397199275521290339372
6513.9544445521745707516911918360082339
6514.8118486044099803267406484116701322
6515.0674124224124144958311516095376007
6516.5397083301551804912308198485224128
6516.7160179462827927683503827805521114
6517.8695995359673343364171705245353372
6518.7957347428879615203368261922652928
6519.1715421125984838083554459320508347
6519.8579579303583911738838354390844030
6520.9549461366609647552839262722085873
6521.3550130740389784601717714928645646
6522.2067586678980011948512195686269216
6522.8015033980651877291611620001929596
6524.1056006189120962883865744473076946
6524.7917588004856708925762193634193887
6525.2475523671428669374779024671840464
6525.9644550970544976798539082309180053
6526.5816013855609005332764277372461788
6527.4083096526701911954253818925800846
6528.3892562387284832380470358555903294
6529.3435055108739204065628733881505456
6529.8467395295203707923142332743853736
6530.3108738193747459412861242095882604
6531.6861785306520581891325299919419717
6532.0479735149276866184005213650026470
6532.5493647379744217943464281771296290
6533.4329545602463474731249231297473542
6534.4582487307359584908529821223493825
6535.1066812340547275909525389264418794
6536.0482100401683123452379652274493688
6536.7392690559864319348672575617895878
6537.2276485714902078607106528359347204
6538.1241999365876891903267458626246416
6538.5423152229438268765917197804149499
6539.5410440579768453843334243068957992
6540.7324637507914760772349525515378379
6541.1575050358249251177534263021431778
6541.9218799332784487279606122422178073
6542.5401554447520486629709501237923951
6543.2903815470577700686146270060560800
6544.2371721273489975684424453499240998
6544.9072028513216882136203723155041275
6545.3443130508320938448058336355947531
6546.5245585893362902390989511043976705
6547.3115456202710006663915692105492139
6548.2061551429607033367034907158941195
6548.6792843080277440497290763047472623
6549.0197519684451390093057705719187088
6550.1184374329350947309729283783606968
6550.8044114583812427930504588351773213
6551.9558449386208802659862479943190654
6552.3907191610182966292923389174435473
6553.4169035621768256626727498204908503
6553.8657763150868933365445297060342396
6554.5430227080430027837421306721428542
6555.5177874070590813344220511248772274
6556.0299521048119593908940542054755482
6556.9357316863536355907914672559735689
6557.7548112572572673934575483948406695
6558.6958516708334480035978128496479711
6559.0898297920920765346955629488806367
6560.1611035662838793356096884335149511
6560.7696142689669851673075172563268461
6561.3513383201313310478409576933276856
6561.7023427625477575081172261473016570
6563.4003979578562456326261533825709955
6563.9096809643777031072430950341263304
6564.4673784988960239455045849094413617
6565.2271948730692409135897264983610007
6565.8741642696633236822574196963093793
6566.8018181831535086409794815667354766
6567.3513059012347556005791159541338570
6568.3591501830265275200013835152991892
6568.8584890188951629647252820895571737
6569.9277630702819601539903799885608408
6570.6864328992049104235548154052408299
6571.3373896003080241468821624734310636
6571.9407108213664107080534867052925490
6572.5976736334856746241639867170912949
6573.4012118108675557104572730521320284
6574.3423057527739208136455541738322309
6575.0475277833936676926138523808094204
6576.2224072341328195904383128706388784
6576.6059353279535188244590651233846240
6576.9846526907795110779524163678744560
6577.9803832884401764383575043227363338
6578.7344409439300999409254300514900396
6579.5325737173146725382376149905279633
6580.5583214326158816142073003712773045
6580.9595587738522803109589205603116939
6581.7712057120219234506351520346077696
6582.9330565583359115037896633435209206
6583.2506656564792517914583093091438980
6583.9200434674153214984025391199742686
6584.6477610176325919368824059952941622
6585.4029974679306325490857654821776190
6586.6946875760313780335201776757805503
6587.4140970531159256830000273881480326
6587.6480632096595992830564749387955405
6588.5359565455052421848245379540964561
6589.2736682186502730109294853155014343
6590.1373321085078527414633076347473902
6590.6262582374958413768157737199609667
6591.7222911473010364819450786988073216
6592.6097117169519011245650748280231527
6593.0585742612220485785411108340644013
6593.8641607719378779656896824187245674
6594.6606305116625969298164036937288915
6595.4267303741393572700367733009334455
6595.9667129163689526225101928775350836
6596.6436479745844596529373170132633352
6597.7983395638917436695313323144054826
6598.5755555303819702290951857497237713
6599.2814837643149843826427195785741666
6599.9672289859179754124036860846202900
6600.6574805879343939961735061122810256
6600.8416681914645330705698736452550255
6602.3611862567422269425245287132780769
6603.1264027752016206208345935453342703
6603.4632820361995661505476002596280004
6604.5691729434333671988157460003874525
6605.1471796909083882347055536638209138
6606.1600260693036178378710188018794905
6606.4290938930197065717783568416588334
6607.3776514273859209358829411396769989
6607.9889510993099210077704460158959051
6608.9660037129267289307256859575564972
6609.9396658670924031183535571393134361
6610.6144960378411654832019215681570690
6611.0809769891343140762177119515535807
6611.9386139610068446009018396654043990
6612.6514058109484981925584355669420689
6613.1226361758386760690337976949269274
6614.2924387554313388030918192628906686
6615.2447134709564119103809517089144807
6615.7760849861431660064348716856811169
6616.4090222731775508313561787730109855
6617.0644674481956626667062216214368282
6618.1062620075834998422448061808370524
6618.7345867519298545958490876954823146
6619.2613073284754473608265643933120838
6620.0716341951175232430996278888844703
6621.2410804686639630762439195954464745
6621.9041165597381238590657948281236091
6622.5773215686262325714927762585056515
6623.2860178351462832003271690131671815
6623.5770949250702410240851501564184143
6624.7206151126615487755445906455611160
6625.4517316350888038103215047674191576
6626.4686665059672054421355984906766294
6627.1663224581208703401641089777788886
6627.5988966253967537132849537408368605
6628.6557066454430768504939910872639569
6629.1393440261407420582071461178328980
6630.0474227861586013063281543077119062
6630.4448638910920108707537877052254851
6631.8534102350868567488706774234751126
6632.1333036923191705299287096299078865
6632.9921550084927773149816560267166588
6634.1442680211732572503188983279892064
6634.6174611006767751904712050985214021
6634.9614377478329882161174881361644044
6635.8226767962036480784520826424424271
6636.6755346901265725383833699798330802
6637.7687718628221315283706154771989396
6638.6394767006256964927970633291729111
6638.8976549796573487167704824857084740
6639.7588679903901256520865299222983726
6640.3944947934693524358110006328729272
6641.4002830298690684636082917228621536
6642.0355577559968036596490072445598297
6642.6325463813674804667514064818490624
6643.5191036507967809839482916975765835
6644.7055369921478585149496668974130249
6645.1544803719549882925921179028810028
6645.6016124935719576262638573135939933
6646.6163331655026069520115691544380103
6647.3209840172596580103176684807024993
6647.6531326439202855604602829591962114
6649.0987866554885095272506294989982095
6649.6581106721436482359973487354135799
6650.5060429642957744450337163430695513
6651.0898470171266701028073055490960588
6651.7122077746845993295444748339487746
6652.4252864156330908496985333798771244
6653.3207791317052491373648113909537767
6654.1143450962641263255337798967665238
6655.0722130310741371446744312680174721
6655.3493572293536079885269607997587528
6656.6330395181333390154580636410034087
6657.0649877666951052279556716243323856
6658.0842591711080547145689179482236599
6658.3595195978620208007121709941193510
6658.9216630505823548360038495807087959
6660.3102192364956105682352696702817591
6661.0996090141288624117844936007675150
6661.7972313527716020151859815425869131
6662.1888793125452122393218224666061812
6663.1741811297521011489903836930130593
6663.7292084614546995724990712663382768
6664.5617381829389126661627724385712604
6665.2863883287847092585696444489403703
6666.2860981905838775668639593047343631
6666.9375869356630183108886890817478069
6667.6396004532357253956234009264293369
6668.5529660620921188507469876055349438
6669.0539923201605540191603980632656913
6669.7738595079001662784489615534715533
6670.6313460224217164722589613154954945
6671.1659415329185532718129711034085829
6672.2321950650779910461599374527309979
6673.2914477543488031755454991228661716
6673.7625058056497713132786881784590501
6674.3251180189468172697941112684767267
6674.7831341755596002118699989995801804
6675.8797609940759781083944750220908555
6676.8713961380861847100278163729199297
6677.2011083615967436505369635798511397
6678.4999921647079431099394128819478864
6678.7849789234201697558853759709714122
6679.6169213291177928689777840380116842
6680.7441087333974521524683087505390720
6681.0543490755875806202660396639760131
6681.5614898025704777542690057376084322
6682.5898242286011307143709247053602603
6683.6353710044332001320456837508221940
6684.3593712075383791257018633525085815
6684.9224840094277264020420790076342406
6685.7905042494807485553384469207575554
6686.2950374937307204572284947154024174
6687.1377628217663932294988751829805801
6687.6015329675642724785344646474775634
6689.0040041456722513343401069138328031
6689.5399158451434777835236914634197041
6690.2280007230876788238690109578626417
6690.8428696352602532234321545096114549
6691.7803973109837845018912793486105825
6692.4148653634112221818139067083344608
6693.1940813715382522441697474810666247
6693.7767083851813957574646844351898728
6694.5600646509146711529950997872577928
6695.7797643943148126221763338439689292
6696.4855599451084262656628602662775767
6696.8515939685912287987355286239095103
6697.6510572292153884006594437234650354
6698.2391179514418585354620879783748021
6699.0454182982920109048932815821225446
6700.2669443415113583282652640530668488
6700.6914004090412264828025875559437724
6701.4550709772852673816625025538482937
6702.4346328148810052196213331437306151
6702.9405065587833395606657871906954010
6703.5648185555063913990732396035274947
6704.4291853514319589635105799038057744
6705.2598693514564297789798393407732784
6705.8045369409404137231892881784750331
6706.9387676295110804934256303547147774
6707.5518781785884606583881884919588467
6708.3671778402231704907423093420532244
6709.1421293923058907347592334873408407
6709.3899864237194040884535958526184245
6710.3753851215844428024439684346994143
6711.0432332297186478355933427515824052
6712.5108737588900381960626339092616059
6712.7562502704908400200514454052628217
6713.5815061424140772901844108810894596
6713.8680669659616848255809531788423406
6715.3404135068872383362347526392745527
6715.5928220231667246660116374933716322
6716.3582196427222146380678038787017226
6717.0928062064033930878285584033518530
6718.3173951906731117588415763267473306
6718.7045933418159402702498347217772217
6719.7283137208020771912156541079556497
6720.2505548935929857255214502342439428
6720.9195407732032395998682401472815427
6721.4678473214744386230326990202120727
6722.5062519062348674718471825462469847
6723.3776718667900738150343283705973358
6724.1457934891833486229985807984716782
6724.8991602651590779454853146356258114
6725.7006481484538101507977540268546157
6725.9157872560705841317322231206263099
6726.9514241917603525461344246804295566
6727.8100356794669079835335872042800256
6728.4956469090293942612014331943279355
6729.3911627651159458131989362874139092
6729.8916399535548317723223639729873830
6731.0615103820203555434503709820210805
6731.6526594466347658145742489545044941
6732.1635367755408848080336509695995794
6732.9092503690791035873473332626448922
6733.4057769304849927844812687460772007
6734.8739428980185227928065230938165547
6735.3339232674292907612006605373780773
6736.2775849935121714076388689143300777
6736.7079997690386609292434294663701568
6737.3357385640681382579375348152226604
6738.4091624042374513118463159277624640
6738.9035781416664293674654577428446119
6739.6801663098007380870649067832645586
6740.6964901193166630326552970797766545
6741.3175801018752562219377274916063544
6742.2376661262566926514370268052831018
6742.7841269837235655791090695466614455
6743.4169210883190183587857310065075340
6744.4967423760401803747893332656230202
6744.7907538798666169383667381130956107
6745.4953238088955034951131096758265663
6747.0896078598734143994939784875004446
6747.3575156624561891627626240765836270
6748.0534512881452446191651593109936195
6748.7124794198378138907726988780907169
6749.5104923892104506176638637463438252
6750.0486947754348104606713671925213121
6751.1919668347394380831952084736321876
6752.0464198125349248367567237079181839
6752.3480167636937722141642904642485963
6753.3935607339579913974714878051048614
6754.1876919285863302977199377775018051
6755.0517400172705752225080353697097286
6755.3171428847802652948352649894431773
6756.0033314145326903662082788621057450
6757.1045127445692400985218463163403277
6757.9548062104490605165759655310773149
6758.7183989047799980474918414899195593
6759.3980971285183905788250109997880398
6760.1697607280986523539750860488393525
6760.6662558155098940088028704333671484
6761.3138979602787851361906617836499677
6762.4147295342782323334426235906336666
6763.0075703347155997206487209686187417
6764.0949131624834829367346915898642591
6764.7078568273531253514147344669637229
6765.0990291736450141571607458243720334
6766.1309114871920761461033134014961203
6767.0349529032207367763750590319862462
6767.3596088969404826057181792547701692
6768.1145014804925578768846705576161288
6769.0501225353960529003685226524202742
6770.1371591063736075821974254660729246
6770.8736158103492889559204428635429997
6771.2585137042251454766256861212028675
6771.8819103676964851174088405541773480
6772.6479964036514233876977626893883862
6773.6279519734572731377340548155119482
6774.3107124194482084685219292180898327
6775.2954806486561501716186569643511231
6775.8059177987721208764049940168494382
6776.7563851502198276995411925354808109
6777.2114597276817603388228149530256556
6778.1381916281646654600485135355822095
6778.7958670117461489065236152652419710
6779.3507494457873871731508919408000069
6780.4084984513630161434346665081496225
6781.2583851105988024432618564964533306
6781.8884227683296084612422097751227735
6782.7039202509012787251201598336703612
6783.5250136463832689452211018068691133
6783.8706893847496540588363890866605469
6784.4607691068668261513717581673598036
6785.6489426576747823114697222010269813
6787.6733977126504318073312150716194355
6788.6799412735516257025281103950306778
6789.3832861638682158971120655889105555
6790.0089861747292512993380005545866487
6790.7763055271895283812817927731196930
6791.5325196166776883985875260165380087
6792.3160857983438309564357013245430638
6793.4563974157566071669136465809104050
6794.1220180924358687727141233628347095
6794.3075029023343436462362339114922731
6795.2330036891905070993678911991709933
6796.0324441170995695665532747263487897
6796.7553948616552215477756657075706687
6797.6170179244909409551720838402538075
6798.7807015359242305431601986124938129
6799.0637707983049652200844229622392976
6799.7593645840148752461882856125390657
6800.6383462287985456192113018850016005
6801.1292110237599778892607605966389863
6802.2603662891574727979859268366580991
6802.7341161046352336774421230036930267
6803.6055222326296427521759249338044282
6804.4496162307600226306444051316332119
6805.2665030139016841776369486418473634
6805.9521149935723209935973643552436011
6806.6498002769842965849068724772503846
6807.1148345599547000692931715015719289
6807.7428185755497885051668711794233365
6809.2481316771381836083211382943795828
6809.7140308333276079354738484983838905
6810.3977111938306146569522510329538590
6811.1550718979195786188217991681442823
6811.6806403104650780848848121099149916
6812.6473189513761581883875071331365890
6813.5384751880689435790947394980507992
6813.6657572799834587068432819025091262
6815.1142724938919863446399010605818759
6815.7480745389501339907998438192606238
6816.2524104474432496322043435726711399
6817.3433923930605934740786866150558788
6817.7775323164415427192171849765794875
6818.6639111074942485973647626720750659
6818.9649638153126023787629978973318454
6820.1240332842277378260191547484212658
6821.0830995239158180465795050408878586
6821.7238155988357057424080011184010151
6822.6365493041439586504676398184655140
6822.9943438667594127247258032002611341
6823.4840955064925003535970858639981722
6824.6895310471229145721848701776701419
6825.3831414264167134442981551241798871
6826.2625005366905071293495349460172145
6826.6566264743364534467076407444704230
6827.7944129837149973245292000785306470
6828.5820307819764977687241898488092252
6829.0802490733176629380547879812895917
6829.6688695720118797068300569748092564
6830.5793783426988063508414222390700889
6831.1037946675177308463353070449293733
6832.3722315293421968827984431139646384
6833.0755951477600225492646413206050558
6833.6942417617957385505028662094711489
6834.2167117059693630037988948779752198
6835.1296044913470308620110413309892846
6835.8081658280747527231360458798387843
6836.3310599479508927547963544860310792
6837.6068483411247407579876111451969769
6838.1708307506017551968375610609141661
6840.5699641057896920083255918611225563
6841.2274123365686373619069474617260157
6841.5873176195818881803044214988788218
6842.4622374248124034746226342240942425
6843.2825008604031799523075855031117197
6844.5019006890882948289719171375682188
6845.0966560341856452689605281478065837
6845.4846754419147538794192422995995308
6846.2119470814660542528531696941023991
6847.0009063119050420621922945752369336
6847.7515244364823837607958077370813240
6848.7202200510982878075214104862502249
6849.5333236349315527406703923693095393
6849.9973694178991905432520878840547992
6851.0269636071821268982898124820055347
6851.6226487651572606611056338329547393
6852.4284438529678936579532511788892192
6852.8348255552055268137200988632187131
6853.8377365748744295611245540661624036
6854.5659332979607160999836344607633406
6855.4916225118594205696996119574669367
6856.1966172316164737306752327570783680
6857.0694644481653606683198468954753738
6857.6840189186184886341593766545611940
6858.0772381978926051381134536208874447
6858.7985132907927637494460145004826642
6860.0485885797344342536265410377489678
6860.6675259460353296130595309779315049
6861.5346695813870235234187435053097373
6862.1484820010366349609651860483248911
6862.7043525897119744089956440432306005
6863.5878031350210572407565313180985538
6864.5676805883345311223423997860804876
6865.0318928534594028096640779413671088
6865.3911606767424547254855279400417666
6866.9357817826534971363196394929672217
6867.5935377769801268372824600125413726
6868.0123200165129116866505213487161430
6869.0936473920320468844661600497384186
6869.2527619284608166539090967794794943
6870.3191162055855644682427319793247848
6870.8956043224877454117471786352397836
6872.0150576872830169056396922339386532
6872.7496646690648374760674123379820647
6873.6403896411013147451653063925133382
6873.7877074937734935018057538103006892
6874.9734102588806543742148846812320269
6875.4657063664040781244805321533458397
6876.1953004535202566460000808165167726
6877.2844811248089064071929056159206883
6877.6961956094371573221364634853997532
6878.6147552164827811826448106012300028
6879.6018212059750646121094843887053246
6880.3045583515503548608266441990106022
6880.6661082601995812182226550335717101
6881.4171197297882380735834134417741149
6882.0233863122539340409877716658115355
6883.3394877067582821335554078770714298
6884.0318758743291516742390306983067450
6884.7276082572165419114365209538989996
6885.1406491113126217138757638131653164
6886.1717096458675162500232347845979562
6886.7808171539032628843610484298463098
6887.5388955340683910648490068660951123
6888.1698232627805550022219139782410250
6889.2239929873974538786687155499509769
6889.8076117102455562002606714811491144
6890.8204220330079479965635670478837633
6891.3731188553879513848500967305139120
6892.0440736236460938934639293525242155
6892.6969002797723797961449270901776203
6893.5529838666583233388425682554202284
6894.0682806506549841987001690543067099
6895.2737433260624030418979821956603151
6896.1882519587642616349692005614923468
6896.6294411830167803899744350195781168
6897.1798875890855258865827083459613883
6897.7972036177189242818860827234560234
6899.0454049817870932286640131525752084
6899.4213678218647238398152682630383348
6900.2916378135911450177291262399171077
6901.1865242711633162664539042475160357
6901.8000816150472996833485226542655336
6902.7676342742043949862631069849007011
6903.4005149699153011539747214203199775
6903.9833357619744479243710596495737480
6904.5968184046464389301585317062451228
6905.2987764905770139708208579804363804
6906.7447653882736996903854423839637436
6907.2038866336138950529070276913058171
6907.6173292204696459569727386564143449
6908.8353054485017181157554407831975027
6909.2264265713329740734911284667824359
6909.7615421888228857102378159781243683
6910.7696999582871054748202935225559312
6911.6297601409755002602413204574594196
6912.4662805422239984499401565988491664
6912.9963864276973129649278998365418193
6913.9886849639331980726531805558108688
6914.4019538169313795971180386759693075
6915.5675667029013171089565863127401960
6915.8928866019837788100802660213321369
6916.4522554372669128918248777875238440
6917.5570404354225840595967761993358728
6918.5253439896936256988665438173875939
6919.3794233401323307411978356991537133
6919.7858337567447237386355986715475874
6920.3294769225673057481795860309719939
6921.0980646264849666326210695548052394
6922.0813473715590886034683509893674721
6922.8317327773720399146226913784666141
6923.5135240160572203357854281017329530
6924.4297424728794155085963217878825634
6925.0340259390995131335748750519725553
6926.0134097778571848395293974032741219
6926.3460716224242909740392459124256914
6927.3223775290346655848296773335682409
6927.7472495451423164638456135977819462
6928.9181485183791373996836650537718831
6929.3917809428893059634646736368309198
6930.7362216639990131841178909696672766
6931.0619692034378012082377847878467089
6931.6002031847169409753652081156272289
6932.5652860899873585612088434278048819
6933.0362614211152125660780618394369658
6933.8302395852407112006078051730261854
6935.1308344939690197957026208768263944
6935.7064897388612067241711759143560349
6936.1162958021663199378653650062410440
6936.8693049222994899025173040271755709
6938.1487973308449622425001891290803315
6938.3471614134129547724733766531044068
6939.1255505826288888101331768773792308
6939.7496863700083716294702424822547242
6940.9186929957028034151098025148523784
6941.7513815172005217453647157231270746
6942.3061739209697427279621892317470425
6943.0780834018606437635425525500785649
6943.7281668123436453224253474278927971
6944.1368089237032507909022106468892732
6945.2952607631751629010283944828091663
6946.0354188102722790689316618956665027
6946.8172777574548576128791885948749294
6947.7357361055869394893684530882163206
6948.1734871991584774858669858157043789
6949.0463789747756256344187828586281192
6949.5159681356611769374097535694320656
6950.5443164938800382835726164374886467
6951.2759013583981758381853519888959455
6951.7731600879925934779908679757963079
6952.8646584832398839442117730470172312
6953.6909319809485715433640449220650639
6954.4173974959467215041805390536209609
6954.8571932400803485411257343323623870
6955.6901653850556070292748136803317821
6956.0460026890945713997013179914474709
6957.3642053716850505422757782941388716
6958.2821306329652710677281521289272144
6958.7213426756820513404168316902361126
6959.4557628847096906070620240903671569
6960.1566735924777738550146331521990650
6961.0203081340712939166645008312795087
6961.6577047991201456905824079801290754
6962.3911727708468903562144955315928874
6963.0394185181297786879761276923627557
6964.1796065735773249915832399002442577
6964.9202141221616731077904545682479632
6965.3899111669399705696234377971919529
6966.2050552868799838509083438584622699
6967.0668264413312994334506111647196602
6967.4546148033867327210415403062754250
6968.1588888345558488977824641957849307
6969.4971004858269201987176435343833918
6970.1058794993361109686448855185714546
6970.8055017470311832766587731963672601
6971.4484966333488679337834251027429651
6971.8950827585642189319163186561276095
6973.1434273953879116922015879555339319
6973.4452129840306844664282328235250629
6974.4991242546795930144946489620408354
6975.3081872638673085627619279728027315
6975.7388006664602987282527802463283245
6976.9801754128585846915995488468301894
6977.7280030974998265778785413065436431
6977.9947053034520469675104485750116940
6978.4723165455812741298771853086591802
6979.7453591464399006013355593062970041
6980.3747921895824923320921056058002774
6981.4467930931002349686314006662086959
6981.9616482914580780388579406817216900
6982.7853654989957296194470657614538165
6983.2332848588405606975361895259888438
6984.0928185620555531767396012890018439
6984.8601423814374951210588647033341586
6985.5547295390886351615766920823106572
6986.5416753240646175531976611787273351
6987.3019421720796196326455025213283010
6987.8179377836906813149713652007421547
6988.7701570842447387165910773913137951
6989.3909204139102591180427981493825789
6990.1841133241736782946953671198777585
6990.6976207836642984458412690179664801
6991.3074116375705974518605936134703386
6992.9261213253032722873016348987329999
6993.1551688386062522025606855788101471
6994.0429983183210619713371380051785018
6994.4063553813420962413932562288829922
6995.2668917708840088653539859902970100
6996.0418868165943561874052587435805440
6996.9576542542274466558170323539761937
6997.5916805848563004479475218262050829
6998.3985272375023069345225123464317039
6999.2820446935254598954802790721985961
6999.8813681002588568688924567329308659
7000.6743649521765069489448624180394718
7001.2996794839429083886657470110675194
7001.9646944781456278262907185574147849
7002.6396807851531481450814020609654861
7003.8985149622610750415125157312874687
7004.3359111728742223292704067264607307
7005.3086633391508116567483202435498016
7005.8721403096021491888828874255678704
7006.5921317348228205342058295681461780
7007.0789121910554046503149354670903487
7007.8553025375757233113507930254916296
7009.2785154880436903030326553997313084
7009.6065402237673772222509860316461417
7010.1624895967339757852853311852013711
7011.2393300202517556999378430515090754
7011.8123571004723539194897181017116022
7012.6443404864081374987669815680635482
7013.2427088199361618592170832791336282
7013.8648106504453460969542143257219823
7014.7024591958069046471407262694087747
7015.8990985463423039734440073462956080
7016.4860756526182963370275833063083801
7017.2926976361981487707971361123623646
7017.4090050353922302849788251580816530
7018.5090580390183973142745531076141468
7019.2264136142399791046472796935210941
7020.0473917798036483760199544790207063
7020.7891598392663571882936132093446322
7021.9704760354735563590192536685448971
7022.2368568192073701674396596138243020
7022.8282333693206994904609238742418709
7023.9386837774470750324573899258035457
7024.4617149538245881109683170073270332
7025.1564166610286550088709041614390642
7025.9582263271326438658184474914448443
7026.8792484677780422872777090198556712
7027.6113970949578665507263871978031098
7028.5221637939983557828965009898145834
7029.1419358163631240395619461050496908
7029.5547754764376697293504725146725245
7030.1591787477363103960311079530321037
7031.3019201865116106569093999634225147
7032.1790385490668322471403091545467302
7033.0420743373100718500906503351249257
7033.4157786770615260927165324255226937
7034.0831691728138627742752338721357983
7035.2515986578193697853128731861187503
7035.7423051862789180744477760449828092
7036.1778953406592742441735386636092044
7037.2565866331130754820412599873463048
7038.0006316480677075805006017322933565
7038.9330105098367120104039264438508185
7039.6328029333068014641974290571770162
7040.1709400705946975689567651794100557
7041.0962121296523511903002243218260917
7041.4983067735426068562570381154943984
7042.2372781894508227367385776205723516
7043.2826757956861683593571534528972469
7044.3211987704008762830778037346043255
7044.6705131411263633502067625565740588
7045.6243991836414515530806431158546971
7046.1172148874906968050998138316336826
7046.6575700080335850779346885100470873
7047.9990840261108776419741586818025787
7048.3181978562802243985152891212922353
7049.0831149091255576788626213468852620
7049.9210197991473959929039264786154959
7051.1331176222800297090063732253927860
7051.4703616199581207117963731303845386
7052.0182823457942341501426665374960820
7052.9902039886677241716653788777186193
7053.3305641910444961761790252052856080
7054.3793555927042336426108214621837206
7055.5083203232190886519304013625044504
7056.0856051310112960924682347933746036
7056.5421708771757173910222697829298139
7057.4887595041099662748688208983382351
7058.0599286015199539384415245158909132
7058.9711643669412341861127380054709909
7059.3767575799525480892599154961032110
7060.5111925283143200629427935429552186
7061.4812086433623680783344931664517654
7061.6732998113805153207202598290228655
7062.7205834308638401351468802874649437
7063.6927111190924125425550590853687115
7063.9412956709678086566457073320306342
7064.8284666535534883653535126014967394
7065.2604404465379063446082358400322195
7066.5680422360536607753541200988058455
7067.4273833982261212711587953727933175
7068.0302285542489843666588199663419325
7068.4910048898573846495280467382008613
7069.2985192743171730152139009621324730
7069.9004511903409044197366577964042606
7071.1517716782888571848748056610868364
7071.3713495532606444981988623450242204
7072.4169677844876009276969952087972805
7073.1738245076567338204512720203881579
7073.9783350320314007829384932042833248
7074.6681508877637376177676627466353974
7075.4257230291335593518847655774898067
7075.7996920096070365928148839320233376
7076.6792934195271779334426920569268281
7077.7649809546570795666019318888808603
7078.2588253989159673678765655761869203
7079.3919139289033929060647954723328100
7079.9431929781733485592971973033158123
7080.5318721951000281961865156815214496
7081.0042371201465365910270273923540730
7082.0429809366288705140459045857395747
7082.7850155432021557561988908755512068
7083.6910504170769572685566896527397098
7084.5573091662158793320915529670488076
7084.8379701927101306506981326356121214
7085.8927240971397933214609388555064249
7086.6110829697353882081814220498979550
7087.3382984131451998218042931572386248
7087.9357059589367477112351275638823179
7088.3690585579268317513445052757576342
7089.8875011298569247730514716114653158
7090.5166287721681726407877174678140188
7091.1295909149704667821663264209095675
7091.5457633828449942369728808978342622
7092.5208279541900582458707759313724465
7093.2927620451418602236735625174978162
7093.6685016355718654232168403365460777
7095.0978856341170568671833956252478853
7095.5217895891433386363754269872490737
7096.2040870604549637766744962537159616
7097.2241354788971735388654259405012158
7097.6534261023779350089131106501550318
7098.4057253508568993241545908851950591
7099.1937149178754570296577379804917408
7099.9667968112681432276068592898020856
7100.5869101424212897184581896380170530
7101.6812143455106832080677911195428093
7102.3933251081237729199173601799141528
7103.1884275952813672780838074221519497
7103.6353021935022870197481350106330649
7104.1190379856499565484122253816377248
7105.0393990405873931883413433097106914
7106.2529524363656333901055119101752991
7106.7192441524848742677534306835236865
7107.5781505223427550532175287291335718
7108.1369126757161338482878943721917588
7108.9110290940414005969172608333799782
7109.9182312436309402517980058769911043
7110.2464043898853676343375891992750069
7110.9785350001667027606410737254787670
7111.9444506403462505232391846784638352
7112.7487668478883115718316011726536190
7113.8118949041296604326374248501790486
7114.0546536497064589082282750083081044
7114.9063815501385175729464090248038465
7115.6506483571355239677373711814233565
7116.1479077117516296799889860668055254
7117.1088581270776160398540413248787052
7117.9389217690906310851072611755277716
7119.0547279465161417926339620170530997
7119.5110961075299361450264142242183441
7119.8484203118615313069098207887198818
7120.7887630057222418846104214970271883
7121.8602626381874771829325332800800396
7122.2086841588630715252901291037616663
7123.0049419980057406245824411511957887
7123.8711286609165781539790434580981391
7124.8682536044386247041746736630585980
7125.3633157872825846766187020253845926
7126.3964202333566884183912284748874890
7126.7718488116690112913852312868801169
7127.2098257580695729449274868605454101
7128.1784841324559308319569183777004947
7129.5205128980907424902764775420985939
7129.7995913816533514831493533652842738
7130.5983749170022497849717245192540128
7131.4451445465073631321113814974962230
7132.0570909549972617133498477916228493
7132.7150402421995065116320874457618803
7133.4752076450381389837223974825778399
7134.2600789090063861010692510653925375
7135.2551654846438026062054282784070159
7135.7415121821609863523879050603156191
7136.6430396520399945149916437375395960
7137.5347119117624123884221546746850786
7138.0074700237896605999197829016692901
7138.5815930859848696028185017876284719
7139.6715679543872436093789244736762414
7139.8093165364547123841991030834483861
7141.5161773151629034081715604698955302
7141.9395110936057884724197775476248773
7142.5370974938715328748368149969942430
7143.0483809710969435923264747820234959
7143.9960114364070237347547588838287509
7144.7064480745962285167159468143828273
7145.5710193552187280303630131514682401
7146.1779624262890149508631350777072736
7146.9885016078407676931178924153790227
7147.9331470657503905142175128613261168
7148.6785480411067345190383256995474461
7149.1954850770776913749071333644002511
7149.8130718384928639855035479922553728
7150.7960544604699558294116663509354983
7151.1354836131319687531794249643917225
7152.4059495306335144298709604718476412
7153.1801309901011518244400245556240260
7153.7876057414266141692974843209065818
7154.5231034148807183883719755074154257
7155.0748578352057203194289741030323476
7155.8578441919033941389255362320280305
7156.4981767206895520658010472631674684
7157.6566173660462292707143547915186916
7158.2197268724803898427843422688087828
7159.1592799140975738050023789414946308
7159.3876000375995817203513800344291913
7160.6869435984395341031284665788755156
7161.3307691412800921112221917147950078
7161.7417100791323955893201910875639012
7162.2278730037797440499450513520913190
7163.5457299029763808555146129260500050
7164.4261292247669192549846070840205208
7164.9241316579410098666163376056942589
7165.9329033502106501033888936799838040
7166.1765866593903880395993456143339996
7166.8723913994834538903327500193737634
7167.9921741007046867222465030101833880
7168.5263433225463404549934704404761254
7169.4581960948543207080118876640446416
7170.1687971339382439238428071737518231
7171.0834265643531670518731881006723405
7171.5867770149612733726575164724910590
7172.2362547602091420110689906444091890
7173.1199937918726194339279444372041629
7173.9036373001175278795158303643468779
7174.2846520153647971177584746527376469
7175.4188810928916343654532216933691886
7176.3956652269435685626755358633919676
7176.9084008927840539741934875814029194
7177.7258780120248820686847762037838621
7178.0590408215133168940098259963756258
7178.8275130750392501187195267129582627
7179.8042622059974222170019384276680533
7180.7100695772220838230400761376520557
7181.5756936018983336539845012928868753
7181.8905366108306701237443290576941492
7182.7622792199590029750549156350519715
7183.7162078380540481354517273839003269
7184.2807781892865922994000728001856648
7184.9203863460341277361888929742342509
7185.4929861670190482779366411255780640
7186.6856590725141224156003123109367875
7187.3851509716539622791465966478611306
7188.3313601440392925680675868507167462
7188.6005001348326868475223255054554138
7189.4680708460660053082424630107210383
7190.3573174023959977481948384714603891
7190.5890701232380980009712448305935342
7191.7319723128830574929654677529849158
7192.8514538216694314340816034206705694
7193.3399111846551069746548884015691407
7193.8503826396497460638174192103208434
7194.6988911155279870491250011138629342
7195.5425169945679836837576630346721531
7196.0814195252886753940539671242996149
7196.8994243940691353535183967607003116
7197.9449044072879392041127820964280475
7198.0574372071266451438838252821736502
7199.7241041034531657927865594631763653
7200.0334923864714918277118842970003891
7200.5331326737804556839506793006133820
7201.4257549474236355045147805745998381
7201.7600898754972434515046614510107259
7203.0600974925756193656734015155606523
7203.8042470584838472555373747457321228
7204.4374218608684551632027306268097467
7205.3373578598099332879771273698449406
7205.8825318632584173557521666214773003
7206.5209974935395493188756606706574516
7207.3759555550563202565658867348422870
7208.2302534639724076793422297169213296
7208.5762955308327910335391092550904414
7209.8546752611768019274107584414586915
7210.5001886248548413063967243511306945
7211.0834055985762986931247247509782674
7211.9493489930391083318162346217333233
7212.8158441793550221470650160093860180
7213.1162092008420807596858688244201880
7213.7104316441582462682992594176063039
7214.9684438530478647857793319636691320
7215.9537673653187715250728204964100256
7216.4538535692442608653348032156260960
7216.9674552422800248677544621865543258
7217.7081965802982009801047787042283452
7218.5268836026474119348287591150431843
7219.3904432573952131769349539359153023
7219.9812314711709783329247969530829975
7220.6886020199459454494481252506599599
7221.8079767069217131788589082737149809
7222.2456661165864192698202883792125031
7223.3818588604172210893964611089890700
7223.6764307320974954712745094113006114
7224.2989919111542339695486571770557925
7225.1723641492164804489558840659460321
7225.9152170978719902877487085916336328
7227.0476403422542573324036748549589491
7227.5615846196657372923408653480236773
7228.3711410057895981709928922601941390
7229.0339353579260305299436709033223568
7229.6725939022938781858621254423771765
7230.2039468982509613135655724505731983
7231.2859270726290532029138966353934568
7232.1527527964863027291639906066727075
7232.7276301130708379013041037949783885
7233.3826448285740536816283700436168028
7234.4455591308708532697815939542440500
7235.0101013370897049165381490357421487
7235.7125387310804042468970442402423008
7236.2349428596865631783607742305411561
7236.9899423868222771333613192001212878
7237.9546700369303886547552136258130927
7239.1547157000348804570263034528148289
7239.4952393685136530448123407920633924
7240.1675412207013035707528045334680810
7240.5752845613152159662906760767173939
7241.8446766106027541480078515942883031
7242.3245853322542830602494744010659604
7242.9302884456847451190032679810548240
7244.2437258339056060536414933022906064
7244.5982214621898457190627855649136490
7245.4562960019876520012469090737449348
7246.1372896684332668899629711699190449
7246.9153293856493889695415158120586801
7247.5511154666818383640618564410780008
7248.2293043966690753786196004908738789
7248.9508964099565215293638939113654052
7250.1471241864774717184253128225251431
7250.6476762153366848807063539668976985
7251.6747534529025877712388989929756065
7251.9132441521607402835497655370940795
7252.7555243299786494537221814843302997
7253.2152257224695063011168676503842855
7254.4915084739505119557213530192991909
7255.3142662639497198577328187687401262
7255.7101366269648882157636807512745759
7256.5469348185777798398383566747914425
7257.4251177573291106081957610125618045
7258.1062259030560667151570215213906681
7258.7588636147510886629808968411184954
7259.4107616148360811563547219883925300
7260.0068481011915338628568183847959007
7261.2629595222789012361516134615254651
7262.0641164391474519721013011825954539
7262.3737030326991507478482014144069726
7263.4925510802723320028324347182350755
7263.9067704182043979891888955500273306
7264.4365494584574886124426995660296277
7265.4817589377359336445148238779563929
7266.2594415353985675470152173834156534
7267.1271542009401969621148262602924167
7267.9414686060373658052075299177714725
7268.4713414311395590550956580392194992
7269.0025280216897695776881353924315646
7270.0544674359490557208975508632971945
7270.7164148916782988072042140461799250
7271.3579210657052731783247857413662490
7272.0020201679140597435971114299141176
7273.0482386294756999150633869832087490
7274.1528875647771838432340020575416204
7274.4763990288384991690135095290148489
7274.8843233893348995077610127057106301
7275.9182154805912209616569770739991550
7276.3948729762045502375409339661697253
7277.3969431329618274206995510003973747
7278.5160468627472140250897411527237435
7278.8613273233368572089647431455577664
7279.6459179356682649133286163704113515
7280.3036778607725292120355943715830783
7281.3489423574987397578349619376567448
7281.7498240719883811530564846106115561
7282.2916981710023154551976731403418624
7283.5533270026639062396769292269294531
7284.1270544349242219033597816611702594
7284.8615596752827991611447172628334065
7285.7431952046547693619298849096411809
7286.5879894152222235696447916988322958
7286.8437652860752566185172157329319166
7287.6960123687567665885451861365667840
7288.2654394475416155680232465933483825
7289.6025656376385443334100531783246099
7290.1877665824025363918864573924559188
7290.9906438244632544220613017224371584
7291.4882925029580417151433901783802055
7292.0233978410144604097876605319290064
7293.3266449629156272919190153900865448
7293.5176421028750555744567520589015536
7294.6158232727719000802397245960221447
7295.0464957729125911018756552432257278
7296.2290775984304917896696048405393599
7296.9000201834469362467645380285601160
7297.6706721624700746711960007930870934
7298.1265700526192030316572505365056141
7298.7441800732733415971155568403444919
7299.6861112388023131603738550616266701
7300.4054915943716512466462403027766259
7301.3944960335463539706162338180824192
7302.2545267515538204875396536651492791
7302.5926574805342300266714111912835413
7303.6239716878411266478153355932867841
7303.9096815310415071246871056498568161
7304.8083687368876352860037399729383125
7305.8649241964974938824863787497105300
7306.3104773818497957519668134847597052
7307.2432030074507205802290617191284024
7308.0864460942273141087284487114891044
7308.5778059294787878928010981150028526
7309.5659260235522931180632649532025420
7310.3205177737504858923860589576204002
7310.5333099388717730204911377199252948
7311.2560517456095109947058243424864362
7312.8501504503851644251252501324621348
7313.3135709201509257797666606919839433
7313.7766536879528214003234895313272562
7314.5864414251971220837516410050355365
7315.3499889905626370727029714974588653
7315.9524201812748723466173996610536699
7316.8503402935522254467150580974257957
7317.5011649439111730871393136978818416
7318.5282588224488954780694378626412170
7319.0520426703598988834817511438621407
7319.9217693964345644647448400464691959
7320.6882778887283301584825865971448814
7321.2215041220765687565296340485548206
7321.9041611342392318939079886234064283
7322.7056126763197956985182424924860171
7323.5053274038945350063351536865052390
7324.3218671503479363977500347339286705
7325.4196671041604358844335882649246864
7325.8887001880605330469836462600279426
7326.3825849731264329100159623651162776
7326.8937045319645427191546354107197713
7328.1301080559103327018567054336776368
7328.6012000091808969726808405186782921
7329.7822716812138200042084040895518109
7330.2092964900784180262338586928528641
7330.8427445026177482531761094458930803
7332.0399024678679265284195627951111708
7332.3669672962469933147082858058062408
7333.2421047730538808376078580447061278
7333.6805789233805736911770977069170495
7334.5319946303667309631517586037407893
7335.6705668958127241674419679255890330
7336.3633467053307753124912098239883762
7337.1207516058131388739897511898124503
7337.4518171874404123502611723813014939
7338.5297795834366047730843190048340473
7338.8774891105253681223216292619837455
7339.8652266288822780958282375692929926
7340.5867092133457052607641331367444807
7341.7591438468623233553670591898097234
7342.2164051258852391306690200109998759
7342.6598218248256258215479579675683404
7343.6639129102379065884159761352267781
7344.3944769607735688185939912176813348
7345.2483363087471833497233172687624765
7345.4515587260878834660801419937037617
7346.5815777354016507896702535037448657
7347.5186601856502909672973577618564467
7348.3345697803997511514603266936985055
7348.8631300473646173942419233712458980
7349.5553874082186264205362189054643784
7350.0825284225701118032300732295869243
7350.7625603420293430634342610685474268
7352.1562506173884456951212479711104426
7352.5487786003016285718399379115162044
7353.2593353079902202143672628345304267
7354.0534891393725604720523305627706809
7355.0750323278239716850791040009724956
7355.2628484896008537519993128054582173
7356.1641127170638198514709314605720610
7356.9394362134037706675176719779195104
7357.7608623084066285535513189904148853
7358.4190493913165346247411916264187904
7359.6350281787114291108767689646519406
7359.8981547400518911896713344496090658
7360.7860308721626394278610644876529367
7361.3667931010648812932098784547923695
7362.1464424922779129877200839667081157
7362.5697508367239154592641456366638965
7364.0517113034834177475630678703049377
7364.5434803010602138040678108988149289
7365.3257537490063665863927139544704179
7365.8059333079486901464167019115136377
7366.4700383517731158456661464628101945
7367.5892403997818915024458272473688378
7368.3139613417849328993837475208828666
7368.4350616043424542362291280771292320
7369.7280058769585024380158498923082862
7370.5157652672230765864619868031334467
7371.2952249966927144303728094430823872
7372.0091295157578591864708286772007033
7372.4853774798803334496775640857000025
7373.1489142387884208324378464168869535
7373.9658857923440908351981209617811183
7374.8912645477330876908856891140654053
7375.6927641993455396043306923487561570
7376.5905182656183663977055605614860151
7377.0924392481681564119113948084963057
7377.6239174878380836632874737997089220
7378.7148210128841161042798317442493874
7379.0363860893156499265326706719315420
7379.9742845575529681114139428793110800
7381.0096641043489156849902236452891052
7381.4924262479701168987257818689926966
7382.1995823758451763147124553977356713
7383.2581027897967330933345311526170214
7383.9434229101331497321633060273043527
7384.4283468906447295415502043578904107
7384.7934648535702877511496900726151307
7385.9260506111706305794322036231000109
7386.9427660729473511848137731349152628
7387.7384586894291780136702452398325548
7388.2375630964092247584953038441847037
7388.8820308120075234042896170351943776
7389.6224819645226639792587640567437002
7390.3633796049156127186731682127659510
7391.2241862478366039088074740724928353
7391.9165965388601392425827891623519493
7392.5504748119745023767481445657412438
7393.7553081384848877443147327037121634
7394.2323553564494612912231159368530602
7394.7936271704291592089229756592695402
7395.6366896743514402621762300002777648
7396.4515707964051048779709465361192668
7396.8610322658237797589654454149820971
7397.7459405682535631068357422029583597
7398.9472314233929025327574026227851594
7399.6156703074371444563522632841864943
7399.9993446861539485680145381907700768
7400.9321585895841348268880329609324277
7401.2703268769196837428826244050896773
7402.2943072003388012225690936480208480
7403.0686233577637000582026871065177865
7404.0790674218057382905631884038884149
7404.4777252596292469603074497586212047
7405.2166362710169797963845360218029303
7406.3395516743970410892401570733825998
7406.8524070606121577375165331501307075
7407.3289868752461590427625903351896822
7408.1944879393769272158163544477407776
7408.7134610986142640997589093823773566
7410.2524887632724455640131151193369861
7410.4959456598622071821173009051134138
7411.2567469809844700729422365144326805
7412.0770457337348860990952247112105848
7412.6098763302869554402367120670596219
7413.3731384433011824261746103560183813
7414.0364201296006268594833897215140597
7415.1121727230757937827546483954762365
7415.8218738170670243543802201466663588
7416.5873680389282798886073309442601224
7417.0488476339272457306399843951672626
7418.0645042129873917442453213044960158
7418.5935726021028021221706430261876715
7419.4582187380191682021085724622574185
7419.9251907659770819742328406115608886
7420.8338919031053127240274710582993345
7421.7997225854602696582482787694720451
7422.6743290181127732540128571984380897
7423.3228980955075926187522589458940261
7423.7846291821675491223829223691140262
7424.1186518017722436513375395471620436
7425.5165056774939013519856143079792322
7426.0744862053760266324121547815258560
7426.8723547410959612913560354254943792
7427.7173731649458720569264807225878480
7428.5511630475217057449305242599665835
7428.7878710131960177987835393440547575
7430.0438539447653302589705687275109912
7430.5179253975828479648765944029899245
7430.9557733663892042427887617332020801
7432.0794022275477953239533078727706354
7432.8710738812366051791557487962990531
7433.7142363028993981141778209239076883
7434.3192793334837308965359975734507553
7435.0515260878200358112120073096423722
7435.7487410420680898195939531304762622
7436.3497637353485605717123617943892203
7436.8630145868670810995442871130753615
7438.4090873319855747127116467987752202
7438.8518652371323186739966041011710533
7439.4210225895939162142559994435793603
7440.1385631534679077020659658228173291
7440.9521531185327556096514460322949430
7441.7450830358997296437166696432107640
7442.3571329027311337197347024891180192
7443.1043171501733041336949685246917934
7443.7695182869835794514538690278277441
7444.9053551130935469674190777263241022
7445.6154848651619613122347737641013904
7446.2591731587394934130175111028164778
7446.6995910027577480847379230079539524
7447.5129272036590917526043150166453749
7448.2000741206422249580009349489510157
7449.1308421406246301676915983364065206
7450.2721157494115927451577543764341288
7450.3884404313872021641454553814894574
7451.6264152434266780916912953672686759
7451.9691115191258690791793741261825216
7452.7083248539618596306744068843589950
7453.4642962500591251153863675004525180
7454.3432476775230518528393832894586580
7455.0994721656535840723482554143373958
7455.7282355807151994253161169754978724
7456.6297658887040525889882058889212143
7457.5926196796229395188297059127211351
7457.9555261443671506899420609833371227
7458.7348588211833980768603431466497781
7459.2591740404032024956552386911786908
7460.0394343164388936621276084945283309
7461.1817520463560773087382109179906394
7462.1132382633808726053126694905532869
7462.5989408938693865015023502967596978
7462.8701917215035915167163218151460011
7463.9852534018909537331129691994190369
7464.7293273573831764525967928043450361
7465.4990713702417621815105873403989586
7465.8724559683307098784685730581301637
7467.1338574350198231597124355572058288
7467.7528851875487788793976421362708961
7468.5736655872730383897535907665375597
7469.0265154389297328932511173005019963
7470.1363935346216547361257161019138715
7470.5098972181373315339651065577869411
7470.9556016212974459686745050012904288
7472.3446364344390507019443781241247430
7472.8550433470026464581858783183016325
7473.8459353531934008620607688863476917
7474.5664880906193992619278709245700718
7474.9281843164782670874398660444311895
7475.6071237031939730686139761794995156
7476.4691720277530521307292106300049159
7477.5568927525205806501388111824414883
7477.9348748487900470163573106470983751
7478.9231120373818236808754433638876698
7479.4436892447893030345244002389540448
7480.5442709342604553727407108850967116
7481.1435021653775277001861439493120334
7481.6273797345007013089853029942064705
7482.2330924493896963404016273887545114
7483.1503918886934383515379730128808040
7484.1584551439353328820711169437712444
7484.9938768374207925844206632906004143
7485.5609414814212089222476570617557441
7486.1332266729427886558638412528194892
7486.9287134179083705452907593208467797
7487.5924394829467363740193622045146410
7488.3653566939236088709942947849166405
7489.1390063544876143081761958224157605
7490.2425976463181369859505171706621653
7490.6157664298681148500236271809775798
7491.4231092134320176143307618890256260
7492.3168664030333551923655923331836537
7492.6893601473194721904709217556037518
7493.7962827466508055064173168055212946
7494.2773481842358584180446005258237485
7494.7227035718579456007376410235893997
7496.3091801677390959234083246771764369
7496.9210278539942050899113590675793029
7497.1578984284583631567538462526895148
7498.1163427278737080407885552796083798
7498.6212528011455857352649414278812020
7499.4300522346939619910806369478192010
7500.3873204892408691048272827385844395
7501.1606266111011321310699915540556059
7501.9975802832219945042649488782325157
7502.3273538296777112998339962277415073
7503.4877445531838493130438059009970688
7504.0893068813913803383838222113912126
7504.6852046509004800289310879648903902
7505.2252815049317296874575527105067649
7506.2325053380432880845884097284578863
7507.2336321952126339233123762078504127
7507.6365517506470982968682569181733837
7508.7760930474331365492305996504697885
7509.2285805394342999628727098394207646
7509.9441696949073987688827514251043968
7510.3676235196450218437499698581926412
7511.3233941367218812247946393579056157
7512.3383160876313900807911789769688067
7513.1404782377806114934672103326911179
7513.6446740773667683310069455800197745
7514.6688642739016268703564420727654348
7514.7356418277394896004556890911638017
7516.1784084152361065501582550453949916
7516.5277128313612516559359010340423075
7517.1871412032147505244490481975346395
7517.9505833178883665836727821590535642
7519.1183534204047992187805385102560472
7519.8314111990001259265871236901725997
7520.4196615458538745416896642896998643
7520.9404706904441553562612307470940599
7521.6922911010614170188544723169586920
7522.3936281792906999355916878320997830
7523.3365321540052038688606070529165470
7524.1788609586390294118262849457642357
7524.8582016969059070537423192458173299
7525.7322875312948176435297371658577114
7526.2011711277402531149887568019795161
7526.8387827115547878853776165077018485
7527.8642791311087084708944094770844759
7528.3587480658622933727767751752932395
7529.1342229197472048384230276034011526
7530.1782324166066606836112664618349149
7530.6615640796557004059850979283204544
7531.6421936277413235579780501667609606
7532.3447755762632408705998389532908118
7532.9423860067310811845352908538640478
7533.3901529733134395033147120802564848
7534.1360925744817680270824770862373094
7535.4065359706818534294941994219244653
7536.2708068610786467893719794977881094
7536.6674180046346011155682476355712754
7537.1175384152363407114707676065185806
7538.2600844780488169578532492994002877
7538.9742681037497642029579801603877783
7539.3141623716298881220108275319794366
7540.3827262992098971815460195947557263
7541.1320351862755027122667695783076759
7541.8081898370671699749791849232713787
7542.8433312706868167212985900520768348
7543.5417088446465994938519209444235705
7543.8028803685668404766001727889636271
7544.7028503759607392463136903248689235
7545.5378985819602152410761586997813790
7546.0584833022318711085110124179767635
7547.1866046100894819797184896245145646
7548.0438591967639086539141109862811470
7548.6610021885733964568456397863387075
7549.1341333743103581576493931673144901
7549.7457148139203312031052018998513340
7550.7639679760473305395253724445232430
7551.4285665893161270823502900324349794
7552.3901227563714646504552698017287160
7552.7561603589596644696217609755152655
7553.9014310124613477680360681877847233
7554.4791929486207699076681195586410870
7555.2868217347302448857195859797004624
7556.0277800859674114949865576894032592
7556.3538961508504371708753089214577589
7557.0840565623045734204972075815247428
7558.4657010149389308076274971240093906
7559.0199041885861386680365222645851656
7559.6751391495283778173906988482023911
7560.4535448603874472407408567781202590
7560.9357531538432136020058910238204868
7561.8483293420336010846472308632576811
7562.4932698815626284790303480423456086
7563.2089924969590168213774087059367122
7564.2589280949390288203602386782419014
7564.9684943344528038697264559263365039
7565.5059798155765925172606351028622016
7566.2416877953319501061429175634487897
7568.4121638791733163300012890932354823
7568.9844903350795341417118811331537249
7570.3198753806865336718389961368235151
7570.8933795687297536215449655809474368
7571.5615103077555786423496965615043398
7572.3611460151917094415788271157893035
7572.6394445868024951536324977608890959
7573.4652924787240893935132488160429041
7574.7060831786238994725046475979701234
7575.1770875005085182906100783333601213
7575.8533857425376119544270569646514700
7576.7881244718544888556092102746550792
7577.4859166761880382635467717148215041
7578.3179259692305509407346643798887884
7578.7023116121303922248231036089591983
7579.4532165861297783202084844447754279
7580.4179812272116709033468801123189583
7580.9403538704298799139776599724458354
7582.3012542312272998245593249933390441
7582.5203990893129168630814191183225568
7583.5208621803204165641290067395870414
7583.9093228664093981658616344146555635
7584.6743804265284742877465974208866566
7585.4781684692609677118369893257080942
7586.1403417406784347880348731922817098
7587.5207435856526661330312238820484100
7587.8480672031101906041011926549550459
7588.2754617207060308246095068633073689
7589.2420116086538178252475959946729636
7590.2190156641444771445023804866445148
7590.7303105570593571155203969691727074
7591.1811641672521727996529402413851263
7592.1427072162640257104696162460414951
7593.0268710521058294037132149064907831
7594.1369076865794677452118457732299338
7594.4494931068613185011838203807709637
7595.1307602316466532283401661911051175
7595.7077173615018099306340487187962214
7596.6848270074182397790951915036303568
7597.1670909293449393601754016938274507
7598.4825375761804494184771523462749088
7598.8511435373209264347944603796508052
7599.6977789741507963104014331443026238
7600.4163202323899505318830814267166934
7601.2108644552354698406754022290779845
7601.5672866163766477884164628994955085
7602.8099313473606107284798686437941111
7603.0057751393783044160752508933660022
7604.2753428569739303778325258407609753
7604.7194557578037753036944899005455115
7605.7449514775068480121320400896380108
7606.5257056959822247125611297053391303
7606.9889162113960553277761395946690713
7607.5779621460621210069375085398343108
7608.1240395838350215116093287047825834
7609.5716383569892887362339441240311610
7610.0564439112130630409622815805196907
7610.8414410227641392703034681054911345
7611.5594378092765938766675995779427988
7612.0710553480926985242788087757630721
7612.9007656136731459529226273542294692
7613.8740618690651066263470209779803579
7614.2876649172384524848351801423906601
7614.9382389241424912116738885828357305
7616.1253657853590004231068205009270000
7616.9313659576737881267652897728514900
7617.3858056892827392682310070815699875
7618.0606386047607065689274877179112103
7618.9388056981892372402422192977889532
7619.4616032075042974703092940556171078
7620.1242514335266185540031995960364469
7621.2044260938241381764246611809896231
7622.1641122818409636151326296875147772
7622.7882255627192040803262216343479133
7623.0530879189003983380815193821954528
7624.1210776676168524329900451223802576
7624.6336699476241743641165962194960339
7625.5237197696018784142368080429554112
7626.3004119269822629369641184853535326
7627.1473926327684635231372509018362081
7627.5990298218574371237555395919649217
7628.7234287032789340307362696969365772
7629.4976292426832660024367094665897907
7629.8731336582843696795531792181494087
7630.6402947056976560243805288282124525
7631.0426185451252178832799353890809527
7632.3936722494794483219148852268277941
7633.1260150367643248208309567963567861
7633.7755617489467136800304825708538565
7634.5361830688082673395236172691822896
7635.0157672550490648273475631981411278
7635.8775624633168627538227327643142569
7636.6693111935663397981059782060300660
7637.1358247042792408807690077547425444
7638.2914618451345894416281074576609323
7638.9990944366143829135276531950005786
7639.5443108123317517180159029063798261
7640.4525897367340329081526215169358884
7641.3012541731168916145121137431601500
7641.5566050434906950650104146297866677
7642.6299313128423209162895731675931854
7643.0085270327574039914783215336830936
7644.0224535422690653617615085010620002
7645.1934065111710040910624670345577831
7645.6988454234224416833137216585566414
7646.2980534970095699340882093021193573
7646.6521927955881739988674004561858327
7647.6817503852047345998931053907212716
7648.5668012701492935271859189860712698
7649.1922416472834956365626906340678990
7649.9981254873180641378718581424178383
7650.7554315891188955671311148864269139
7651.5902589300516120239084181482455144
7652.2260231881218156192232654254847761
7652.8923071002654646495095131671024803
7653.8015919062097648170606280665577324
7653.9658913144612568027139480360977125
7655.1126388124706517157480611459447393
7656.2332411307696880712984781680644730
7656.7671307159280898164629310384494664
7657.1822416062126181391830817819499019
7658.4513806283002888347272581246907466
7658.7828805370157004150416779598670404
7659.0502887980224850705383440526978398
7660.4191512266814226135604457107561791
7661.2844883283768811991576895399453691
7661.8095703202093560569582986417260106
7662.6863823595935612693377733940051759
7663.0893831114963353776181643985840957
7664.2829679099885775477671950109242795
7664.6673584527982153499501130128385296
7665.4602539894492986438350984585447005
7665.9616561207447462158135814978930306
7667.0103704389908130441030812903923221
7668.0129734134933270414666708698931589
7668.6987499559825701303534148243492809
7669.1906300920020306885404802904009041
7669.7546577027778131318923389683587258
7670.4959002009380813570121280330153033
7671.4643475142393769851813004379593248
7672.1238474157122380731602839875916544
7673.0293959056236554086394269261003662
7673.7581763719636755815949670723494384
7674.4190280068995052001040587316552547
7675.1410135706218467185458573237250775
7675.8260502733276918228963426269885436
7676.4741053380918046342224439230409561
7677.3670924337080297844887982476270862
7677.9584530055432636205115182999846694
7678.8786415742196385144833507454180320
7679.7162666732428223905648068616017631
7680.5490652077568459760707696724393461
7681.1284614726172116410021337030860389
7681.4240508409363047092022545985495857
7682.4731705893901717121021844540040665
7683.0122565614198780551518289677699057
7684.3178725067771051642376249692111382
7684.9821693763696245945342258701408409
7685.3981991604403174383120426868354815
7686.0489685320034887490729358502043703
7687.0346927408687883541600805190176131
7687.8768662870433816107656988032707739
7688.2775660119443498340975028618285411
7688.8373036712799662009502543382723374
7690.1983727183536198117014462313654336
7690.7106370167373440441937233943976854
7691.4522852002306531481213415384442675
7692.3715349981458512742575921942049278
7692.6978844548745047658490023364535760
7693.5075494533393857386094123919490483
7694.1168424532077730508954318286554665
7695.1485693096060404799197842247085000
7696.0178128323659585693030156868668268
7696.6819289879458988076002803599321437
7697.4699236460798314216839684901845129
7697.8945355306076424208095439445161423
7698.6947094285129002686979820455316180
7699.4214073870001234189803123374847127
7700.4076044830034027627869223791700907
7701.0336553034249884509032644888041316
7701.4836746027890722050417305953929303
7702.8972000757826039800931945652439134
7703.2766319199785189633427911192985529
7703.9740622807996589905575352002589550
7704.6370980450519554054648737987933733
7705.2070103764851593556722821997747368
7705.9574115582137550552193794721069802
7707.3817850435925888800126426573203058
7707.6653488012528532677719604421097526
7708.3878880120040743966423493555318781
7709.2854682147078874572929479701279930
7709.6506096866755861612056431966035887
7710.7641018319159248257526808363959554
7711.1071637749400351810721422744966474
7712.1240702184626995488025432694983577
7712.8347373300720547879380693259073232
7713.7895070672519164577402817647996493
7714.3759559126791010798457473265834858
7714.9597417561994905049510445704022674
7715.9799191536546983864918007741741032
7716.4843808574264645452224515143628736
7716.9457633642077447270650351645876955
7717.8648651302577738205789882214474292
7719.1527906274215582627447868901795883
7719.6121384854822499245656610066186824
7720.3616996530270620644035428001673482
7720.7676446969160006379515867218032197
7721.5106637961623618206173520345906344
7722.6333841502369960477472098334615688
7722.9642140877825309166131790689414211
7724.0239736486700092128800579772919471
7724.8499171100895222499016905883787381
7725.1834094940175774532689346946573781
7726.4570842518003588008967625683367630
7727.0520238339485211940344047466568045
7727.3831824377453519694858287756190900
7728.0630697960264308696660527494197485
7729.1224402587417449991944511396852792
7729.9227659654638248480596415135509725
7730.6535477885218267324646399353107211
7731.5728169476521319251716026240709932
7732.0409079027506763734625048599721439
7732.8144165491412674147209193739311962
7733.2023386602301050016673075913283681
7734.2558090100546874047750416275713813
7735.0539157769623284839779019019040734
7735.8502791316105838242084769763227388
7736.6387089476803206071405706100560465
7737.1800985520937259125806180131954527
7737.9114639987434786411158536182876970
7738.9272458089328506391471436238065483
7739.3756816697593056405715720897850132
7739.9623293640511829068594909946425531
7740.6848526980873057706886541418993769
7741.9494514231574290671876747326157636
7742.7747386353780429627126257075007557
7743.1049468076812193226767643189772934
7743.6981786457578334413244524581321441
7744.5795973117323030878113015555127785
7745.2010629091171438333632459566424694
7746.1064938760847641191917298039120714
7746.8768872324810588505375184852016945
7747.6997352901497399075550504398726223
7748.3856211307057366400675698019325859
7749.0645989241559774694452055801655027
7749.8335959822266382012069778204141821
7750.4497949347910588397369883335738442
7751.1824778026526167456414714830276686
7751.9245337811122230057466031620144214
7752.6970471801253563683146718582529179
7753.6823658117815156756196820145356897
7754.4049298465356639653009358633696522
7754.9929826606545050846018507474250986
7755.7146591093185516592951428285540498
7756.3850451079543585497624186300321253
7756.6883092881187017115140118820027590
7758.2109214220741178593871271493070460
7758.8981159102964114471452550533599043
7759.3575245220863166079966335115860236
7759.9683015558572830247406849126069492
7761.1666009271753289044213354291948592
7761.4739611705629176746552942750195778
7762.2607071576690404258790420062779833
7763.1667807327136517836722033821472961
7763.4716611629925676072950280001118062
7764.9426170623722970268503787974492762
7765.2564978401558824662080572837892205
7766.4342456825493239159865059726291726
7766.5759927382999649446688164944730154
7767.3683874672637806498058390865795673
7768.1092115063242438966639060663342711
7769.0554092837950224461105107128622428
7769.5887712126527243086419928808910819
7770.8484692052431243794651538626073066
7771.3443054504041960532298815309335541
7771.9061437937389435285803740324206224
7772.4252223464972968138768038619923559
7773.5530905399396326035476597645046105
7774.2320448185172730923256631743483406
7774.6422267985830630370224001966016486
7775.7387772181098416498410748934642125
7776.4033042613625232805308805461137858
7777.2724861235115528005852981287340412
7778.1444931215591115353421525173805726
7778.5071453571092969844357949993890890
7779.1203429533768715841148674052510570
7779.7802672322977322528995829720397885
7780.9207303033108013596575739696935068
7781.8658394429175560052117269030414699
7782.3228450740226509519411587456392070
7782.9857906162809982355568057745175374
7783.7656857399884456721951371476028868
7784.4969735884611055432455490232211982
7785.3276856204101133247364775745075314
7785.6448606795727399992253926475412215
7786.8769251868641763353858098161620256
7787.5140215909032251246888957568465199
7788.2277834886967271205075164305496039
7789.1950087177687898549097481766277061
7789.5127524303764553395215461823845468
7790.6349612170198983247765781660310511
7790.9118685741413084852318776166003423
7791.5264329464005089361020149427610610
7792.8740822642365033652007847581451896
7793.5122755719520851349711759809005837
7794.3510455225979549688575661598510649
7794.7939188980209705604835096922615728
7795.4234198023869437235072871197505159
7796.1620054031840136669611614408286883
7797.1646935038177085456270690244067811
7797.8042512837080587385230281424072085
7798.5161118959796207343405050369360433
7799.1770787911594784179144306383491595
7800.4258858047970310743576626252438259
7800.7532359208553526228043735877664297
7801.4447461105456955293141952852795592
7801.9907424955846426226470239440696145
7803.0365018962205260683976416038726162
7803.4174443809471109351788034553766316
7804.7228423851745669527229185326262999
7805.3937649220955223186084433933210476
7805.9478642630132256419066741652031621
7806.5399793720030796917046191024422011
7807.4935190600214686387829612908685824
7807.8871083309765229383332893021857866
7808.7731135285932267961281589824152756
7809.7129880649112599749760552859866068
7810.6819862811134683121538092288803030
7810.8957988171606990990041934557794088
7811.7976077845953972286053469459918262
7812.7233745025465231397450630867076439
7813.4371298771777587370171702746090562
7813.8721129292219233285320599605656462
7814.3936220181126125687994169341922478
7815.5934881111633548475628849235213578
7816.7581725024917606475658438425353145
7816.8828605334977439948368494314834112
7817.8297358736937194930393526565106595
7818.3880505918558157341923644834475923
7818.9407065368727484549862569608048718
7819.9643833950085355574798067995142736
7820.7898205158987417091158439506103498
7821.3043975415109032614533043750607868
7822.3568490480274960442850448952030314
7823.0074642990340605506121937475595151
7823.5373132289132151154691802189976559
7824.5394087234889312696024593229991845
7824.9633010083089597327267371750173423
7825.6469086910326152109466444147899141
7826.6191896644444669748233669317240824
7827.3553898772502561123203563096497909
7828.1243476270090424983603264397410745
7829.2927347647749048495211387368704673
7829.4515819348905212572853662335265970
7829.9893262051370958144997299397558534
7830.8556704598677100919401667285347129
7831.6400592616784423640447237057593610
7832.8213589947295561908514264755231674
7833.1749372488950547461425732920994973
7834.1417905367954967439141771405552565
7834.5309163376232977953625800397641659
7835.5500196869301123177963448455307530
7836.2306429178865915885955851337821263
7836.8518013168538936797373245460940985
7837.4629062726861756861808440487825595
7838.2282652846217626803686002170567129
7839.6219535944160686002809383115003692
7839.9763998583594129035009117916160687
7840.4597500645100829440204484286788160
7841.3630326394949389133238952274420383
7842.0266258270404256284650514238916648
7842.6958310772848960114492763431699153
7843.3362393092794585359862387311613676
7844.7167064383135781766276385290851566
7845.0797504677664511176325819667526156
7845.7328937669663507316407994438035276
7846.5028384206956929240662172352922053
7847.2815785969728795042775489576686296
7847.8581187219568441031036077321388555
7848.7049632128283274465254053710836899
7849.4785178657200283966067734817443764
7850.0692106829309510192456515494579736
7851.0981363605194493480528876574300847
7851.9132142032153009087221869878365534
7852.5585745685932411930781019225940084
7853.1033314195496718621360853102681955
7853.4126803417650833948169225434881460
7854.6206291635969574920746195253647845
7855.4701131022486499806926296594989065
7856.3627459359977745524249694146838103
7856.8177387475115394927565497803397660
7857.5307017224139964257388427809977549
7858.3983756891917976062784211568934019
7858.9660972525433285093848320821664501
7859.7654080593547468552287307311317222
7860.3572923533621853518052784960272499
7861.3375056819220772366945090071104872
7862.0536662842983623034604878309247922
7862.9643896383490680196290499944369317
7863.4454511991109404857352857140169773
7864.2991946053732279756566846634532570
7864.8695104762737574525827372519554500
7865.5447800355750655577959493195195240
7866.1506137817858422183113764318200030
7867.5235343001510874458456743689415787
7867.9609506173421153076740207701265484
7868.9056150143910082140238609621365222
7869.3514114772583356202803521671924433
7869.6798337614980262890444577684090227
7871.0883827308049495514091720604604618
7871.6273726385000366027235645936427724
7872.0474175003172825026947154097036569
7873.1689280973963269655776641022705650
7873.9095925406454393520850562196685875
7874.6536248017597161610062167805014156
7875.3940375226812054066298726407891888
7875.9739865498914167103714000079767157
7876.6877515075569644006462219145944479
7877.0682099770325650949608258075673857
7878.5211583453423055349107118125221713
7879.0370504119742108935739265645320493
7879.7871833794093864009473254301325611
7880.5140484459174270584296930546752735
7881.2021188046380069377949640035591918
7881.7884759051170694633381816547761668
7882.4839949312580757060899567723409195
7883.3301277992774163763991768872188373
7884.4833514567198581770119703770356856
7884.7494916483194871274903395040655528
7885.5014130613088909354118215992683890
7886.6193029953322655582566173889815161
7887.1480741141816311334373970632711665
7887.6171253486822404060089660864446427
7888.5645468287309609392025233669856973
7888.9556348422399183833446238446731422
7890.0883185350543791625968305079959083
7891.3014840770639742009401929663146082
7891.5959085925442902156650684884281677
7891.9489846878520940008013342046595098
7892.9041110646578654020243352468506122
7893.6766245526098499899605374241025171
7894.3631851139176400268909660874468221
7895.3125291594678816302731301077738983
7895.7978899770722232075222731064961047
7896.9258238128908580407520464656306877
7897.3809496489303818638123669359956758
7898.2168915892148111731541594955695180
7898.8231529138875007511957417721198768
7899.5118858469801242332465003919180045
7900.2713845629673718553819726056706340
7900.9406429171630372035351332468429397
7901.9789828897404122582021323660216460
7902.7780996041475315490977126975976728
7903.4729414332011926682226627112179211
7903.9221854026815145289546657082503237
7904.6669564896372065799369218617448715
7905.2732310477207492744452951518556674
7906.2229950475767269644695422059308507
7907.2091671795608464414084358709976106
7907.8588938139502309438307060564811469
7908.3606745334854096622487494714814589
7909.1240990224280462975664970846528504
7910.1633424661309106803204945168927832
7910.7168071632852711013251388987373637
7911.2046474687756092859685678053198011
7911.7974362933365137902807130636789222
7913.1568908358650018320428757383239472
7913.7249432781780228041131192471169364
7914.4915558968279330039081083256062042
7915.0858500262717699309653463399896863
7915.9013160688720724452745849280112964
7916.2864966316003532322480826443558723
7917.1420076711949299711186487807732238
7918.2207620288126474425733730528733101
7918.7423722795816250252652616029447102
7919.7259433221382455904472141427918608
7920.2644947817732414317014099702342080
7921.1173547058332458476284846057619491
7921.3970106813533147472384589693988958
7922.6191501988460205984644297363790366
7923.2188676543322113652337428581293870
7923.6379058310517579470171494386423527
7924.7181321691386164954960107531511153
7925.7020657327451903372110819560024921
7926.2918568752860662315992870941072405
7926.9068626493260196945915386763704449
7927.4989964620196502352830242727556210
7928.0035527236032580229835342067659378
7929.1480738564148339422413802787691364
7929.9088908085491602076197468846200070
7930.7908558260198759759191211019202970
7931.4087884231644872370733777527368947
7931.8059097332533992696260491836576617
7932.9139706964060393392931295708318574
7933.6688598189909826716366063794350734
7933.9170994564438450706856321233295690
7934.8842467782141319113966989959451322
7935.8646305522782538671455313927221183
7936.4746369780885386298560910407673480
7937.4807852188412625211411534918286309
7937.8323379637449970987596103774109193
7938.8166013224827521913371629929521126
7939.2124515024503342434362662861504215
7940.0141134613385948925646462882904308
7940.6385630842163157863255866873620720
7942.0154330051633955352482532565947447
7942.6911361641167587917494898690323479
7942.8528095961915921943662483314677500
7943.7422235587830478495304763977197744
7944.5785611286657349509151972845682902
7945.2542270644095821732821708312415777
7945.9963580181734518547244360576238315
7946.7750982463297512397718518050724149
7947.4650692451565136089843848591036053
7948.2983928181684660463870371529693509
7949.4047632934056862421259820195607054
7949.7240420717196881157464543900747290
7950.2129229078023379097230766524726640
7951.0527776992107957236937763258328570
7951.7423625916011389148217948098528918
7952.9723870534985173348326357997033331
7953.3616662854031899645455677187538711
7954.2529793401855403936647925596398345
7955.1933867096350557440132945578754415
7955.3696023944099220424238059168663512
7956.1165776689126568869069255153824366
7957.2519777841717984729671135407523639
7957.6482702206716213496715001255898457
7958.5983221764448889753900543591418025
7959.5139353733760404844719675966342129
7959.9494298060009176963076743451819792
7960.8809712470119208954493259976562425
7961.5741493523488789609709481897095048
7962.2682372107920764173095992535019502
7962.8128388403624300120932187788021653
7963.3032120799400680339608935868661810
7964.9754343946934104367192914184039907
7965.2839441907093830382146993973891895
7965.9324159539777026903881042597949983
7966.6392771055803405003162698833832315
7967.1961429674317725327341562411614352
7968.2592937959585692262571247171488500
7968.6762504076031661599932285188256253
7969.7154069881688894299984133159730036
7970.2824955806309426786814396378466714
7971.2323451492282306605131072955489251
7971.9774363080513087710713687864928476
7972.4609858198945963593727421332281568
7973.4769536183898494634790756301712716
7973.7419595181350223455172865779858129
7974.6202121500248669331521843948035054
7975.4952606939980465021836636944401293
7976.3901547540722591505695711788154919
7977.1485221255204652266854657398936351
7977.8395664455832592756656539799116264
7978.4447998519057402539654614018879216
7978.9554326250773702145439487446330760
7979.7020174788609927950517806317338683
7980.7371291367511657226929715791816793
7981.6794320232589555207840576541442874
7982.0074986649412712874767631456756756
7982.8603587751280567116582122468954812
7983.6288611016223701795673794244486526
7984.6336823126318543134209068629376439
7984.9727490451728265632466287507888910
7985.4578593269544167779086485314837123
7986.5315208378174353888526871013343860
7987.2498530975359997205596677643962588
7988.3283921399258214080569614220234810
7988.9729875018414667398327359341621158
7989.4795465235438068282047283006940757
7989.8854415789429775591440929782035669
7991.0911696797074644500187589550401217
7991.5680929247208937299686983449962357
7992.2672751990352613926817992229165149
7993.4922992867274477471415037491416136
7994.0072688232585727294246217611808685
7994.6103586853031510427962456822644232
7995.2983839950466370492773714614326838
7996.1857144075212491275682571463739989
7996.8102577769504300240839199187116536
7997.5794060496519687126629845484590900
7998.0329385251845730529404379279249161
7999.2454763565734970477212068458946116
8000.0608101177872961779023493624941809
8000.5485256019555182050770424492349753
8001.3696990304247194537388651523861900
8002.0303667575539637381277195015619458
8002.1888294825622132108820367864868324
8003.5845491982654982546074018728405602
8004.4220835950892906065505164683419091
8005.1024018328148858125463946782213583
8005.4707317588597703405831840651160151
8006.7306483352034285099166356106855877
8006.9672167840744112651583040877018853
8008.0238943759217234932612602786794401
8008.3870338941955721229129646947544135
8009.2623294070916255691476751900425959
8010.1273471026096478648562380160939224
8011.0968452685367410805157533845244860
8011.5687308181479218788330189002802973
8012.4131163412718800739395109769119860
8013.0767325076120912420503691770387778
8013.7210365511870661288486235922010396
8014.1258723565763256107799520674142519
8015.3499886679534996621326122792612957
8016.1112001315023779162903330021881238
8017.0432577414257520162568970403515838
8017.4114827900093120358244860437138641
8018.0454758117510636524366965289955277
8018.8948337409480233025627620927122047
8019.6783867104416964773694582659079409
8020.4738734726956909686975840098345258
8020.9718671599815209533532161927471630
8021.7662642942480812827621225466422419
8022.9792698820779473200755700481861704
8023.4911432283945909153225912474021751
8024.1057698682181175776027710843484959
8024.5676661048680210358726393494222072
8025.5416143787580939601036874075135197
8026.0447948839660577319668165536010088
8027.1759638917407437000879072122134383
8027.9560987174332852913767395672672698
8028.6098857631139209205171516771381555
8029.2140748247120848248452550434302454
8029.8647219716019565489259490916392138
8030.7910595606283331721016363834590322
8031.2852007566397995412917446937057979
8032.0252939550307965403761329758012842
8033.1251414440613821079285435993434944
8033.8826972510479787600092673072997574
8034.0593558281479406213073963201629358
8035.4811065233957259683734314366326300
8035.9713956855827470136442989220100443
8036.3731506813461812973149091201460637
8037.0428016871631497489440387701751884
8037.9341056806681640677718814928611835
8039.1182509069743216867671440129651860
8039.6977566058046439441566488451413396
8040.3769135176055723938347366619037800
8040.8660189108187848145489537861647501
8041.6225162684504305837621045186999065
8042.4504754298139594016804507402396781
8043.3514941341564173965523396764481580
8043.6967470179372233245919904633015207
8044.8920406948197813313321537538975525
8045.3358081481319778335574294265413868
8046.4962582463547032462605683151775455
8046.8877320316517651461708961858722846
8047.4154857940061889418920201045426011
8048.3779575572817810517476511482375125
8048.9329782181770990752671633143614900
8049.7189558686791876196745685175455156
8050.8817481657399007659567999450128267
8051.3656801768274378242587072989715024
8052.2708137262055578220705559728576660
8052.6153984667194315649236480818685749
8053.3809732802546497929958617884468789
8054.0127348641923557367400331397921369
8055.1941852680775571044572092490355854
8055.7595674670471588167191510460629276
8056.3825262947855055583630073947455779
8057.3482414599219871723262283614295578
8057.9247932540735121567526805431432135
8058.6841248827679230716293496030417873
8059.6163162963654054902403499991717787
8059.8864083069552647734913578608176490
8060.4324050143048207562457097032541807
8061.9728955120506553339491598461505823
8062.4827382364109782148710441746838607
8063.2417442400040086727618461297667274
8063.6231327142611660516485640808310402
8064.5420006880263574294463091651348525
8065.2840741604110800060052660237769820
8065.7578360341063652134176093147702954
8066.7720884180002506067874832716810293
8067.7471903825415654031514378568019642
8068.2253653656379295972991624802801955
8068.9367127249016865242104963338113668
8069.7703549265965703084736489749390413
8070.4155362760000206971178481679618280
8071.1457406401419670111907150548464808
8071.6779285258257052673307876138522264
8072.7007309952168519239644590492419334
8073.2441388603355794044715125741785999
8074.4621160794310294617732568369893899
8075.0745904482900634218660955735134488
8075.5039258682445859044188910034384140
8076.0533012710478140701304147474904645
8076.7866671284935762451147131919397209
8078.0219446479466684271885959943479553
8078.4380787935488996077389672076552100
8079.4406204830864053100454757237013292
8079.9886770516809743358460512924395918
8080.6580776160127630492601890359826958
8081.7112617593196855196814590932718496
8081.9986620400701211963428681914631451
8082.9377214892451557910627861846604016
8083.3712047091338776984207005896747929
8084.4915360813929417611166318735499555
8085.3429451997596046918439075735402359
8085.9411197052655972524776131268687320
8086.6586360281000183050826748719174537
8087.4367117953549710696650781975452366
8087.8139214367193282645880429099497199
8088.6801776440930716654769265746706619
8089.4404587076893223228906980020579093
8090.4993352853513968174759865132629921
8091.3122123560004608561668042063718320
8091.7897648298183083281901292347450354
8092.1395901627772975327604053323758640
8093.3806141478843948990878418342205465
8093.9777162328586735766854809971913544
8094.5588669094299946903615570878794494
8095.3158261552750153187987399128454102
8096.1033248814314411633434574391049546
8097.2902660044076905108637676634793777
8097.6417951570263116385649849439076748
8098.4735106973354091916066461691116997
8098.9240708336862581140137329334465611
8099.7162868745866601773862792598522964
8100.2994290027776412851161393378097230
8101.6005332366082961587178239143153703
8102.2816790382578812761823385009694509
8102.5403397263933228759053334869752515
8103.7535135402683536889898174296372532
8104.2094128928862352279716481974661597
8104.8891516175379129706677769566481750
8105.4864072750012593615725573650316502
8106.6357619104063384031697876339318402
8107.1164938885062920398171726209189685
8107.8762719506069041621645064491592909
8108.8576668171350088991150219564700589
8109.5282267925469296678161422860293872
8110.1019333705735435185674050658564583
8110.8665345225267166753802722405280876
8111.3162965409175118248551653634359479
8112.1111554375031382758005375550720825
8113.3814646675151930517582697602271725
8114.0076040082529057126860474621840512
8114.6120302962769010169995345241786080
8115.1606195447753093999363563971814666
8115.7944592577391137434319587022193577
8116.8978308817692960674129644493508088
8117.5310500343648173592826436258737303
8117.8928921854070122915214460476066268
8119.0391721797720450083303688200361234
8119.9414830690756235659512556231192267
8120.3394649334163459123684984676053008
8121.3323567167011502239609886546349889
8121.8904485992584555091794788681662120
8122.3153795525193188501431246609076042
8123.3530509465251616537395996800871259
8123.9244629420861495794642928504175159
8125.0622914608706989641336526214912098
8125.7820950861411825676300499103966488
8126.2737890239037791515776396026984190
8127.1956554402230011431584893348929485
8127.3614756227207074833492630253049284
8128.5459925410299298315731255756161327
8129.0865499861618770427941728583741281
8130.2040959507643130689660402094380137
8130.6909675717474132367689646997294161
8131.3676862178404674018220724475856790
8132.2548049789394290372202852286312728
8133.1774313167136779431241512582244435
8133.6638623059111768090505111190358070
8133.9730503621421516756543383246963166
8134.8740370372357318243896730139295087
8136.1396235698990180155115067401250885
8136.7055136258399953943679764307728715
8137.3931773807132517327591364904551709
8138.1185743536693596335124465256868943
8138.6785778303812316515124339068230928
8139.3358177999808826329820901250713176
8140.2846764390884407978877317228174681
8140.8952988178089173114210921614818819
8141.8528664911239038816825379842871668
8142.4829227304272126032506254955661464
8143.3482875767828154464464615115106375
8143.9888868552040263506164530310551379
8144.4455058067061753718681404188633345
8145.5738464736188938142158613969741350
8145.9929540874951707738963916746186481
8146.6018427796108520344625762473379516
8147.6407607343683349122773622397236314
8148.7693732211639395687527756474793979
8149.2487906399925360271886382374642510
8149.5822725435669546177300527412342108
8150.3700480005368564584475457593930045
8151.2627267850126415042274447297116274
8151.7690802004470382313205441682919043
8153.1003571231179775711850127345000985
8153.4572005786652790889292532348565616
8154.1389583051316572512123760097448867
8154.9605365689463650869231570525542451
8156.0624656016653636232490904248372003
8156.1267760630409410409065227623476848
8157.1007555342169875134844306509476815
8157.6294490849547626921637688818324758
8158.6311509525982392138822696646992345
8159.6229881188097771984001924319135278
8160.1897939319929877997241134567326824
8160.7553286660789359541875669233587907
8161.7229958268662777381389649607798648
8162.1884284564427690202346968835845441
8162.6529252774485391467535335271787913
8163.7776140970718120371917903008923576
8164.6739655811575323141787850995455359
8165.3704171349817802193738268198271162
8166.1179347684786295547525551984561575
8166.4172124712454854078989531468725180
8167.5003970965820299528817951269508881
8168.3000187772391987213315584738843860
8168.6772998519904186741779184086951565
8169.5367659565849827690480425318836067
8170.3101795046578139221198762798197847
8171.3005945831357506570311790736483989
8172.0785578334251696548419115699144150
8172.6674586692715226556783473818139571
8173.2194054820534658081067177342715793
8173.6047140765730997880377864616534770
8174.8383869114523731611865880834179596
8175.6318125325866176590379765017696352
8176.1430973488625909430055544105488295
8177.3201853115627544154517383288833440
8177.6821517985414089407719929839928615
8178.2986460741706131436576633987579406
8179.2336712073629628145471503919716688
8179.8030084497683302555679291279958387
8180.6067315781883074402892820651101809
8181.2633993755912813465360125732811541
8182.3227450071161823007417486814874151
8182.8364142841915303678294000135583254
8183.8019500706367909874607477279098323
8184.2516238100767567263849223981117123
8185.1555594903329832440797198159664967
8185.5644788069463987705222120983761885
8186.1086155495148889565303918060493747
8187.6563973792769945452538193669472718
8188.2373454842539362058454603724216105
8188.6305358971197166080237498932657583
8189.3622698496077067150816867355724453
8190.1711258065699782125937561176900064
8190.9388638708374130066083269159353706
8191.6545224421465744333382502443482263
8192.2001910829116389508335570510693781
8193.1902096249519088066755048140568384
8193.8958252117524432809759844258865695
8194.8102760298440579178708044805122311
8195.4532630925348938425053946520325256
8195.9803505914252966721370110316970107
8196.5988786582762767001625030160930857
8197.4571330294846929252626386533977133
8198.1457847246915218530984913883029282
8199.1315109463688447581640145874908681
8200.0377271447655624270880131096090478
8200.4385675776722349544365092755889403
8201.1975704661699035784216963323961526
8201.8965708455201322366940640995585789
8202.3857657758079024975913441841020855
8203.5055429586986669748161799564261646
8204.1855741589442309559943102127841038
8204.9082037009417147078197854390359549
8205.4787053609014835013630953202523789
8206.6206015052249153821116031117273778
8207.2189168109164299378120164082570016
8207.6298317852957322091930991695169565
8208.5074540774179979517998489105470864
8208.9178860332096234018253755397748831
8210.0604573106763814616841127659214555
8211.0723496889691517690003844209073516
8211.6889276064028401645257381722454213
8212.0336978118802002788396915091580500
8212.8875101719220567638071371005202685
8213.5988541292127670372119224694928172
8214.4175285657858384184806257714327496
8215.0569518862045656043167832757842828
8215.7848105196104182428682832029759038
8217.0083181679881561282238739531041197
8217.3203737072657507918718274835251904
8217.9290498277059425651773810380547510
8218.9386487722418660653098156136727148
8219.6226900115357597434885100912466158
8220.1475096659809475320892581400539894
8220.6228220552320270614160151825184254
8222.1972531866401089190026648663377674
8222.3318123289632953774962141264319883
8223.5334854313833931801529833256647452
8224.0405911823864139047981066834102440
8224.4553412012717454217367517793038795
8225.1206806736402609016853534511503701
8226.2436731366991837787908227004893665
8226.8925832384230447517453520590379436
8227.9285776424109931081770628585228927
8228.0778553605300635827744768044676090
8229.1676926127345103182138084023239738
8230.1711001764823370587131413312424222
8230.3302309037623361770101421578860625
8231.2306068026929619507271702990705417
8231.7708492683561501373679620515632811
8232.7436005959150914380417628917532337
8233.6376930374157088258294814976838194
8234.3946956134003493100399775525664573
8235.0718133665282638164595298293512088
8235.6375388745632933641400240708897489
8236.3203746945457892401922110340313732
8237.0542785368009336076226701484957005
8237.6817994365672060578509776670462890
8238.7992908122068141732522999037274404
8239.6324600987528758134599359372997386
8239.9742222363377870941789777880714167
8240.9056765733374733788023208280989423
8241.3996227039482575988230347365358194
8242.5775953104758212692507220214314801
8242.7469155325286713661275894799957796
8243.8547717661105830292695591100393812
8244.0876720113665616111072076092355872
8245.6021977432754274653361841256802010
8246.1796544803374373297921838224622003
8246.7919469880546988323326088881909849
8247.1421438424080177481298641618342611
8248.1239153432823393887591993752258247
8248.7017331111468153358689387503926203
8249.6353159682751366360175233975210662
8250.5298458211071867644464494898771187
8251.1886314196749125642633156001780824
8251.8968701101783891802387615524743288
8252.4165193366617853047418526144102708
8253.4968691310673729651202853175435413
8254.0181073532961204663865185096722733
8254.3389180248143042002004033966880156
8255.8606382338401132255224722571787158
8255.9664519941679862873071576715582791
8257.1272988109680714523050814872073716
8257.7497374622000386549233483855812241
8258.6268798770691419394239693290363494
8259.2629058700707729725159913713984479
8259.4737158719298054952206535951979005
8260.3680964466527985506166601340845372
8261.5845321287129806173530308023734780
8262.3617797420916055252063515489445851
8262.7530831469732847365320242444881928
8263.6811456536363142016387704077258743
8264.1431066087872617510387538888492285
8264.9444384778466311073948839830895107
8265.9714469931184649476093498399160675
8266.3262446925319276426680363227796534
8266.9863754944883010931377825714235399
8268.1407408178041665930769746271534468
8268.9997227079119576364714690690589332
8269.3863518841422425313232351210478073
8270.1520918054346916256054073898471765
8270.8584436492343354443025106846627553
8271.3772560396404746575298845480093699
8272.3034488634854815051992242644638362
8273.1444806704469506391929306220406017
8274.0614937781174412148793001790114837
8274.6390851895528790268485257878054007
8275.4700130526439124812869935980009379
8275.7190251744662928149024508335031507
8276.6532681180246788101079271479123462
8277.6576694121112991675535966931511929
8278.0158774094900407692459758327046067
8279.0875654087825474839486840277260422
8279.6900901882976355113871207701186233
8280.4435882870842257060813619530786619
8281.4586569460926208409189549815912807
8281.8830094111581298592344020184343498
8282.4453564789768733661679213480433106
8283.0757196396804508321229589234738208
8283.9788690566305321454238108250565463
8285.2899954795112576887952957800139457
8285.6676443301310954231829624294268493
8286.1868337320389060461574769195458706
8286.8883462829359197107587162376372297
8287.9454321459503631395325697419269713
8288.3421528471509949423420156321861776
8288.9799787874106433735183564095099109
8290.1371529692461147918126940035894340
8290.7327123105934246384920460845809925
8291.3978529627065034792117409077790170
8292.3439478612158523877342270902608099
8292.9150407841716713592710215944139163
8293.5669661247320717186123208735929304
8294.2129490487034507469471053557446442
8294.9916732695035068434996384169427942
8295.7003331805561092551906299583311197
8296.7350233056147975884861094327024888
8297.6340015511772288683845716136708829
8298.1110984689893683279461257064726708
8298.5290754653888302233043209335354170
8299.2208909125385444002658889245515371
8300.2562898908957030800193993388507287
8301.0601505493085522839053512874568368
8301.5850658631598043996257750392014896
8302.5673380761811378066901997759734510
8303.0778221983002882547201683735457521
