# gam   Re(zetaprime(rho))   Im(zetaprime(rho))
14.1347251417346937904572519836 0.783296511867030928649657209239 0.124699829748171089409928491509
21.0220396387715549926284795939 1.10929556346267156565222589413 -0.248729788516497458220829957962
25.0108575801456887632137909926 1.29579560500883517344426576846 0.450036709437867143568575171093
30.4248761258595132103118975306 1.12013084524449343703787165229 -0.667509469349492282551883386086
32.9350615877391896906623689641 1.16057006749356257037876786853 0.750554150342263821613807178838
37.5861781588256712572177634807 1.85346624998295542544059666059 -0.561004420495760690984962341684
40.9187190121474951873981269146 1.45951733467199078523479190299 -0.302868935446092561091801174046
43.3270732809149995194961221654 1.46408757414579939095750188892 1.10372579262141035758266251403
48.0051508811671597279424727494 1.03392979847194648887639382416 -1.17886041598781917670538517198
49.7738324776723021819167846786 1.26089364678424344577294730913 0.650781025236231337515553023095
52.9703214777144606441472966089 2.34497063266744507318389774805 0.624018192393267539292608201353
56.4462476970633948043677594767 2.21680853789142933319987190753 -0.832391575947241292597783500603
59.3470440026023530796536486750 1.26015151261487028671220404962 -0.590881578746292114650302609453
60.8317785246098098442599018245 0.855936503982157910841812682868 1.41547835276601339193976963898
65.1125440480816066608750542532 1.65158207573055864068764312283 -1.58310121727212044535081902909
67.0798105294941737144788288965 1.78007607549082739220312831918 0.111737234202597350274192420654
69.5464017111739792529268575266 2.11201794220059005784356033789 0.565098289987510214564089685543
72.0671576744819075825221079698 2.78442039783222080489430054676 1.01757791078938291674031724392
75.7046906990839331683269167620 0.975756974226868577472670256396 -1.48819281939130251434428252220
77.1448400688748053726826648563 1.36812118170056652974308169570 0.502667718581876953027724648872
79.3373750202493679227635928771 1.96736764082021826953247373683 1.75724449650986005865483871210
82.9103808540860301831648374948 2.01039191929462722599273140797 -1.69079538293161935507851004269
84.7354929805170501057353112068 2.15519310618320970650237321715 0.168613187806930950926621789557
87.4252746131252294065316678509 1.71982088312273272953989159843 -0.532740946434640348435771829992
88.8091112076344654236823480795 1.15019136183959193290011592720 1.84771246779888508246895784493
92.4918992705584842962597252418 2.17985014757685793159255030959 -2.06852108511380173251078045580
94.6513440405198869665979258152 1.27362844322013382880926991712 -0.752662877737377420000298306468
95.8706342282453097587410292192 0.984583925164456589143578762179 1.37794742374200376774775231873
98.8311942181936922333244201386 3.51356243707126092649400618070 0.124487414212388586486556571474
101.317851005731391228785447940 3.04491049754499565355816132134 -0.824814916610981565818133250619
103.725538040478339416398408109 1.91818604353880260597108260726 -1.00908286918866669667717884134
105.446623052326094493670832414 1.82114826275406337973088098887 0.440586277880528152307006748661
107.168611184276407515123351963 1.75015370683945824460532120042 2.41500544032005740171109328687
111.029535543169674524656450310 0.231297775273495763146476740096 -1.57394141239030850731863742607
111.874659176992637085612078717 1.19351557883738382928677256532 0.654409658019566606801454355807
114.320220915452712765890937276 2.53120364420837134137371599035 0.276661973554610318156324839047
116.226680320857554382160804312 2.77067940680153780263562232789 1.43231769057958012232400249886
118.790782865976217322979139703 3.85176223825316618843536584376 -0.526776603804798129747904609507
121.370125002420645918945532970 1.60022422190411227009647977112 -1.64500147161614252039549879931
122.946829293552588200817460331 1.55913850848594972064876518130 0.00470204224217882309074757682329
124.256818554345767184732007966 0.853724768591766497589702027871 2.15283888326750315075037376599
127.516683879596495124279323767 3.35589030991094345093684019886 -2.06134296665919649955467506738
129.578704199956050985768033906 2.03266468222803426423694930910 -1.16719502343194192154946661018
131.087688530932656723566372462 2.19254709479093399957158619280 0.757296943765677028146030153688
133.497737202997586450130492043 2.24467443586542027705619359591 -0.449641455338601471418703787596
134.756509753373871331326064157 1.48083085512790586577378291084 2.39700409919932503827014135433
138.116042054533443200191555190 1.67723153642901450638243277772 -2.67790008829942728546010862476
139.736208952121388950450046523 1.67450834286548934581698887069 -0.664393386290380722876763052574
141.123707404021123761940353818 1.65588376695133815009419252671 1.15367611928938874773894335769
143.111845807620632739405123869 2.98549070431852450975549389468 2.26881665198302303031217280015
146.000982486765518547402507596 2.40197726307817280034331586380 -2.18622766797894515556697520137
147.422765342559602049521185010 2.77964464362507257416083674664 0.458441852770147596889892629148
150.053520420784880351432467237 1.06049740336130402907650511276 -1.22485805638130492867739484422
150.925257612241466761852524678 0.983428873229618156049188519459 1.23946692468225744202774625287
153.024693811198896198256544255 3.25140855012216532700607500700 2.72445452162401327744364032476
156.112909294237867569750189310 1.38668494611245730637530689368 -2.76779731178861931880286554011
157.597591817594059887530503158 1.63553326262456998722093576063 -0.602936056713069032962974559676
158.849988171420498724174994776 1.53596362255124779168708049466 1.48403906818466379796500238427
161.188964137596027519437344129 3.56327068879384441908198052221 0.442999870942040196280198344252
163.030709687181987243311039001 3.96306328418196314376334760510 1.10571619919804708000046344103
165.537069187900418830038919355 2.64712802884179854843203385241 -2.12462494148884723748663038324
167.184439978174513440957756246 2.38949604476515989284198257718 -0.567964035556839375536895179300
169.094515415568821489505871181 1.49531236935544403824008433101 -0.351524445428345767180458711521
169.911976479411698966699843596 0.0135745821748884322755676658149 1.97889090994790738849600798839
173.411536519591552959846118649 1.63681020530521657295451044871 -3.07833081491792223671292112134
174.754191523365725813378762456 2.32082621096851108856735995447 -0.399385696754877769652230983214
176.441434297710418888892641058 2.62429608789906965984132953584 0.427951622228901236933549484381
178.377407776099977285830935414 2.81374814297941951370670583398 0.196178081863103694986677461176
179.916484020256996139340036612 2.82690429504959797127060670572 2.07414867907533440450135620833
182.207078484366461915407037227 4.99664043118419777680921702769 -0.373941621692381294766427916936
184.874467848387508800960646617 0.204188843035680936637313723141 -1.48032087261494864782858700818
185.598783677707471466527704268 1.09244437013247441139925709199 0.572093427068097344501968772539
187.228922583501851991641540586 1.84830859755516972990700215608 2.15060319402119008470172759470
189.416158656016937084852289100 4.84494448488647089515531964877 1.41336291230705727842217290490
192.026656360713786547283631426 1.42756675727225583391133267611 -2.37339996880301581907868942560
193.079726603845704047402205794 2.27651519827735945730302359844 0.729845360514452572772069486321
195.265396679529235321463187815 2.72490609382241882391765622165 -0.835544969293718331281402689096
196.876481840958316948622263915 2.17532446326956547496372492575 0.158022612202594941927765184435
198.015309676251912424919918702 0.992744063625978523689815226591 2.99780322800829317632085416373
201.264751943703788733016133428 1.14109554242828594245438631463 -3.18433989572340669851976326113
202.493594514140534277686660638 2.18071290780741507790740151093 -0.480843932004866472148907302263
204.189671803104554330716438386 2.07572436178719569909486683452 -0.0499702214000952991393547036953
205.394697202163286025212379391 1.46963087966580927222497739605 2.38365160386196151371880390787
207.906258887806209861501967908 4.40148734822339753915557212897 -1.01541837430430432677421538694
209.576509716856259852835644290 4.11774796816642235254745582151 -0.0443237089562269426385500093181
211.690862595365307563907486731 2.76507029347508183275166741304 -1.82039918608080889978029701409
213.347919359712666190639122021 1.95301149831556268320109075071 -0.730682884506724762100418185188
214.547044783491423222944201073 1.73392034558693999411979798894 1.36923980029440202876965891452
216.169538508263700265869563354 2.59392346622696572348674433652 3.57204019576564463307958647250
219.067596349021378985677256590 2.04580604233898508582464532052 -3.58549162163851929558093585636
220.714918839314003369115592634 0.986240892781184035259231523771 -1.09812018672898300212756662293
221.430705554693338732097475119 0.835973373544058893896073652147 1.38659700256709548099693512298
224.007000254604335211728875529 2.41075539752980584771235297934 -1.09484888043718433175650112547
224.983324669582287503782523681 1.63287835693795914135871271259 2.38083583419161616004690369405
227.421444279679291310461436161 4.97561132698729733089690623118 -1.30940771108314289243056266926
229.337413305525348107760083306 3.15270126985119423337098607996 -1.96736705696721558339170734181
231.250188700499164773806186770 0.964139033234959903533922021387 -1.12151618128038595715289374050
231.987235253180248603771668539 0.851471709447844733722172876925 1.19456158033701678041684594826
233.693404178908300640704494733 2.29168685121596087452326542408 3.66009157254666410814593540831
236.524229665816205802475507956 2.24558489653549433174954350890 -3.30417462926310558637859097673
237.769820480925204003236625926 2.92547554792976410352037991611 -0.274429115359613982378669038762
239.555477573327628740268932034 2.84527675279528886442827638455 -0.574723476512612620127738462148
241.049157796216586412837921410 2.84806763895924948439048881594 0.639225892525168105604577719990
242.823271934222600016826474459 3.00139968350572516845944921777 0.373828232640764253721591369899
244.070898497078158236816527990 2.32658251225255204847229611488 3.50058824947910133329760884799
247.136990074897499467550968179 0.213767932275609184119989935101 -2.78151639060071243911722753184
248.101990060148459256762142085 1.84849475651766908845174048047 -0.232673903350071173249911119328
249.573689644707209192329794189 2.20442850252931452389917685377 0.704304180773750076062857799968
251.014947795016001142954155104 2.42248487845340680216691968535 2.47189715172591648226418870056
253.069986747999477194599013786 5.43154061242904399862806458250 0.786345273390756873936433656973
255.306256454914022753086491794 2.17647967417135924298547370768 -2.48731293581681097367586412260
256.380713694434477789358382340 2.86408607854298685636619362519 0.880652916424149930942617801903
258.610439491531368208983058645 2.03594044785563972528751036610 -1.71388455914677954149621213979
259.874406989678000350672844614 1.74301379037630806806323275652 0.158988494914302412629540720646
260.805084504596870185931233472 0.189224327616097499184890233352 2.65266415780033713936112508341
263.573893904870132233081588131 5.24895039855778430505496640418 -3.03535303000659346279566608080
265.557851838876320292477308964 1.16262534630444113981274166849 -2.24477470795527065142808992302
266.614973781501072495720112974 1.87144999976379038673761914981 0.128812376165346994827065465778
267.921915082824059440378967172 2.06123803007515924288309106641 1.95735993095721555642448632053
269.970449023997602594693505319 4.14559869191317468578855016790 0.221394144193437720823511755389
271.494055641644999018179416758 4.30757641975434202790044889574 1.46626165269250323643903582003
273.459609188403287045714250299 5.01041027546339834737212069498 -1.19996039264781331740237369285
275.587492649343841248740702619 0.979298323509170375834446739620 -1.98332393152255055743768109888
276.452049503132938679887343638 1.75107570670071308696211913532 0.728627327049681836188873767612
278.250743529841954492748276711 2.39050932167216524288034661477 0.311825974785975490797807346774
279.229250927745189228409880452 0.532135781448657529800982731765 3.40695619395308505228231416280
282.465114765052096233027201187 -0.0517866002888204228996873155727 -2.61806613821648020499025024743
283.211185733233867420493837943 1.97067711966922346161223059388 0.259392005866689438728759983568
284.835963980904724133157633923 3.15101957270011936701240517037 0.561373356670367186717879414553
286.667445363002884292847624146 2.93392055744284159014271343350 -0.526935733647773350933854605258
287.911920501422187155254120272 2.64103515117226303879546410233 1.75044716838218635146545764399
289.579854929218834152738023569 4.52666122940193717131394564840 2.68124692225257973401715108711
291.846291329067395835513054425 4.00677885608530348841929004617 -3.16740000565069899739889058018
293.558434139356285356776697106 1.85746999885814680914450392380 -1.97376265061306985257243477177
294.965369619265542175066448639 1.15661572615640541771405393013 -0.462105452482933080526699186027
295.573254878958292388460831459 -0.0319419071388875974712263666115 1.55709432124425993393923805273
297.979277061943415209929682958 5.83959346564513957966571751484 0.557461220340499754929188815816
299.840326053721312960027052525 4.72066698960767308027081569374 -1.76160142406500704702730921014
301.649325462194183623470100208 2.19979787066607399304342778380 -1.90815435452110330057375569123
302.696749589606917051751477095 2.62475939356580737536410084418 1.10561729555125509044422083604
304.864371340857297700148749903 1.78695030453791435231440136393 -1.39609741308837884746456178773
305.728912602036809289222821262 1.49674557575626410504919856135 1.54015910939907387427788518424
307.219496128170054789410033400 2.54730446696528833115499109315 4.38113085376571045497571669851
310.109463146701898804786219768 0.461665322320380035806636842687 -3.55254559344765441337140006324
311.165141530356003270942670800 2.00188395371778633852057655089 -0.751098164606860960532878208604
312.427801180600891980485983093 2.31454950314431306395539564648 0.760961098697828235907450814157
313.985285731158922979048965755 3.02083984844208517744755224841 1.33145966055244289731812255751
315.475616089475733868596078144 3.83772146707640720922535320389 2.85901402810636693429346773209
317.734805942370180395645494205 3.38518372568965266891505423030 -2.55153468499883251105744799573
318.853104256316597906689184548 3.80860510831119506368128743624 1.18227196947663126121599040683
321.160134309113578291921471417 1.22315189291685922507060657126 -2.35214273635954257175064138385
322.144558672482932298837445006 1.93006363703676454850362707536 0.219384480239629643868876706218
323.466969557512050506212030415 2.12880906038118150459954179955 1.61890606204365824431653804412
324.862866051739613264980086995 2.50307171702253890501187120669 4.25932198780404439819891698531
327.443901261905457343469263816 3.31460253382513641747528305885 -4.31520374611947864686346978354
329.033071680480934033614727577 1.39029393988231200888732754403 -1.81628739506205341137507028613
329.953239728233866343892122189 1.92471939440420330858812604083 0.819058059990589632755163737290
331.474467582663424375661753866 3.17861123828915869956781181811 1.85953395050042193588022903217
333.645378524869850584961683081 1.69988712451684786920844346776 -1.25822595882778017371002232657
334.211354833244383232403407959 0.438798328971610509562205327044 2.27281401975656018523558290216
336.841850428390684794654762919 4.15611423977371040741717439392 -3.57337677479835242602562695918
338.339992850806611886257326087 2.95480915212942138855870828051 -1.82310835496446971383238268801
339.858216725363540192326550931 2.10848793013291462796809431004 -0.989761373786606134884581163883
341.042261111046560482597784599 1.86674183976098192861061404494 0.658497764123449085325274452674
342.054877510363585451403825094 0.375475540921757885651184710446 3.30598008978510569111041413803
344.661702940252337044181188098 5.06113410075868606150402156962 -3.57905329307463549976497168726
346.347870566009947395936459816 1.88329907549036372776462159958 -2.15366210432413678680474533159
347.272677584420484475797094888 2.52118854041588818615764618974 1.17054541241485349808553285914
349.316260870696144123155555734 2.55208450237397727971409577691 -1.48301394475300578569253561231
350.408419349192099187671953234 2.43218763383247510358198732491 1.08653594036721666270163773531
351.878649025359280436713393077 3.30241634798234320725001557682 2.27936246080451864758479115755
353.488900488718806783603768609 5.60039278765271938511441106894 3.08076525839453263544135234449
356.017574977264947317960361961 0.394597978075660484018583578680 -3.39977397954942850952264779864
357.151302252039624809602928232 1.27830852560964447868543669517 -0.880260544407847504051904828709
357.952685101632273755128918983 1.11256827259341881893533776642 1.45865471143591462996036352069
359.743754953114448799291985977 3.71167998776268587729565896728 1.73981558479164935604465380826
361.289361695804650390291311228 4.92311228846333953517422186018 2.38014394189119177253661289083
363.331330578973834747334449567 4.30346860572901294389530209804 -2.62536887768761738592336701127
364.736024114088993716262102127 3.69408484914962533295939246041 -0.971933089205550322576274633300
366.212710288331316861077145197 3.68599353528797093241064335708 -0.428773586580528068919466900316
367.993575481740303326183298044 1.95364075018688316415884985132 -1.32592147294212621466033945578
368.968438095734389891576901300 1.71043550272849716966327001604 1.07409311160120370619593910467
370.050919212106000339651163061 0.294252172063934875428178463822 3.98798246473306959964475053763
373.061928372112838449119396431 0.237895526057486260449179336072 -3.52712643212699378494194622919
373.864873910908569744756362734 2.66326165807788076809588624236 -0.00493083562400001953159141667801
375.825912766739334107907714147 0.920830305952926506961233310313 -1.08981247165687166053451734784
376.324092230668052117190819612 0.470590445457895598136032438174 1.43105923906493620819635622499
378.436680249965479724090965913 4.56705089894583851415594243344 0.314559317300272099356300632675
379.872975346532346651024059690 4.55889156138241097363550117633 1.24164427430593006114168801970
381.484468617186524919662522424 5.72177451553229698354826900325 0.577865974022603437478589923747
383.443529449536487704345755481 3.12273156171196555438733163741 -3.10409982891791516948607074811
384.956116814863687103751584209 1.54445675881604218470692041894 -1.44362018929533844700815107961
385.861300845974229180561959360 1.69725057378026416131121807555 0.987316049467495494851965211703
387.222890222387980975948514738 2.31202952420091173789872149677 2.70747946796218775767335399964
388.846128354232254600809420300 5.29427480724881713469939319789 4.10153843374837590661759408344
391.456083563638045770578228123 -0.0475848694805014567168080354224 -2.92209288791175502130745888081
392.245083339519096749015184171 1.97022631173790291884617863554 -0.149938985818936310518414007390
393.427743844434025936698952920 2.56621836850073804287388936677 1.83274843008951946229100905081
395.582870010993720970877711323 1.97598092752927809500541316407 -1.66121447132694077781713619514
396.381854222592186931999454492 1.72360394821450556988254734454 1.72992327565490883480999664278
397.918736209614243386981179711 3.94528689624175588482762479048 3.62073591695136212630378135923
399.985119876194899505917299868 6.09014487154764011692563538581 -2.60809795411434100210656854493
401.839228600533216539911304378 1.33950880225701055515176675446 -2.73755612563497553848907745390
402.861917763886114176315443096 2.17359503615249200657311815275 -0.220406185989044280341995100131
404.236441800208004740227799564 2.08105123015006041089994854491 0.378393032667866445389461788279
405.134387459909927257486268025 0.377172382330808522546810245336 3.14341880381079149016072571117
407.581460386896182076309001181 5.23068574148895650135698203303 -2.91475987673517174690632163209
408.947245502351112519634039764 4.43764445863462357087791264041 -0.979364471383695053062196932364
410.513869193366638646769105285 3.72409493829222671743311721962 -1.35096977828464083841733464430
411.972267804278750664640298507 3.09850710522521671435540631960 -0.809072898281371606328165961102
413.262736070185046886257059318 3.14061257770928088101723385471 0.591322855659075659074914404765
415.018809755155115646319211463 1.52136576333063718386710276867 -0.555013663992316771268153227863
415.455214996294598857128782487 -0.578143424383066884754766956862 1.82679964221112554691669760662
418.387705789534779226045723100 2.49914930074864692110378794293 -5.32558912949184455359954679060
419.861364818152323687852309138 0.975200805798732527914679097189 -1.84847843785274974668269826590
420.643827625041786267974652985 1.72496916984837426025364244532 0.753662829102919394491020628317
422.076710058826759629840665449 2.92262866135883755489894373842 1.75365195585787085618031359990
423.716579627481818610562874732 4.23699607142871236571598466024 0.995285460448507098813558985038
425.069882494461347614374692649 4.76386725923362185393748522175 2.73854838051110601948690687719
427.208825084074580528142933886 2.69955501091971934615799110454 -3.05151113666475779268457533983
428.127914076616682110305068486 3.55473577573011223629563365191 1.32009743274388595682167793802
430.328745430938636669926981542 1.08213048134604109383518367428 -2.42521167349994215900979815381
431.301306930703592019505121928 1.56748288028753001820810282847 -0.102679245846726319970944272900
432.138641734588568306253249109 0.593344404990487750726055401610 2.18173921225043272186567116458
433.889218480927225302946611051 4.95476387257415888237951148395 4.54098669081530990355410538874
436.161006432646984071801518262 3.45783697675322198767349841666 -4.63590514139401049402078756297
437.581698167668581154013167233 1.98069754919870222621405841383 -2.04537278584618099195258441451
438.621738656272196290915010137 2.42613958724465114329009693774 0.324265674049133923355658743259
439.918442214370656410221790027 3.04154033520534155742094925018 1.74452713604076013700498572414
441.683199201189023874204436499 3.93994879271599094274198955190 -0.349163155029636565632450871813
442.904546302609449469723102413 3.61406031459208594836799352022 1.76964465164541649856843267738
444.319336277559155920305743540 5.27249601651395829441717000402 3.49596033353431210690810045179
446.860622696429522528860875181 -0.272634285002796424592220383766 -2.31987685840053893635013213824
447.441704194493290065526925304 1.84211733533571103124704133953 0.401597301462226517113708986915
449.148545685023304753023503135 2.32016300018930483322270320528 -0.681750589504088068772638568873
450.126945780313524030045762529 1.80576195769822164829255896562 1.73925160925642447290712281250
451.403308445388795462113224631 1.99348555951639944851891653381 4.85578814100578300039440281603
453.986737806677916038366810294 1.65676781642752097099882578738 -4.29029005973502196502151754476
454.974683768616788875309438951 3.09841077548707686952010903589 -0.549470365118838299857381893821
456.328426689246051224499830063 3.68090342682666208794189192630 0.244999855807549771210515396624
457.903893064102971574699329172 3.72959872076908987587685792843 -0.636391156728408594145820024967
459.513415281106011754009943802 1.65337656701109316195212661056 -0.861333224856856444078461764616
460.087944422175841255330255428 0.302101981393626253294425981600 2.10300771966525564392951991678
462.065367274882530963830921146 7.01098995498244041839615763357 2.34298131182955333991631631088
464.057286910548284576246084784 4.02081822970498790183152144627 -4.29620681523380724298551244184
465.671539211371094552966645744 0.926703103295109569910432178151 -2.07443775721552739109794689418
466.570286930826255167392125952 1.53352203813173490042145150778 0.0854509409650702056410349526423
467.439046210261638856645001384 0.602072191819908577880182115459 2.40758618165404202616527205373
469.536004559112032191819068829 5.19880093859217025345818000521 -0.277432086128160137897902977722
470.773655478101647690118879454 5.10022159154580728245213708956 2.26498328727295937428042326189
472.799174661908816658297992682 3.03890828784703841711726634005 -3.21937956332106758800377103492
473.835232345139687073805468023 3.76713099346812303052506168278 0.334273755413015752846504241570
475.600339369375785605428819924 2.80184354273917402799247125257 -1.86307261284465240885875851028
476.769015237484520852848689195 2.64651617904317713956924796748 0.0683219588788367483217486309443
478.075263766670969199872727405 2.38380445872865431485470853477 0.840646148006716659453454993227
478.942181534634826538317101767 -0.127717203751345270466932735692 4.02254467917248851655134328479
481.830339376286561366681376285 0.236454884454053681613409636855 -4.51086880110639785884499443777
482.834782790982397306556996676 2.04061147827878168589801599387 -1.27043704348103484342090484734
483.851427212482537560188221085 2.53849114198044277559735540798 1.00558828465193983852495669675
485.539148129356006930025423658 3.02331994931724385669239288639 -0.451835957567892021809132704112
486.528718261651244352367526270 2.36922934264715902086556396614 2.65233486684983635946918905034
488.380567090017448527111430665 5.18495438085891888344696240938 -0.237032893029084680828216184251
489.661761577956131512780904175 5.23008742755303718557205255643 1.65466278650313730541188998542
491.398821593663006569213331009 5.79626066011783108573999431791 -2.02893062427057687109434860712
493.314441581785300936360604043 0.400531329985695550110042004545 -1.99269983773667081904881436149
493.957997805369464909583091287 1.55913700485710592492978691883 0.595670151603473009754496207818
495.358828822131277496834132737 2.44927658876324127854412664796 1.17867932093994054449396454043
496.429696215759103483918912816 1.37738198715056937487326895214 4.16036804903646118203850801865
498.580782429686542016675082912 7.36604737501065353794641033603 -2.35392137650098705024463730686
500.309084941690495539309390725 2.48238287237925708470609924411 -3.46334837303570247701058171201
501.604446965145477663332545763 1.57511580989946358517525553085 -1.18079885886247097964520552321
502.276270327118233175399507334 1.19190600099979994712350424215 1.97056265975069805410976827995
504.499773313427737183791262228 2.39700655755573788041409347354 -2.03928615518998879719688016857
505.415231742244442029552166109 2.24941481435620705150676389457 1.02831427455792620106759386112
506.464152709523531221526074781 1.33174331152628218611226941998 4.27429441213133937982593166834
508.800700336467820809469672508 5.19163896300814618817044029796 -4.55862612886783141752745360983
510.264227943672834420779517655 2.71470734148940558969119657159 -2.77026313451706532496628084113
511.562289700374595460454904487 2.11398183732076751127852900952 -1.17853870898179689957084660629
512.623144531407418667101254943 2.05806732629045476528558273908 0.633925006430220030354450885364
513.668985555473683436244146418 1.43210991060149365885922380409 3.10085609061320371235598277297
515.435057167299377249676893673 6.74746650405878365341157193025 2.77032367106692354166923602834
517.589668572467425341357965287 1.10942751932177999158746179150 -3.02148398023354333197488981371
518.234223147550143573858274373 2.54852933258342317843026792589 1.39501272035751252194399864650
520.106310411723255903196146134 3.83648833705851227081893602618 -2.04439784052283449264569974947
521.525193449492040967732398163 2.32401586749889040235155503845 -1.21577724628470208816542002690
522.456696177730210430144413323 2.19937996044055692984141494409 1.50820676882557145749416486795
523.960530892015840487007509481 3.58390648261679254530121010816 1.59029442565931908839614337519
525.077385687279622180591217630 2.82055695260176004105100909714 5.38625602880726683406119262556
527.903641601272345229617268071 -0.961967015780324072658656612962 -1.95613513204062933418480397767
528.406213852292658941608896647 1.63863185273519501588934445868 0.000290734841150648606383306716696
529.806226318706900798163983302 2.52301992282179951830943812869 0.0969929023047456487776349385884
530.866917883961089644387434515 2.29090432223561746659084073216 2.49289438749551814030361272696
532.688183028293730505126445569 4.47572626530262169269734578616 -0.325124337374731337990407994256
533.779630753768732565482546023 4.03446673796063155568248094632 3.03830199227088101609764444818
535.664314075873224617046123182 5.59663633990061303076842626723 -2.37002705950187904103767936016
537.069759083122327588389737754 4.26400430816542920719705856989 -1.72265808566590755253790120871
538.428526176247962843500955240 3.92295890949190946106223436812 -1.06582048135515667541551555454
540.213166376228133383645668990 0.546289269466317246535493046904 -1.06458803192433616579165928675
540.631390247295117360128077599 0.496638836273532140360631677607 1.00905328415347152554154637634
541.847437121201281547119113509 0.112542719392482277258131634464 4.47842607715879021363792492734
544.323890101005262903121308756 4.70790157685396227652518389484 -5.19419914236541424718963196842
545.636833248934818254855439794 3.40999048230547838189401573294 -2.44796395885482612150257995524
547.010912058122292463655881793 2.26772246145514552304789336074 -1.38690249407336269440475521830
547.931613364489338310451159426 2.40110004548193662264037671126 1.42663517566915629553300301420
549.497567562661378459984733880 4.16707739862172983079455311811 0.749815155715856336984044097762
550.970010039483889045657234057 3.89034029359696148121066168058 0.104679928098800965650879280205
552.049572200564892792576702546 3.44589058076429212933543254183 3.23013234022635293294377561658
553.764972119158814617149782592 7.64020112705589144041667221088 0.416748235245930269564230177630
555.792020561682508416573221485 0.846787158433937010043636275286 -3.68971701640826853288087400488
556.899476406855351261964218656 1.24821439644346771584617878683 -1.02236612711048514385120944803
557.564659172058528408523989874 1.05578273741777637518446403012 1.51974254227662685471931728969
559.316237028682163760935142240 3.43595301287001138146502959955 0.608637937548092055470834818398
560.240807497295668241793276359 1.53718536177372689968880844141 4.49675849355596969398777071236
562.559207616045851108137916695 4.60124756655642379020116976776 -4.97863478639691530969088250238
564.160879110786117813879533500 0.398820122723863082086233938336 -1.35111891243929948320810640284
564.506055938149835122245968939 0.675631159903243909862525120983 1.26901245393141243207376886688
566.698787682807956241512280667 2.71852037568216317373013367777 -2.33904951637075418418230382997
567.731757901176937450334730494 2.68663899314590902833080059429 0.284288860148971275416566804630
568.923955179629368496753487417 2.72387066384295892530730275217 1.71418106576338001456485645946
570.051114782463592038527016601 2.22250842748787061364519366130 5.14900140913477230083401333776
572.419984132452764045276927107 3.17632864243615252708863322095 -5.37180700125847338613802142216
573.614610526758129987246032110 3.17274840854106340043855564608 -2.12849794059188830139062809844
575.093886014494885607457172282 1.35847447434839103132884171391 -1.36843478092526219879814524032
575.807247140928780709429332894 1.36537002183468450894006901843 1.25000728927322915733624215869
577.039003472098211216637089688 1.95760462885444533835733733125 3.84411470534861673785108582337
579.098834672036607431284364329 4.93095781644499144207650687809 -2.17674864080448816555542019724
580.136959362384628672716276348 4.82129683595912149608796056441 1.91106766934514327953739429297
581.946576265901625551506114545 4.46333345095087357866574379695 -2.90541045600229518090612100942
583.236088219167278261960573649 3.69525474935519260998157685844 -1.37381424231687786312288710655
584.561705903465528366945893393 3.34985362209816544122815529065 -0.742414851488932446257891036456
585.984563204988300574187258986 2.13870980555162406206755390129 -0.666900719992734197544887034030
586.742771891250155644771845087 1.09723230972983625137811070469 2.26500018298542782417334744046
588.139663266247956417554235270 3.18321027239425875215572332054 6.12938088111389582537200398864
590.660397516765275631032003310 0.401450605473576282398205443354 -4.97152792798064475470384479597
591.725858065048056649222446473 1.63233849871571456460940680037 -1.58123249394112454460554439333
592.571358300225569820772716120 2.13157237030452577468311436090 1.03052104771738102421548139489
593.974714682231029243805174509 3.77244508314384640041428849351 1.59870694156835350028197005827
595.728153697388949177020920733 2.48910099026378640596863445087 -1.19323869133171238027082797124
596.362768328393684089579097070 0.976793851292467346906253547652 2.94021926690811187623854098212
598.493077346164754401063582936 5.13276591230267889722919754286 -2.54223171709497215689742333574
599.545640364364853997515395144 5.35813594841251981373985038347 1.55952375075822495815860893091
601.602136735932636051738107596 1.07387265363840473249422797494 -3.38970474975426482182611269290
602.579167886387354298822724543 1.98743363337887054086667605542 -0.728330909146806303576217578452
603.625618903579160672243966857 1.96239640875005626617654703505 0.834809510844157416212321928327
604.616218493753232914639602789 1.01243677304997470740924093544 3.41166161976413010090101563509
606.383460422109041088674311240 7.63251366052952652286713663553 3.11396621399398654954390301027
608.413217311187325175126723757 2.17864190703963247349732594966 -4.39244457562366851524738946660
609.389575154720080527323879548 3.45338398275873158932545840683 -0.705738287146886805061901889252
610.839162937739406926702537768 2.77954811025665107444360324366 -1.09886569515426238012904703240
611.774209620887204635168361973 2.72313786942925547994423903169 1.96436447412218674893414513418
613.599778675637119405186456186 3.33706411183704106615338307420 -1.46637168643802122767435710971
614.646237872232621525553083988 2.67592843098120041126114353193 0.916475415911495885007911151283
615.538563369407027853474265896 0.671268389519552876610350533886 4.61634081478970291235075298792
618.112831366442373382540227025 1.28944824828104132605836635601 -5.38379143049766201300084655430
619.184482597953634249028146424 2.37027350550349161712961666458 -1.81458041337046707927999573139
620.272893672227521919085572595 2.78231865238494202789393120711 -0.0291007935873879768792469716308
621.709294527948622957298633061 2.08210165047823818196217204894 -0.352856456379808700988270463468
622.375002739779009217881543779 0.334350032947003562821933979259 2.62712200631354924267123598453
624.269900018177880834772947039 7.44096901104406642193435300994 1.74384652553652857792953048013
626.019283427654382198336217406 4.56439188800594241524883127460 -3.48341942932656659122013711143
627.268396850783020751997645596 3.56152504553420104873520807885 -1.44241537265683615275500494907
628.325862359460361935943815665 4.10525705339257670898321631224 1.37101090952059974157588856533
630.473887438292045870606586776 0.104085815497257098291696727729 -1.19542692992703197522265862098
630.805780927197532641871725248 0.688808911650234338506777247269 0.855327545280651067213974421496
632.225141167115951952154705930 2.77605217243647053189065549814 2.65235846043859401424980888778
633.546858252251777484197133459 4.40678729175545096990560279258 5.07808433312458473921171846399
635.523800310605453810525581751 6.99231241346405520720198236647 -4.42445929007690934747780362876
637.397193159837307173748074288 -0.313093549340788814373435717558 -1.74556898705176715806457725596
637.925513980822581093428839717 1.30349526280648075058056569304 0.227668982779288554254288773703
638.927938266856770193772690921 1.51164494260444990627326465861 2.34568672255514916479356485125
640.694794668825667623187538499 4.83033726427236719786771076410 0.268771912405171317892441396487
641.945499665705294545378538553 4.61356410198430244862547985010 1.44999873667600267541024464962
643.278883781397889361143362803 5.82988755200217603558378090003 2.20025128869629566325372492704
644.990578229748002512443712325 5.53086739502519658647806349750 -2.74112375399579555526615408714
646.348191595501592033880941622 4.12733927938159043380713766914 -2.06055410465894040493756248644
647.761753004288883793766808952 2.52548399382908473665301164400 -1.71691364067480266493171996799
648.786400888782440771080133769 2.62920200203855553181545077233 0.449077429214758273807335564002
650.197519345256459083253897592 1.82727242324119871636177477398 0.0697611613535316719725776803613
650.668683891395982530560633055 -1.19382547468514893651156627502 2.10497868403747786504339287889
653.649571605394691902086864959 -0.462709468802222561719539417306 -3.83232531599763596633870661999
654.301920586319342275470616323 2.79395629543959280016950256022 -0.180472001561031513045418171189
655.709463022355636316026742750 3.51020647289481953136349925479 -0.686635673365244903119877494219
656.964084599460617422869896586 3.42127957101135326266227122561 0.110135846271902238624378674517
658.175614418605399744879807909 3.69070334661162685861666086422 1.37470690608191848391211348153
659.663845972964107831165182146 4.09844445020628645905712963117 0.147546600926292421616358743606
660.716732595279270052158881252 3.63004909242508123661857902053 3.23012740576259810525548244083
662.296586431100410644378266392 7.80322670046025931558833474960 1.50357370012623445426985256762
664.244604652273013449890257261 1.68777057038617755803809207234 -4.42298782899897961301484978415
665.342763095599040542788169793 2.15014016461025027108070315857 -1.54885800144343145730141851617
666.515147704172960548775095819 1.61764326760694151553236508477 -0.355382716862357555471234207539
667.148494894555429941069213275 0.263646532195910550963376992867 2.13906423721738265045380447584
668.975848820235131406192279662 5.93867117579700322970917631606 2.00814847283617297092972597036
670.323585205862584034429553317 7.21973049920823198111396473942 2.40426175284764108751283320469
672.458183584169734181365086335 0.136404705492092213205495618574 -2.84014024223228302977414479699
673.043578286147645770131040651 2.21273814520227570556495217398 0.567047483548312297970644202043
674.355897810123167896156320106 4.12175592605725965041540460933 1.38869296213766133651148719193
676.139674363626748203178135714 2.61198674753086762046502608195 -2.22235842824144543161720165110
677.230180668763973247854799570 1.75263125618589423176161477894 -0.202094324702408252296719243404
677.800444746221334918938757393 -0.285433370246360914355590663164 2.33926744414969517781465141291
679.742197882528217719525938911 9.08943017762894006939939204912 2.69032282375583060323873063631
681.894991533151889109452411081 -0.153116835462949787636075891246 -3.54114815829370212645369292667
682.602735019750545487540836645 2.53404250962071446107853697773 -0.334376899279051517699099117273
684.013549813869505236194127959 2.50222979753847703115116797857 -0.766653211480791437148257446429
684.972629862098452545736661738 2.24712455301007969191208974638 1.52043933036145601283952635402
686.163223587727949603473006711 2.83797220199152238011025580235 3.91123259824050534756146420560
687.961543184703648482796337490 6.72551867276887640390327907781 -0.923489030939565787436678796947
689.368941362272368423255192825 4.92168680600726238014326386839 -1.52274707521272977015518615699
690.474735032350397693943089454 5.36075670992496521699509442429 1.33257699698554910996733010628
692.451684415520848849846652365 0.915032602249503397912644126993 -2.86366865296091609777599272445
693.176970060601824845623097508 2.34038247121857167417352046903 0.412851047986402648923639685898
694.533908699873140015630704542 3.10204567835563630312904850212 0.387953412753628350939460419581
695.726335920926730167801428228 2.80435159530860136778141913976 1.38975108284426239741859083081
696.626069900345614970902818520 0.447572341250169196839158123786 5.13406896006744956359174558835
699.132095476013506710816169588 1.87577518778879118274054226180 -6.18799091042941136200062846042
700.296739132143494568012149844 1.92692388261001851252541645422 -2.32732564668308235114627649983
701.301742954646155685173914039 2.27536810138054530363456733142 -0.243509701357659106326043806618
702.227343145760500119435319810 2.11057991155326909877450463320 2.41489770898639136319415111017
704.033839295525309322653072296 4.17356777835042105944723774507 -1.14198979106292921056749232870
705.125813954619227666867479439 3.51780986537041644235587790160 1.07892734615416869259771163741
706.184654799517919025810985016 3.28558923290150298310213175841 4.49555886623862998553625962962
708.269070885109899995269028640 3.82860715839658042115084307687 -4.28498135895704659055239641381
709.229588570284300709034693304 4.88462199185106433258647909005 0.148941745312437836608907163449
711.130274179685431565474856390 0.613815675432374393621478924765 -2.40397743266466128630741867918
711.900289914375312038915079053 1.58705701373481405797150303769 -0.000180904474782501491559206242067
712.749383470101290254610574367 0.998887456952359815222422090988 2.13447896076228359350230424077
714.082771820669393076924527166 2.67912842433893506334985157731 5.53163512300049533722034623397
716.112396454052110148182026476 6.74812622134129245497723553848 -4.07548665005567232437144057769
717.482569703100190714441897579 3.93601484353189418705886495857 -2.97308675728087272284987976294
718.742786545485893988449182685 2.87695714863523836026555758925 -1.53916598559587253647142353159
719.697100988365665132690960898 3.22790865778847535708113290819 1.32110338647077348015369440923
721.351162218536417128386158696 3.22397129776114138351240032759 -1.33199459910563281108170417537
722.277504975674237340376143660 2.94796628271995595647508175942 1.81783149480349526214260519258
723.845821045128415511671922404 3.51772054328357765346733296494 -0.0955533245615493103012239107865
724.562613890379079592246216771 0.724086408390179226021259678079 4.55228551902473641993889806612
727.056403230049381617648405278 1.25053058386455290489165183947 -6.06210939146372534266311622987
728.405481588934060034744355233 0.166199478860302555588078695049 -1.18297917277305653184570409689
728.758749795614268566130632273 0.758704333200990556080021515270 0.900760845986990258076877048549
730.416482122756434709944039354 3.27853355793569960231685628024 0.234675761467574443015752631889
731.417354918598525080749356960 2.62295784548147687436115301284 2.88399037173382070240123907077
732.818052714499849208567526888 5.74676581965175173779365433909 4.29706806500039647904943776386
734.789643252377994252312510003 3.36140350120555547300082823735 -4.31599253893903282449426445878
735.765459208578321076932188805 4.08808392053897315332853675225 -0.373486887548999581808370121011
737.052928912265308042310540877 4.78950749389504596410381642754 -0.0776368363674718263629388806758
738.580421171373822521705448092 3.56708078609997891625815851615 -2.01636196265191309244060454474
739.909523674041944029700959388 1.74661642474910479023856917704 -1.05009521826600591455928088812
740.573807447295010515035971597 1.10268205202545063097524769784 1.78034987578009382908776926821
741.757335572941673275861162003 1.32392493511930974229440219937 5.50865054867744811441175138198
743.895013142473659381550149198 7.01584788017422236628066224133 -5.05752523602993305658922226491
745.344989550611874325640548484 2.69204541259653057140247628197 -3.72359561137577379395485857822
746.499305899432329509605006619 2.44713892890033044982236096130 -1.53479397628790379574905902776
747.674563624269528359569367873 1.68672177900042919485845716036 -0.388608741190450488595138341865
748.242754465084547868503294699 0.0307482674093216481971587286733 2.28243277332317554040498257770
750.655950362124299866807438370 0.899063248062089732285442199027 -1.64410929265712509814647976378
750.966381066650837268458419695 0.448345694160585324774091924714 1.81616562483141902654643843882
752.887621567202374749507705003 7.27978444631663887086096604745 -0.921952911337620885355074898900
754.322370471712672685103086251 5.60440884933945221658258080184 -2.49234577538983470647988167147
755.839308976037829872792440370 2.11265011426044637363071317467 -2.71274197766317127248243928711
756.768248439950930720133210235 2.74876529334701333918397006784 0.0203291012049137985274165699696
758.101729246412583411489768291 2.46865964399041666231540178194 -0.113816806289950447008571773191
758.900238224892374767435392905 1.14922927144467930142476112571 2.80306452998136510354353861668
760.282366983512064531869600862 4.25200495382813067262108354608 6.76575906475894918161502144408
762.700033249691054728068999909 -0.350365156659044806567258237261 -4.53203199513660546974941602098
763.593066172837222996973247173 1.69182321239058243850908508242 -1.28465617061516716398495361853
764.307522724180221736251225826 1.87369073016070141021929378499 1.84331529939726275809243995806
766.087540099836205394422464827 3.91654279225689275946602911946 -1.45291234053515088035349618663
767.218472155539514082499410162 3.32393072787232060237898254653 0.232300659387147586080815884369
768.281461806509230823456665026 3.23605773163923865222590229725 2.49714643667646029466647760820
769.693407252624424325006654910 5.63171566435764146249800237708 2.41474328671181813744544319994
771.070839313678316321187221916 7.76295301963622698601435495884 1.85547695903575953094129810773
772.961617565757024337829165945 2.01933331929276589112354370089 -4.79466337811470259296941310283
774.117744627940507402141909397 1.74034665051393409055659537131 -1.83867646279671684870297629677
775.047847096580508050016992969 2.01811312181332542070931738154 0.181639565844737399760586984385
775.999711963171442477731582603 1.68574569147826875587251789609 2.30540145618012119676567967427
777.299748529592564816510977063 3.50510244685010093482979595063 4.89948188485960603605367319776
779.157076949189004063924537742 6.67546701542964433164908257184 -2.69700654898857339995781355467
780.348925004181670538127783551 6.15415709039473913384534634153 -0.713245225802856098307128562892
782.137664390812094754317687328 0.612255882334184388242355848334 -2.10182268160832383275979505060
782.597943946073539866166505744 1.53663304581567830477904793972 1.41426237322363150634292424896
784.288822612465501463146099666 4.53238089880670449780679787104 -0.892334919232113343783963399917
785.739089700715051840646187769 2.11867093446171248078381614007 -1.30953946047669566845934626653
786.461147450506277459896787497 1.54170467625019624439814262716 1.73559584154398938987675272388
787.468463815910038381473499623 0.0965948625256968760956375593043 5.50785907417074866782483183775
790.059092364119564294946003255 0.0298908266256475666172017047319 -5.04262528827792475357373046202
790.831620467921035019082931395 3.32260285226794413378880215495 -0.994237569535972800451028661950
792.427707608604526866391070189 0.866338506038196793416975246310 -1.37533428403343170570187907509
792.888652562622588042242753206 0.863803883433063533026463986810 1.40011580323548503657609389437
794.483791869893164481318375277 4.09373753500640260743775205664 1.26772931237764333722153198737
795.606596156162412627912558048 4.14893108719917069307235066165 3.67148615603125472732288627720
797.263470038035584916191704577 7.04812234628910399158524478310 -1.03278936359071993471089763788
798.707570166296211309691953422 4.27972831915994465210113315187 -2.34731637724594972822829447460
799.654336210897632772826890664 4.80612041448414325223608401233 1.73286330276677973464294078702
801.604246462982055966676616142 1.12268662135432622778186753766 -3.25304808808021577161696362666
802.541984878418149662417141059 1.65343263575384786987970441706 -0.642413670931950266546976100206
803.243096204270194190226229054 1.06303734851690862356449649486 1.94540735889745108625529187057
804.762239112661763951595783963 4.15397600559017763771171650747 2.41748255610684392492958361442
805.861635667094802836803191543 3.98365534278074612463656555346 6.21467598454820211798664542190
808.151814935993747392355858581 0.875248109053070967626857472954 -5.66733160294767355835824811121
809.197783363300710387719604795 1.84213811121820369510825455459 -1.95998353678664611896995431007
810.081804886407099891524729901 2.42540714455079308442439622624 0.435355731245652701627478983575
811.184358846506260337884327465 3.06080927175047634342355148606 2.27903596771488669878068053370
812.771108389109342719801288662 4.82678518022975036708772137933 -0.364861357343169575025045291778
814.045913607510993501967600781 3.58962259522838816438844998039 -0.121270447683864731960701189310
814.870539625872567784019686957 2.09237173384971287113429701546 4.13209380546738697891422549628
816.727737714394716316502574838 8.21611029491238653824766781723 -2.31971913729856817356034557828
818.380668866361676511586775026 1.60133971394986277422599068399 -3.64822468967802918898392989363
819.204642170823862605824038846 3.19689302040399833454529696641 -0.0701635861083666967290489420688
820.721898443869287466431021823 2.22726945343031675740192780591 -1.44627985447208012279503072248
821.713454133379401809876034465 1.46683329955209432064526658277 0.221378737259331648612765424310
822.197757493404277143581855586 -1.10464175763970132700303838882 1.84120252332894910092436183893
824.526293871629748163766484928 8.45134475551899727791157105402 -3.81104068903010590174096457088
826.039287376574383548014163533 2.48512481096605360294848385450 -3.64282397785560709676544936710
826.905810954080771979664450913 3.70447956556839189362779024996 0.205677297207697498113251448464
828.340174300489900370504215076 3.79150835271557897856695773140 -1.18648119309977418120268972881
829.437010968309333623047591492 3.86021313780529247270664102370 0.626216582854082702079142389416
830.895884053317400730078617611 3.25193512578722965609208932088 -0.864980253220136811185718719804
831.799777659070583074324608373 2.65737618579309424397284844449 2.12173898483746558456628166005
833.003640909154199538311254208 3.92824585304225330276508670905 4.69494556075764280596178438471
834.651915147825575807345339876 9.68324935740847693695189114161 -0.124306101824664284942946778876
836.693576187591867168870340759 -0.790071286358625335258968174001 -2.62195213195369876310382032339
837.347335059531514767486416316 1.58089970236205135007458865990 -0.525586181936226148932757413096
838.249021992732145836547095912 1.87535701027052591122350287339 1.32387463920180164428058826173
839.465394810282475550310302200 3.03179197776575200860880509808 2.99758709583117391500498875748
841.036389829013423724411484718 5.24465591933898918293632416023 0.397574151422757268769901325972
842.041354206526371333367699200 4.70451865613222333644193611649 4.43946717706085577756295385708
844.166196607350768821346101126 1.00901349532759373886087776828 -3.73605375645169828341935406696
844.805993975763726881284776650 3.07963764675131507016387416931 0.841720852108204036041692962572
846.194769927693997763662518540 5.28727835463677241907656942778 0.0236292634206748509208735259315
847.971717639512006636327584785 0.716315091578852857807377522221 -1.90390991384665817431497452886
848.489281180943523824886730335 1.41565481264401422685198395417 1.10154019036188060161370082657
849.862274348697826264344714708 2.81366114613374455548099735985 1.30619053353772456833398299574
850.645448466004092378242048188 -0.410425303124038360486238276848 4.89519948794023573487835846120
853.163112583389155325839472071 1.15254762567185400855302133145 -6.10892239858656495728268277336
854.095511719869058620018221632 3.20400524999067950682387067923 -1.88816197613820039175906729815
855.286710244404936348228437571 3.11851269521594528309929160254 -1.02317038943144304878408951248
856.484117490791662854034924902 2.59078115245239041105212757885 -0.306144511806528408112212260272
857.310740602603826032964229956 1.80365976036250551283606327177 2.76240013382813672562706355360
858.904026466475694412829573721 6.03002274280445031170778294290 1.32932112259304020906322379952
860.410670896014670751594140146 4.07982799203765385841192459176 -1.47429459377097897787097484881
861.171098212715337605975110401 2.99815197268333574689868742270 3.97178512804466058975521787712
863.189719771908934236110130066 3.94412269218678317147035116092 -4.98686966323423305107601291167
864.340823930069540855687499765 3.28739499258657030672386800862 -2.21885976302505513602231175976
865.594664326515965395106877075 2.15477446131260580705530831651 -1.29045101826529927203673887868
866.423739904042641462979588658 2.12041719524395041045708648939 1.32932495755259684309457477804
867.693122611785006238768527107 3.09293654771275161989395325021 2.00128779358828661228639088050
868.670494229131596667838274575 1.59001958952523602506248174250 5.89617194833915732311152032246
870.846902325754016205795275454 4.98144439101489787902077490680 -6.49102351826327198798874295992
872.188750821613207755873228082 1.62339051999224436656418363829 -3.06624777932867597599000821147
873.098978971281981498325402957 2.27178158799668666749368452090 -0.431391605077596908934110510719
873.908389235337530439629985772 1.91850829452565479005333072497 2.72210260782474922363801134472
875.985285108780322374392441197 1.40785760716240834929083525152 -2.33183243008217192558256160655
876.600825833027442397243130019 1.84284028134261465059576650383 1.24527922238950932227755091385
877.654698341033475144022093138 2.00339085872817844683401432453 4.28471338905013227091921165171
879.380951969790982456461800072 8.49991806291884163992705906138 0.0923675271066410979881424034497
880.834648847939390283032287252 6.68128536022137449393198090669 -3.14335748247798217964756891677
882.386696627196461252384650433 1.61744828014651123740754169414 -3.47093511076796478163090917330
883.430331838701645684568337436 1.66318614296657861481003187724 -1.07473773320822053634697257187
884.198743114594726960384279154 1.59604752270413219974831753329 1.25793075164739763425422817812
885.272304479617127051198086101 1.67242885078251847973528184328 3.77130882494605880330074943396
886.852801962916298372033329947 7.44337352346453263007121994967 3.00856068924427442634197819126
888.475566673817194773726388749 6.20313800172522460157286124482 -3.31836932982770415236111684061
889.735294294090737097412188143 4.31590652538084841779002481398 -2.18648041381993527615763590483
890.813132112528063686195924307 4.67292673688841666333449202530 0.0142725884478083372120896475403
892.386433260155869341740999279 2.28302106834018817752220796384 -2.14104259045494991135104036905
893.119117567294258336175542937 2.58600069980723780695549997399 1.66677467446943557685018104361
894.886292320868716142192903603 1.73762310109835309311161047518 -1.36693367844859632520770868859
895.397919674782965055396859395 0.783241464576495093960064351470 2.05359634290025097636220470312
896.632251556202720033526586721 2.09627438628955608412058822670 7.18253884213639915395986343264
899.221522668383419390095643940 -1.50059065290773251881141786715 -3.31526667422356142268754659428
899.858884607937483444265855312 2.00443710814307885312814404243 -0.934306297701341101743985650631
900.849739860521396117824641247 2.82456958304105550542264830264 0.708190850185609405865133789030
902.243207586752288461640447842 3.08171580454820813547255462451 -0.225024595958009329175425639530
903.099674442630454946665046381 2.20188217453524787556568563234 3.02416050605357774342186321158
904.702902722281320774324091426 5.88757457933416159434003958173 0.590484362840283149654457020332
905.829940758222209404839410730 6.13190235008822010107762261618 2.89175402878633442744630234998
907.656729468967525311556713508 2.48184222553996291523631596535 -3.53835650882945974075957615409
908.333543645060925280708196675 3.61319259672731146087422995141 1.97130594587726381234007751003
910.186334057179842565352551679 2.47220866738199694800601540798 -3.58854508645534240378922402608
911.234951485955504092597501287 2.37165784317862822812662709270 -1.10235921338914327156762805753
912.331045600035587248807167172 1.56468562711448631930637123165 -0.0335250626806835148112202987290
912.823999246743395377992216659 -0.669322708505721847202824707129 2.00420104376238778464277832496
914.730096958375613338375239214 9.18784379264362353482571851295 2.72973756051784113958051624190
916.355000808642765891420842948 6.58709193534722846381029273753 -4.67234943450893368145082303009
917.825377570426783026483964334 1.58968357201584488862776077175 -3.45027081924763281201071492029
918.836535243529029571248982619 1.64238218352550040182576857935 -0.935142982545477296757414156211
919.448344439682304781765129352 1.06223972521501654030835884785 2.08129513861155355053471292424
921.156395507154853367399405219 5.26975997372111792195937577004 -0.0969721485200987586578707503029
922.500629306636770266245329088 3.49182049231272712099975911796 -0.816297395978580586494379644951
923.285719802422242673943102553 2.35816225429199272564907814422 3.32061116285632612701187956436
924.773483933476664416246455765 7.86687227356252585342061064006 3.16277163639984559343436655542
926.551552784603028941592375054 4.13778954639380031114059327292 -5.37543060776267656926093485355
927.850858985753594147870961588 1.58795592530672782248816765005 -2.57231118391893296201789390834
928.663659328934892288756290358 2.50587108606354556136283650297 0.235525777901680655049191183228
929.874092850647754777106067498 3.02800110903832398573436469254 0.649602859668674226037209999939
931.009211336628072954276166765 2.82291972862752966566409969917 1.60276956889829564485902322024
931.852740745520079921686342351 0.114791754799619216732711724212 5.42511955981398619371023488609
934.385306837258464754414541193 -0.290060060317057648088627630459 -4.12418177413404572112135598071
934.995424863846459617609737645 3.00592725636130235710483577915 -0.0764510220521703368513991809437
936.228649379282927213718663914 4.34255542086525897223194395942 0.134896995515082777514315449291
937.532925711970381272916233886 4.73389573742406466868203506924 -0.432433217011902733202279514383
939.024300899218382184218418709 2.03013774644701488048972007872 -1.65024503241200698328050688988
939.660940614528165985600754475 1.70468824308651759272973003925 2.00074647559973006377652840322
941.156999642042372607770996944 4.31529853003123069980073263708 1.14916687236425251870211716148
942.052341643375497874389945635 2.51244434506185730107896601784 5.75473441746121069645828255546
944.188035809572744511978501615 3.73450580902144014377081165777 -6.51910014739491146635302079369
945.333562503045946141542238921 3.06421304424131597538766878363 -3.03298235524405785974886975994
946.765842204727851156732167218 0.343315994813105612535032663140 -0.967190918633458813166146319057
947.079183096254877965119474543 0.433881729771659777058212178786 0.910569944510353081489356723052
948.346646255044967166605085994 2.13340074624625661084874955067 4.07811943608928891979083718150
950.151612684643840864746810351 5.30811921451810395257094901005 -1.63076693175373552727399149227
951.033248733823509974499410476 4.64817191826457833904030067662 3.39593718103340377362577802625
952.727988619850626084667521324 6.33764897961029167899190396658 -3.31327096311053216878830598059
954.129719269551415336758009414 2.28903498180587864080099280132 -2.65883583104684611410215726945
954.829308938216637119513762838 3.07390942616803716151826289710 1.77830827665828316422578545383
956.675479343289796023142032133 1.80877017159519360187025617174 -2.65121374564275647226371704039
957.510052596423722467728769117 2.16850842679282748899030073238 0.156866031648199947943396224645
958.414593390136180970003999467 1.67726049676050988569185962228 2.29787913630869453090524901884
959.459168807068112560999609039 0.728230642000154727791680323330 6.30636528717785350773659384471
961.669572474192753342668657503 5.19457635859751158716815547856 -7.44105277518240253082919329463
963.182086671311446997132189972 -0.0959594432977389081212253438196 -1.77110388491797080640258017897
963.567040191612270671862099519 1.38654516834470636875303025359 0.846319270987236535779333901815
965.055579623751116224926694815 3.58848920407644060212892495074 -0.203684400830976487569272042453
966.110754818410204018724621286 3.50726493435103453958558844206 1.60242178066935036932419257700
967.371153766262854315164778204 4.65700386898908909857534477838 1.94943846136474844455418672233
968.636301906087326408089905498 5.92524958397166661832323777447 2.17316756761272579205989864918
970.125610556941175479215119589 5.58638880214904642534310478239 -1.48027822698493051340364650866
971.071491486385727940251034561 5.73063492483974145820652797093 3.12269745270529031591881024073
973.185361294301194221649096958 -0.368578152441725981852578886432 -3.12679074324320336512937796509
973.873078992653597194232563465 1.85903659469029601484497076839 -0.535856940808595282823949351016
974.774635065837429875303154847 2.18710148452777922085237493586 1.45582093898946603257184896147
976.178502420589609344187798159 3.09939035235635069475583256657 0.588344809328299017745676043981
976.917202117050622021417267172 0.454090091342266346033131875756 4.29215926119898524344927054191
978.766671535112974454023006740 10.4517180162845042421476195244 -0.633999720459080430231353425158
980.578000639774418061338952502 0.304027312943394693106448988996 -3.85050600238968560279079272791
981.288615301758969459364434347 2.67759325392940725557888898438 -0.390815453907576500383178460856
982.396485168778978401410221872 3.44660649770369835267013569276 0.693016459185797038509674314942
983.575076006431328755533113443 4.45187531755961133989132463937 1.68829291412877272076521421852
985.186928655773435769528565149 3.12337360802863656067267861656 -1.99842919506540131864158439893
986.130515110184526649373988219 2.32193198457281820225324944412 0.440009594713249785955904014824
986.756008407656035621777839118 -0.635755594546218442987772470631 3.55920982134288548169310121495
988.992622370657406607366183667 6.26505533820614543899140809740 -6.03732609789435111202862528037
990.223917804027972362978130576 3.77463189577581929447886102332 -3.44743800544907718788510686770
991.374294147761505431863433260 3.29838448286435489866824065905 -1.84216172302075212017357180309
992.728696336732659443627396933 1.11361320418208588318697857148 -1.13674968101354812088222429101
993.214580957442953707523071121 0.706418704342378080687699094997 1.44444280191769870378431891142
994.404590571094491900027805466 1.67872127013770032602599202906 4.96291922184167948635348895536
996.205336164298286483527981449 8.24700469587067616158578561635 -1.45240616412415565019570237650
997.511934751939229211029840075 6.16853285228832446428097695821 -2.20166526528609338311251468403
998.827547136929633130519615447 3.98264482769015455803759596772 -2.36046051084218960213976179538
999.791571557412940463163147158 4.52595747993669308411866387064 0.745067945924683231719375595411
1001.34948263778273712210330965 3.25797039862268680366748319224 -2.45062450688805003193579679506
1002.40430548839171130815932757 2.69425679855560497634586833320 -0.485296021566294664675746002791
1003.26780817945324825752820190 2.31510526994515391017947117818 2.25944642931271081210153897053
1004.67504412117289422613334687 4.31020563162944662875159387572 1.54789012905360732246443655083
1005.54342030437836419661104810 1.92703572131960479599002165309 6.50700704746347913497135206177
1008.00670430706364619813982013 -1.20555205900251905556408138610 -4.58108302331744356481759738079
1008.79570990074228234577255711 1.94632883537928040201876004062 -1.60608016227126894062392255387
1009.80659074696462945728193575 2.10008610246222536447761012068 -0.243682409306898926279652488940
1010.56975701106107589856651569 1.38696480162154104313388544943 2.64361988871222849791167835222
1012.41004251576159684285326184 3.24499794453597565776014078020 -1.55274740122550000340365932798
1013.05863809840898507265263765 1.89857932910015705865434139916 3.28719864090807859054602210002
1014.68963262237040468814643795 7.57085439794501897494723460575 0.325133276921866669248167382833
1016.06017894264737813028979489 6.23763596579913291318813484711 -1.93086349556413268684157862593
1017.26640236435540666971486198 5.63530142721999737844080461280 -1.29733208925153468348346370588
1018.60557251862015495098356757 4.35414230000640784274266156571 -2.32971294927777757768679258925
1019.91243974394403836167151670 2.37537410545006374335710607793 -1.90130486958865709119808911137
1020.91747501726367831614708449 1.82016201558241371550929492499 -0.166580038973603518869706720580
1021.54434449990465190712408497 0.274939063414193591901367613408 2.35686726648242980060562601099
1022.88527091171634782599966343 3.12938082816118449780864492519 7.64706366356586655290269078789
1025.26572419772769636662831178 -0.571352023516905833158198963279 -3.37152523228284039317161080563
1025.70794437146288923772770125 2.78564906708910706488811116448 0.790062337390872560397844107181
1027.46769351558777027339742302 1.33519926656690653489901639566 -2.41639625657712895678856836610
1028.12896425549751787766953177 2.15242396331092621122678893121 0.885405292412171417482754782994
1029.22729744396136673112870360 3.23016212455229207343581895362 2.90303862504223767692247061738
1030.89736879059652356072655574 4.18630746718990940603191478492 -1.69422740059577399496916309068
1031.83318029740776254122422423 3.52277773363165415435041769366 1.36781302866582578189529195827
1032.81288303515885146065144096 3.19685907581495736891859917123 5.12278422712420709417188032207
1034.61291552952081006617434065 8.42301482048725612987380292177 -3.94831730532637886307127798053
1036.19591735805474025398292789 0.893335118498911343776153846193 -3.75275193798654130683441477937
1037.02470764628174975057726398 2.43404216052582396222897036515 -0.783283381914481058409704505444
1038.08775224061883643734694234 2.61101906224841005509188922706 0.303992742714330715483349558737
1039.07740143689668872667959880 2.48349889701354656438473308203 2.22281634816683365490241206259
1040.26403793769576083115292605 3.72996575228721849553598362283 4.16565778197711616379708557151
1041.62152801454227415471170843 8.16984091485674443059047042725 4.60991928433384129930784712878
1043.62395434962149387045009545 0.521000473052266273491132506651 -4.79206266068527787122494823297
1044.51497582907876811460331337 1.81130449322187295568068666900 -1.23600708864570016200568420804
1045.10704235297791139065039554 1.44409329376755322304526871119 2.39909683563701064661209577536
1047.08981748429478422111465052 2.51598907935977780700215606205 -3.17278060076487671058866699602
1047.98714748960047113132159651 2.71648898049720015156970698402 -0.147554946214404953908339705920
1048.95378519468596163305702454 2.57639940545365582724829021285 1.81639862168625917341236684040
1049.99628425659321975563019979 2.53772164600711505095004291772 4.83944466834952404759657278047
1051.57657184320519579557814932 9.82581473918191104842668521143 1.83219585866818948122960847883
1053.24578515838575762561052076 4.28479074241265332525353500452 -5.96709813445907887715554419758
1054.78103947828134990679879295 -0.154262997627478853341669374278 -0.910603424100621068692159991513
1055.00214647568573620935338243 0.593452237460039756929967211301 0.657538213835669500699486039392
1056.68884736382822985752479065 1.71031830874717073645544601326 -0.611435411752024114258436273676
1057.10004365961778360306108572 -0.368868482363355335443552065755 2.10190897960094903033661646258
1059.13376910689714622942129969 6.31895557674009178578519921995 -2.14113558062425942373676190033
1060.13951856160781909723899341 5.82421524609819979365537868099 1.40214425331809945064967447394
1061.50130446506842006312021183 6.94129785520696659463201697062 -0.797602398930598074278190339256
1062.91538150788056360245337470 4.51451402335192993049063406158 -3.08908439131883505849648498583
1064.07155107171854042528603049 3.57201852698753926078145813415 -1.61618152236400953583715803992
1065.12185510629305547857982308 3.73123736572472973397576999399 0.0797447749667354417658200749101
1066.46322346924298194377881913 2.94633036257860290922164140298 -0.847423232610951552353038197027
1067.41886012096455805934517636 2.00150116072626994167726004722 0.865375563417757521987058667845
1067.99000007904262546773556431 -1.71743456964198177349271453626 3.05332612420897045057380803005
1070.53504199682926280935309979 2.02930561736128500030197565111 -7.66493374070607781488843539505
1071.61862321508953790472805548 2.09755294717475641816325255999 -2.96065214825995386427146805220
1072.54399801112155534878281899 2.79090955907709745332310485114 -0.539016487968555462848768754298
1073.57035316509372543772770860 3.18036417444891192408894516286 1.02885227033829067630478434184
1074.74777104431099857929421567 4.23204276504999042381939344200 1.92898610334251189652826306852
1076.26662559417740986500375024 3.35502200618425538738821343956 -1.17254782413405308522059344551
1076.92405606575444688758536164 1.75923703444637493538995022948 3.58469583836939721747345067670
1078.64719848095636469429051482 7.27043004515857977373910150579 -1.29628937950845236743286766805
1079.80996542925906921357166425 6.80443197161945608931335603459 -0.181865860104398851942569362380
1081.17100234346780378506647948 6.32360204114176524032617354479 -2.58425517505353187052147679283
1082.95274972306966866079199183 -0.307063819765602822873621738459 -1.14300118977219642102609963554
1083.29546651408560676834067986 0.860240733631257527927399845112 0.390260454467808797025476376818
1084.18326431043021614316384862 0.747678072636842482906378604698 2.50993722768190382277304164018
1085.64783120863934071202006656 4.99019767411699651622584949624 3.79830629186910032952762349582
1086.91199898982509311556569033 7.77384014701519490253366936239 4.61029104812556660427483098708
1088.75572467480880147169712500 3.14388307316859069960420719091 -5.80521716400293934952066043434
1089.79533792407477495842356921 3.16688767590569097550586990835 -2.22599994973527342148726854220
1090.86319102624886078500898990 2.95574172200964121168478163361 -0.673984221029141271206329355071
1091.72847296693682899939930519 2.97948404521131922138017259400 2.43992864010626577118641005158
1093.44087327236863468079558567 3.26562221188330154388456199495 -2.18124874902466015360898449853
1094.28445752375415983633855919 3.07591568676944146500959142778 1.21584966263695997858359082801
1095.43308475866147868966748487 3.68792076803503819887649283829 2.28284043534447969573710524203
1096.40191779474252850214945542 2.69723196171361969414043053733 6.84766880839143499985384567809
1098.84101546664986178729473350 -1.29817945907879928553790419439 -3.17075935053543682253105041027
1099.36066717857179559461651180 2.43806653353989394728607601996 -0.392561398584072598846653353670
1100.57446062246256321862442694 3.40346686660817622292460202305 -0.524025557742139761796664115386
1101.83911116875601340501121435 2.38451478949141253735732808221 -0.680383816552811218610676909825
1102.55177989991772274678594324 1.42545050414179908037241614040 2.33335678250729881466952221690
1103.73229717454693584759611010 2.92393060686045390759697464786 5.94208749996424296681645702523
1105.61718883076207151732080903 6.46498718260963586122971198715 -4.58427459843343276261866231669
1106.77437167583277510091744772 4.49120474946429453971046409691 -2.26441574725402927644790652349
1107.77453195501013693315167081 4.95226706749538808789956284372 0.438401285298666448015124635329
1109.15891885676645188780517506 4.94490415632128437997565092555 -1.80911763202125734685901164728
1110.44414299361320580327302821 3.13646467747948847430362739195 -1.85480961252406108966090979397
1111.44350476489989658741837278 2.87172946617330869161134570258 0.0621845615961561448015749957550
1112.43299540807644458068791937 2.63323224009573461557494624574 1.81097812264913310707242362150
1113.39759511480199351361443357 1.74922491676537847614208048779 5.21631559274089531199124061001
1115.06535946156660567653023281 10.9050779967508368861441906237 0.775106502491055511084594910222
1116.78725388121452419063303991 1.99388917152039325226771548295 -5.93678244865714272768008223710
1117.96591966919967094547758238 0.937489396941392883279758416347 -2.14314245968633959118773504861
1118.68413486101839090387812254 1.73807536315190523326290322799 0.213742596401567451747974769570
1119.47324742617898290186144726 1.03143298682578910851780515109 2.81179167448234985892767839539
1121.15593767581056990537337073 6.00745606026771503774311176185 -0.00178199279862078942229483483120
1122.45862135688051225413285442 3.64390677709213745359037029713 -0.875495907622038596432972983819
1123.10111738780920016666445553 1.49278292277417617596704152168 4.34557421088556403950133188875
1125.31472939784647007979897680 0.739350830647915454577432174104 -3.44612315344087172705173918735
1125.76344242925255946644397201 2.66207546789097174493241078374 1.89303503365202886751278429470
1127.65802352721571923077527400 1.51322552303004651664986849281 -3.43574188337423723577750248350
1128.43022461389271137210602852 2.83156516881659476387072671706 -0.0519181622787723354060269181798
1129.72899677706556217508915556 2.21296279217444495631821602681 -0.560082498640469587448105852639
1130.39159789623167083201090771 0.974528049498292201791282694737 2.32275090646406692846653812226
1131.49508556191704322228689235 0.847362680975224109857512868162 6.97888951849459203654702010459
1133.70862566945623585141027525 3.30712609256840512388660866309 -7.53969539311961057106696598347
1134.88565459153319643062419834 1.50470408482724332369183899702 -2.77347616642652436275783110354
1135.56221397547754595652204640 2.81724901217561969993881816584 0.902281806564823794780805583017
1136.92929348096952978546966731 4.28719479394082398193526761327 -0.435483640230853824418722385755
1138.15158977980554072923353190 3.41954598412910572257138924727 -0.470881177841403258800873345021
1138.99234182049363589385999202 2.82182177914628767084281727732 3.01777181191169109825453539582
1140.72184817190335975265532986 2.92942705770080822726559108622 -1.74349820298886598956368834630
1141.26102296413675832998228157 1.30812192792054240111181492985 3.38875947756614481350228352141
1142.85865960785648111849879984 9.91317383110140067863601320511 1.88566630102144995195827644778
1144.78229951862534187706529086 -0.410131376225679357292842803707 -3.88449565467002470752977816643
1145.48532751711710680801728151 2.34608628757120570181755053483 -0.894250865558489915101208462281
1146.57681492486695340605174448 2.54641705924024148904865256905 -0.162721332120089753990887230129
1147.50177652331931609129983473 2.34619165500169648207438091841 1.85729520898088142575438340757
1148.61527720883401900376723304 3.11210179501380837482769770279 4.01718515504739270318428197940
1149.98260102810709766544881666 7.52372363926631863871905323793 4.03292347930170743687211518063
1151.56281472367321814938869658 7.46014405483231136761787682049 -3.91287207342286695740892945638
1152.94312853058979595163865950 2.65645993777821131254105690827 -3.62424943806440776634651460557
1153.89030371627126802658298271 2.87383053716551426119403262227 -0.780889176076719717290259583507
1154.69751953538238291317121265 2.85950567822999712380581633558 2.78454933963320392129413922483
1156.62156783387254341057911542 1.47983290107723679466213501229 -2.92784849155959786434559278376
1157.43231457561090633286525221 1.70655804278092672259028935737 -0.129154846433510163635016414467
1158.00160902729496614508668711 -0.0249752332429101835158623240183 2.39091304800105502113433441363
1159.48065701902229730940483495 5.99735042365731204836562067348 7.03114248260383181716956239385
1161.39664463437809149848889052 4.41480831773112608918189079644 -6.77516947293975052637451321267
1162.48752860200542780401768701 3.73514170079583772777634942632 -3.13895148099871349558121058490
1163.70103168277861558764219651 2.35102732964087228139430432653 -2.08339855332503380430039889506
1164.73758635122760993462021764 1.65963325182206773364828209802 -0.495135576580875452637744725512
1165.27122770645769360553358793 0.248262197488883774113304271607 2.19478851114874446757408834418
1166.94361340952871267710595415 6.19774346277779003703361178038 1.46331736992631677762689484208
1168.08627161013879429793792812 6.67337870012948493582195609771 2.73062412903148771596069113100
1169.69835688488490618646851340 4.11580272397499497219441722264 -3.34422978773184361127960021783
1170.46363857828366604121603016 4.65925511903728398889042116200 2.30384308485442378989508731405
1172.12068186569559984640074033 4.40406254227120571297150004737 -3.94679646822402860683551357769
1173.30568776404835872704216186 2.62867677213755751740088671866 -2.15815859814756436458041159830
1174.23276685645630265206436164 2.76259140201376115466772099814 0.0823954047855364819666424949373
1175.21545239595077524703093295 2.90521389582680022074029650319 1.99285122098479641196733706867
1176.63287580978845863299382889 2.87587596298017127162719062161 0.100407516950061911886806622641
1177.10630442165614694900011926 -1.34436634845059660625009324252 3.49682905374403865632341638397
1179.70122350193389803258397720 -0.870230334893043497888002878901 -6.14255144960254231536833556895
1180.65354378708438533087396984 1.10513821389316123631969810636 -1.98549888883806997871224946876
1181.26731815168001895913297569 2.05400663067761539429989493974 1.04794749294834468595644088004
1182.58227034692039044004111928 4.01980775102551604614030892001 0.690636907353181474893853344815
1183.71277529597431534989039840 4.53349564304537724712846562916 1.65956048830138841377477515259
1185.15584284746579228302014090 3.67624111343419398860519405681 -1.08787810832629491328439055149
1185.87535869535662001261908937 2.39069268078677969028703962877 3.47902029759352369450772574296
1187.34516149326730995554658374 8.11302710806597480165250802548 2.14712661163876875300089530863
1188.85644429822930678880615194 6.06010272302745686188314246358 -3.80728723212260447673603922424
1189.96363649791844334374863711 5.56921151328063147877508877279 -1.85815626223041901207889964806
1191.48260592641347086513337813 1.15156914553898137796616923018 -2.66933948482868840471765911374
1192.21861147810154507789220557 2.13862889466787011648120643981 0.102227252411259777594161372750
1193.32402142745508027538966149 1.86180031597230281982242758040 0.555137504196918855201181052023
1193.85742713543699196594116618 -1.28792557068007129328439561484 2.59151329208335772944545194622
1196.03467174867106223211153987 7.51744790556992550493751414462 -4.50057155898750308455372345762
1197.07178665882196680447946665 7.06805440627185696719754556059 -0.851787604018047304227510390838
1198.68656910463056647648701179 1.22176665158785509871647748143 -3.31302720579959632939374646922
1199.35651370789396813188111093 2.83244998996643715853809522101 0.471733816155679121895589840777
1200.53269203121991431033825903 4.21076312300748694911189908221 0.932281860617431309057449165157
1201.81033485660604978646045853 4.82780627050174807823086316898 0.0175792476637388755515098335204
1203.13735086142547945283349011 3.02835372971523285523379397698 -1.07467983422035179616962814055
1203.85524759409700202700258881 2.02537575568410104437909557382 2.62847163526101093933491117194
1204.98549217146641071558655936 3.53200876874146993048357739715 6.69995398355456265797626093964
1206.87049979385306829213794583 7.55165789914638761162318028865 -6.72580741995167922845796383245
1208.47145994953103146299915247 -0.505550373857478171665539424477 -2.21278696460784563362357788646
1208.98948416793902567665254469 1.63162945448935912826735980971 -0.0262342868236927242340304001904
1209.89803008754595575337847874 2.18523377538540390787290502402 1.97943173005000336825034472592
1211.41611589279812306047898320 3.37408764978118210077079581614 -0.392274676630395418236819109053
1212.11315306631979262439428002 1.46725852458288359264675389351 3.68600643077856512317954223528
1213.59837268036821848513505294 8.48834262744773082279093910250 3.84481266271585797810194192768
1215.38997506504563426981377021 2.15699005357432058320691724871 -4.80409797061789496867748690266
1216.18372203346741672377276524 3.69284067516162711274644368658 -0.358722708107510044015494203061
1217.17448249773891903977191429 4.81528805245780178247545290274 2.24394148750101696249112932912
1219.05002817740616350927683057 0.570720010776737182951331765006 -2.69014197843822760004475270547
1219.61447131085848431022171949 2.09218287807778226626251311982 0.631300468850691471870737109616
1220.81634769097813143068536174 2.96579006531369626587784225257 0.815574776325619042331399097485
1221.69224248314373321179252388 1.87494436019675863450524111745 3.70282163674276387798445896358
1222.95248409510835824256424265 5.64093083648601480716686404023 7.44713346656260844151585958416
1225.01833002416853919735175705 1.21171528851708557366510520619 -6.32217071166472271307863270438
1225.85502076079571539666136687 3.84370671782440941605818399229 -1.83707516052815221390429539819
1227.23182764149093192414616116 1.44527242420156943864736727005 -1.95807128878081912215031202625
1227.91714161440004440594634910 1.85507343751977927184114783073 0.782469307430890939372940388498
1228.79315436298117176917903378 1.28368574531419523075155622064 3.62002268202049104090535894079
1230.58460315424927571950175884 5.37255805278790172487530439324 -1.99040535452842595118500893364
1231.56227387764539816471817863 4.47597545030352239920796210637 0.939224298520494978271339489978
1232.52958704059789555103413755 4.59443017533395384352270352350 4.68746411866188075727722736109
1234.27781665343178804884422491 6.06982256675950481426798246116 -4.88850100874889945570261823787
1235.50254852652099731871742691 3.15765634553291380511155514980 -3.06333663950185295897017431343
1236.39901746577899586544435850 4.00875920237364448131196976875 0.0156601648495786943052467362563
1237.97729851358114551342643554 0.962063381637508696457369449746 -1.57804903179456999865447244522
1238.45723279566180711633342498 1.08934383053143054671328571214 1.24104981661792524168990238084
1239.49080714679575427770467538 1.29320296170796748661350324434 4.04289609734612995972053061142
1240.81347178521626689152020600 6.23458930230879888979685566094 7.98018743934680419070057311576
1243.07807639802111888151951407 -1.18954793503320734217118605177 -3.10365555148377223086435356585
1243.53814652611425998047386858 2.54090492506029370022347790996 -0.0293577314381120765719629137417
1244.85143396698385856458168270 3.08839975445791714333150958355 -1.10129291525051970519634601374
1245.65586618814782247880387458 3.02724689541593326622760766372 2.40649239253490484278930920530
1247.37256196985564391570417618 2.54727152140593264933466444505 -2.26867512386141482124499761154
1248.06306105320819868514944996 2.48045742713746168750045369051 1.65075134246769971291161378486
1249.15988795300298334058331421 3.70733900238262300342678532233 4.02643065638888020128996062160
1250.67239727567811715508952789 6.97975278127519439196176721569 -0.241558319130072346115993970360
1251.65983200427122118003758578 7.20636191633133578339243218276 3.87421158821611243710032041838
1253.67357785210710201838026180 -0.525454787212661237662922968952 -4.15231367275131191470651281617
1254.43132842177344936851675310 2.01187944251887567212124371130 -1.26611959713384804268576354632
1255.40823064529073463838155483 2.10525377268185156588081095182 -0.0155990873711771004321710567580
1256.18121419846086606825574420 1.34307773543265826597653412754 2.55412701047576740961631054543
1257.54121941264411442682318818 4.89578572883785432574180955930 3.53437811582780420986306895650
1258.77923348859505319067135704 7.39861719424720772263951168401 3.91252044577854907762447494279
1260.34454831618551986817907055 7.04708673280613541488297072667 -4.04012514779472232732800267266
1261.61171716147983990432525921 3.57893687366295911686697470290 -3.25532819025273091365244584854
1262.55661400035622434255773502 3.96770296133123493895508793815 -0.404972727741032624145881483705
1263.67673284386179333039961448 4.57038788349046221044711756651 0.318726809240306049607113042907
1264.95722300699978928769561400 4.52836619461560733996605112905 -0.846993568808378997910103097670
1266.17903776056206224282999960 3.20340143710271554100023274764 -0.936501841611981966024993749984
1267.20034561184548922028994591 1.70914798787089557180707684422 0.253938716658667424246130691282
1267.57057177944022345864377837 -1.58253307267571622344462174072 1.74739619223360412349209117987
1270.11892188649260392519117843 2.09093754018166363476682355701 -7.99463336463165869129551666359
1271.13429963160999140029168190 2.64612453110955944573985573067 -3.12958040316236086925551917920
1272.08395959933289742289564658 3.30794917685903846723369148705 -0.840218766687664904332928415818
1273.26114463345575281372748972 2.94451065120588253917469183022 -0.699260568348156351128082135563
1274.19622088948035882812245875 2.64382502744634456811382534680 1.19639408606088519320426293059
1275.09203031584045778167132742 1.77479425810788378518462709166 4.39537123960818436902925859355
1276.84217155556979468553518857 6.29701555854724782147752029229 -2.09471895046682925026802968307
1277.76309198634682092060961851 5.99440371210070319157988613766 2.34765509320204432748688541429
1279.33284331670825139428523032 4.42108428899546208307536193540 -3.41153967041282382424366320203
1280.15579440902293046659147724 5.20284914000375818435392490582 1.59093205611473639948385772736
1281.82872695969993392886498125 2.51152574890549111337802545123 -3.99510264005899317122281101051
1283.00049138669967660770311494 0.691914273591375493059897051810 -1.04074618231970239666986550470
1283.33503213887928060048255473 0.391717866714444644771123815981 1.25290416421022107450715582780
1284.85479515462165784043116094 3.95949109346747475742612350550 1.52141505398244819869616797105
1285.69502333113859277477494850 1.75504199445319046713424625167 5.71979786482187533338879242408
1287.41002661707531613167278664 11.6179028287251238289586208700 -1.74183162923726460260713386199
1289.16535153277306148141311044 -0.460637755380347293433910432697 -4.23296777156352012843796998634
1290.10477151980733788952180903 0.551500393736062578740329260926 -0.936208865659721551501214168013
1290.41770807304250366254360221 0.357370382629585960545226686462 1.15201594879331161015367544854
1291.94587096808319840045803791 5.30408490325762156169203979112 1.89131506695799301097086374306
1293.49398155741744506202044685 2.72588027616192204914654781184 -2.02525611731353011374927860676
1294.11847437784835238610977798 2.18161464014099740428124144245 2.42958226750887036304301805186
1295.36536350535825025493217309 5.45653880217478979785571182986 4.22509219308495555925142650861
1296.80111099234729150219411387 9.11312802566601691254040540805 -0.230015275254542784322177848997
1298.25652706788952943234922218 4.86024347563523234290260862756 -4.64328628450189986691552365772
1299.40517125074397839831602346 3.33224643630833778918744542049 -2.71061422948399529594153841904
1300.49001898244763839347094334 2.78548346251175451499445506747 -1.28966962452135927131319632630
1301.49551668057505835635601837 2.46578156826640293731816381184 0.0661502589241399671858988143617
1302.34674237924691792051325318 1.78446507356007699867057078787 2.24093910635876669882860013807
1303.27320022879414346915600753 0.0118490616755060670316502822042 6.11192316329686957493568214056
1305.40167218800438466301231565 4.85253509134269974306791955141 -7.04841128060997660481005022540
1306.50839331296883697173372083 2.92748552090977583674255533279 -2.89285202364716485793805112695
1307.26724210780242709778415133 3.99208513112329594081072804528 1.39849426118671155374653233844
1308.98819651764338724210833508 1.03858193353973012244706264296 -2.11904953690850920259957388787
1309.42153249325596667381081181 1.48866953132126523673609624198 1.76330884427675535450730593975
1311.05657051111189666393233577 3.94106273321773255389280521152 -1.45819061779219416201185271579
1311.96694060804935486881097125 3.43354982343362594804678359206 1.27691050780633240434575194429
1313.03159936901966455244294615 3.78106107995045799727027341907 2.89851387400334931604913667179
1314.05256565172616619337346662 4.02739679724649330833211085245 7.32882641706490743472563267345
1316.21211260285404978029035368 0.0659410212360373387906993514553 -6.22396868668636460682449639962
1317.07298603482995500100838927 2.60183438094617962652000429634 -2.27866284863034470525459837349
1318.17127913216505254858033713 2.08346646541036993961915326507 -1.17434301117662754074465315314
1318.94788059656633833639128104 2.03930866145024712188527503923 1.25681004861923715184861023067
1319.93108287753647305203528017 2.16082278926023446198931282933 3.90394905158424429525107639075
1321.62813855191241805746592566 4.42539067480659698779913179131 -1.52147916748305650878328781238
1322.25806712339115794519369843 2.26436182055066555938700112805 4.74697311572476591542404354051
1324.22497871884433091322919574 3.71080054581717350072680256271 -5.70555218123946026682668022818
1325.23762435898233535349746518 3.07832002641542773609584607068 -1.93826501655151560084438766380
1325.98196963044628122304204462 3.50998118128258068865917513934 2.33937164397124722629321451946
1327.63528110845744964035174073 4.08915718748152729091805969655 -3.41172536875161746731988308009
1329.04351799651860123981185242 0.153441682805663107180793497170 -0.607651201315609449985201061183
1329.20501878548363484761847414 0.113606700258439761439978062991 0.606986301951543889148009535891
1330.42993712045926318266079102 1.57130465650825305051088867039 4.69277088931621826228235964210
1331.82759138528521752354233076 8.50114110822196842270446219198 6.41491781996970111128938203273
1333.67352261028493327097587170 3.13395637873676887760240106620 -7.12500221816089212388836831749
1334.74732905168977653033947812 2.47748109209198153747771629932 -3.06912479458804950990149257116
1335.69497452600206658901528424 2.87074490869932376563221660359 -0.854402872854842987273672173662
1336.69018465338587105353524108 3.01984684635838486777486882858 0.566077528760917143803817824966
1337.68879180966994960314843996 3.25436017783561751274292392772 2.47605238792298051081248658435
1338.92316459867034982898196931 5.55988877262984937794736888640 2.91637840635375696339282672906
1340.42640045730017578973402244 4.53048548911684572948678757598 -1.94611403092209154541811524198
1341.16627225292638707193512837 3.74746796982131007521362785123 3.50408250814991264474211036323
1342.60850788377686132750037331 8.95498415125122326271307485679 0.227473969305767618703230722156
1344.15604400359579099820432948 3.43755761394310489505884352656 -5.17353532749071054774128828809
1345.47710626139871442740730106 0.208792913969937390099617648806 -1.12466233739974839928413729119
1345.73141325541840775900672218 0.551071496600182432776490236524 1.01152205684887760158188271772
1347.51947175089991110722673330 1.88955494468694675535298501140 -1.25188553169417574755645712468
1348.01723801873641009162403812 0.765659352566434545888251106409 2.09478267528533139752701790824
1349.08519401404765798073943801 0.544286071910396332535310922793 7.17539839611612723073947459686
1351.29620637409671800983768238 2.04332301941424975472115643287 -7.36099247094994349457972450241
1352.21046515917553837944865969 3.69413056839294497487023741765 -2.60286652738846969190309756320
1353.48333835826457655375617836 1.18516146838521653379366513227 -1.46680978671885174718268522162
1353.88678197169622768423604691 0.813522157181625820404475112686 1.90184517827357608608450731282
1355.68059532063649188685750844 4.08068865335872641812148566017 -2.28984983259376811083011210087
1356.60565570980795391967452197 3.73945172256588404768637364407 0.543591599062303447701105486951
1357.77174282857946407180141890 3.38538625828603767061558054031 0.518294021698619447210799041347
1358.46016039915902643735518917 0.613508841924280402561967212002 4.77648359803447669014418741591
1360.39314476219115231208975191 7.02007714639080739267178915178 -4.92872075907466573769828603762
1361.39307471363968169889076293 7.06586364214446283496222100429 -1.13561273474353375476616405147
1363.02232860328075683854273790 0.621361009704097230399801144959 -3.59461104953284710646629089509
1363.87919079713447243796469840 1.54205154088101090621192036835 -0.973140119728452028595963598141
1364.57658489675397264127974593 1.45939051439713071238170658049 1.23544888901937477949350987684
1365.49373355129524726543577403 0.789968149780963504474511048640 4.01377660194139455717815145273
1367.10409097000823087995515535 8.10775185127796934526725198723 1.51392607536648171692715602235
1368.33019330798589489487770209 8.18940385377656046593431451470 0.213997815464739887530197868288
1369.68694907734291660103374908 6.27418595506752073098291571505 -3.30354176512183513551214383014
1370.97352276778364404592166902 2.66805032045883294401800673276 -2.78647994193114849186587060062
1371.68655355282739112882953205 3.50234310811549287104898227237 1.54064821314283537151201892974
1373.20291456237338210329637027 3.78347161753243161743663324203 -2.20619087135408616482503754314
1374.15479865864064562651979378 3.59533222102644621138529277695 0.178498412712491789947962685944
1375.30239234474890215482055482 3.35728465008384099374132011513 0.335172293548586236234056512895
1376.16177999361935203876481202 2.36531517575523357859315776532 3.14221948998197330780576873491
1377.17763364210462632248192584 2.03244984051701139611375539689 8.26368864697766796007958530345
1379.68328302861292638577157816 -1.98693605806746120191403976632 -2.30356357752705086401444531185
1380.14857844169240306392815198 1.82881088673431620782441685445 -0.763207270734258505424638822614
1381.07397714920563487065655339 2.95747364012487485463134200253 0.758882961163612826812803287718
1382.34566297847367988774238944 3.61697224323846435538200890137 -0.131919077715243933249284215026
1383.29759100794647490331675783 3.36318926342346788463733738939 2.00588095709706858269909572760
1384.44441584776008297339562919 4.68548609279874028819379062412 3.10980687501916863344511589689
1385.66377701119268643887391387 7.23875158143494314767370336529 3.38968918501073778264217505329
1387.32664766348953060569725014 2.87176151070335803873878905568 -3.67466285857230252370728557822
1387.92145412711279702316850321 3.65733554952628624659785347351 2.66063539548440858343400971892
1389.56583179839393719500965546 5.06920303701475706733067518916 -3.99863157509796655872592386491
1390.70549028642766512151462317 3.52039503697372620174318792239 -2.42373112904134361331544885340
1391.85320044326975538452689070 2.17130932344640337404441516768 -1.36202010633860708081034061513
1392.64402778854864825583102564 1.95471091825312668837762482419 0.934141356037595772683102455858
1393.43340174079366502641747108 0.425424449740946277483029830388 3.67506406932629874591850502769
1394.88418467568035447902947557 7.76458007256471549721452905274 6.25909503502277673594297463528
1396.54416312368250177024763695 7.59099570291624084647455954792 -5.94781260606975780834255749774
1397.83462332138722427931535590 2.69870586089227337793022449891 -4.29757512090708665838617012013
1398.83767520138586523391078162 2.65139852629428735287660294057 -1.73448818436647191995164397423
1399.83947294120648146705398575 2.15125356904023180722925302791 -0.315262701585241586730026659341
1400.42694629739429826105142502 0.488351060490954237110763013205 2.97338167494980781166052546434
1402.56434725006599381719111124 0.809907626341243272191818332538 -2.27878971667763717513080101599
1402.97374764091920805049731876 1.43432213587135776080475766403 1.49227672892916089683509758375
1404.00629217052275712944072795 2.37643396679877563025521600752 5.37279363505505356182851597896
1405.66697505924687509225732525 9.96099773108483603612807007644 -1.97806749004841844509909870474
1407.08514277643648684120386155 4.02643646588149601041102984969 -4.98341618178401099902038582175
1408.13630749618955075476410922 3.54493973260447013161755195437 -2.39389619588286466162548610226
1409.32068107983895724971118285 2.01360277366131921996916943149 -1.55507860202025363634888762065
1410.02481072580222583308329943 2.09344226970848895774276788460 1.36608869027208477223839428508
1411.25705681570662386002423078 3.05153511039825012715493521893 1.23342558049091350917723855856
1411.96565346177300428449417742 -0.179989323451152254947383378548 4.92503997039298879690814950995
1413.84314878856885299879760364 10.8254374113905835513037207411 -3.76727058985487819273246715165
1415.58578479549535120899303854 -0.416893361815110646779481515117 -1.17010445796391487597005537584
1415.78158130328291008277203666 0.887040165268019682880185912155 0.744370667162555377674863992433
1417.10282293382261475562496433 5.29735308662449117852272897022 1.41204719904368391350654168759
1418.69696385245216567523305183 2.15248721874663620863665395408 -2.81086371032076252862689692746
1419.42248094599568646598903808 2.69209812071218126621446401104 0.711003452636533614069099003919
1420.41652632375113603437525093 3.23684702157670073277955860882 2.75807057495384484905011801341
1421.85056718704865391070680755 4.14322031313403069841621835692 -0.165444884797015046208899837654
1422.46131098750736649637944015 0.655235679669293804228625897489 5.22061928086872569015758777371
1424.46304566957902224679514276 6.89177850478927277813560470599 -7.69087363469462981898161381760
1425.87346924499659107928981776 0.162701306868736184400483642234 -3.45471395112529864132698414982
1426.64597968212003938019702486 1.71979287060669887526420423041 -0.889998311198033016576659984025
1427.36567110942668202896084194 1.80213794444678919058208095272 1.55436625531369204420436452908
1428.59230587597876870586094121 3.69603570306002949841116279126 2.14260106130684249967011959933
1429.65047727619154576489758343 4.34314444120500180167696982040 4.43301837256207551820652577139
1431.21831367275165842236257711 6.05131679988775179345462515117 -1.99033800872522301171303551198
1432.04974089331360072695586013 5.68152538116652363548314154280 3.61804696782718185962889529598
1433.82194073706516051313754043 2.34250219776928787673875818114 -4.63142974725850170043479440859
1434.58494216826012396606873583 3.94687652252734948488953788887 -0.129008927723291448589583665025
1435.69290738341927738395291581 5.25083423188066247832764435521 0.527694375535688073159851399726
1437.22672162380124868446335015 2.01588213686143610385716899855 -2.67020259122215649588710316848
1438.00628484172240151835247317 2.36256263631911038247637086817 0.236641735051920153345462021450
1438.94955274688279897617881345 2.00071614201687910300579375644 1.61399057577164111736937532448
1439.62279307816398397397481870 -1.91251418858426714062849278705 4.27793144881852729293661624518
1441.96098750486183618053903071 2.97348575773000088649939450116 -8.15933255748476835162371746521
1442.91105958089685886787932396 3.98835493943140358415895360816 -3.10901939414188040098273151964
1444.04193070636656224306610516 3.11152696141798480997908368463 -2.10491802079572889164256892578
1445.07227845920104574406675691 2.62086636375974578883119720051 -0.681882154727287178993110879217
1445.83008477971002078335623711 2.23505880419648564086137317712 2.42664222589779591869249923018
1447.22622709997579439221593495 5.30002220303999503167860668687 0.916469910666629346085053325418
1448.32385351572545351768440307 5.34126903911377632096949808954 1.81356954753438445873520970301
1449.48877128073125790287121753 6.45179802109006158694596362960 1.99536054225976207394002830334
1450.77356185829733008990675695 7.06282284410008847582771952797 -0.382334565749620550853479203594
1451.83529799939338326424639501 7.95359395337631149329861790462 1.59859049630048347550046887163
1453.73759675710222625460874834 -0.683408120357274101601406686107 -2.50127802343830539926440061145
1454.22601126022627961802963747 1.90114935313133569093327541024 -0.0483506224068175404660021585777
1455.31209123981966835506172825 2.60204066714464445034109342671 0.418480317268325660848098288578
1456.16779760838725555804706686 2.03601673981989395461938786238 2.97878541628913029003494716545
1457.53900166841123043985285371 5.08756676761924669592276466246 2.02568633190631268833459601193
1458.39377736868724889735318505 2.93458188616075078479352635082 7.38519063178181078657027396885
1460.68827053541910388641749038 -1.36963759488423638368116038861 -3.80828429477637050330606467184
1461.24544334515995592993818394 2.56131276561733660509430060787 -0.771188275113956627279251549131
1462.26612326578725953755051370 3.45666050080991841386012232944 0.235517285595504403854850711272
1463.28689119042754126305097994 4.24763211729814409026811216578 1.93736901084280829866336082198
1464.69690329787640996236145723 4.93264113930928066183727469905 -1.38379223000512305503351586470
1465.88955761408526815905737124 2.64818369527572204049138956140 -1.06709736682701727566975643944
1466.50562110788772336892329304 1.46122401584478159410741857445 2.72759274693893538890781054958
1467.70398958607101340182698264 4.59314978102028032393116137577 6.46556055114871081843862908852
1469.34764987826964579929109620 10.0597259822741957550116301414 -4.10759456930449264497030673324
1470.96658912716496720042374306 -0.249424812520647912829080289868 -2.72953534912472769028764504174
1471.38876452710659451556852414 2.29342706994190297301778632766 0.780401891604211557411950295172
1473.02013232418571114372315442 1.34189275903164733024408931244 -2.00639414541017501485257125761
1473.74564918574653347408735496 1.30904836860953001710244753810 0.238948022669296891997710165165
1474.20322156569887878562705247 -0.993364615615238798937152583627 1.80687696671410827398036608021
1476.09212703824092070257003137 9.71907836238862487529008301620 0.580243957903705493400881054074
1477.43519114750011740500471172 6.33232678958680038978953424802 -3.17815199502823123733211941893
1478.44139597341294858500826165 6.20019879335915466403039698411 -0.439536590853525329291849793676
1479.75991870649007767539563264 4.63406772717676857181102529456 -2.71276408513675249438049362534
1480.76687901798225767954340936 4.58022059095913617061629997256 -0.636474785406330807655148943689
1481.96468420980230957573081675 4.13017513280166518067099955162 -1.13503915195189892375914310315
1483.03295995807148065036194545 3.72925476451648623095063801689 -0.167639291081104555437250700371
1484.14358088175540777491654195 2.92687818046667559072177164309 0.182475654730842845296142680819
1484.81788323120372657663466749 0.790507405634275192993561959274 3.71882604774775685623511234053
1486.17134902755713992837231048 7.52681388186333101883079463121 7.81481696439054247034863146482
1488.11633797622827052702722149 1.58958522476445368523798769743 -7.83412555308734093949276829658
1489.25246694643012307202772965 0.639375558845811679526379215550 -2.66185142067693238535389768787
1489.97089220467888575873426005 1.79562779617152928683917808619 -0.285699957637375660153418041465
1490.67069381460326561071751214 1.31787483507671747535681256958 2.40919417967181042387116610004
1492.18009054401641144862223390 5.42156076341921508496682987707 0.456110223653053602445504262068
1493.33083542127021776064729239 4.48424236082709003745181428924 0.350247160337831723671207736314
1494.15536861368880374265417146 3.29646571589243855347387086986 4.74847206050245613025712499763
1495.76883297894173164026241324 8.19967164373406834330140252147 -2.61633309930198434518574760956
1497.06550557171006370765760819 3.55608501147337885169060818816 -3.09126917997248665304456615363
1497.74736093312115570256713453 4.23376420443415598083891195906 2.65376494634112893136489980746
1499.64082474661981972706287468 0.305420743598809899624357642653 -3.40604096097744759056044879709
1500.35195151660316487726646497 1.91339469600565276527520038985 -0.563910577241133784960226714171
1501.11932492213158675526713210 1.85491064840692342574612006187 1.74188607901603991868475348453
1502.34606329239906292465313162 3.23173164411109693963134075311 1.92168856953503200860492883650
1503.09093312668049336949866125 -0.404136715779218079503303719128 5.98919844754688256759056688516
1505.26152965467191092665410428 3.23255200341514160158475747736 -7.53697825372611821586675681316
1506.15298613811317931453248174 4.76952964096665620455877226887 -2.40029236046313952118584367640
1507.40750516383032228023752546 2.66736412269808907490758853686 -2.54509869862691311871578332119
1508.25303102954227530530018185 3.10480786798857310178289547074 0.194843447554908932861661806203
1509.28041936322324329015929342 3.66207613353420607455647832596 1.49941196465348443672943097375
1510.39179744647353803831146237 4.93523432137500795762143138331 2.59443526413636216591491643676
1511.92300545900211118846000733 3.28605535708218576000223838225 -2.11569539166121088009068408190
1512.58976470545812780279843580 2.62596173337722835758658150986 2.40486904255470095262529010798
1513.58976553991867758675607951 3.23198666540919153418821141668 7.05196514170617095408057637566
1515.70834358687392989733927250 0.253541615266752463882147289231 -5.86857609911092530799715337545
1516.43598971875845500548108020 3.66257120099462800960596159513 -1.47121214407985723250411330717
1517.71980625413018678513647583 2.00176345763807668125586767328 -1.91137462948474576662043219709
1518.41479148725369107049335143 2.36313147972595302784332970213 1.20779412349023890376835726779
1519.74100949390682086283023179 2.58555208790882194797312396302 -0.0647818185602399981377646607109
1520.27362222035615427004130795 -0.274583010948767881492589091210 3.25729930511216998968239548216
1521.90190906546091139542783930 10.3851970696965384766140748231 3.52712982637170922072993448814
1523.48604714925888013659455050 5.12519067072537039384199328578 -6.19652430339948469585834812207
1524.72489216062218698984160091 1.15121889638881231144991675082 -2.50211902766280629276183704591
1525.22783723379180007145071930 2.17718008518289553771455901623 1.55748033754555021163022650693
1526.55231191038745683334307168 5.84445307145798358153289424793 0.735855144432502635632046199630
1528.04093042929757215972053533 2.66987389204691554149156524817 -2.87244328216936238548786268259
1529.03445672870131062798713852 1.27206818825906891165433903970 -0.552350997390380414012617213437
1529.36997536519452416559702992 -0.392003819036992899914151030858 1.60623547065136321673717147767
1531.02074297022232257586675129 7.72552619227630228094959100761 3.41348239020733393633496472477
1532.22232693939206952877287341 10.0237706945893725175027414097 2.61902448704961976657800996154
1533.88697791320159209668297989 2.75661787527352176724555021637 -6.65793107506737941457118750859
1535.04227747120666458529116779 0.979778266953733840564761782554 -2.61739165303097316764702859104
1535.76950239524820432771860525 2.01860519939450754996642417131 -0.142351482185918057165626423435
1536.62070182402987189828046906 2.03348608555276692269376663602 1.82250356543865548476570100699
1537.65106216794492246475431056 2.68317100784556745244356420204 4.56003532127300357639551440817
1539.30285485558322942784600581 5.30087709042077907740220162787 -2.01010073836608916547451655309
1540.03027013950636897372326930 4.24827981169775356649826653684 4.18777649149060816979412216727
1541.74224876278900349358659462 4.24340825693129305389521390322 -4.28295378745525914502473841356
1542.49652292276627960476880844 5.34534432824099400274114892918 1.51486410856004554104234512097
1544.11867005452028989536762000 2.10242976190464386021934771085 -3.63348697100479980095448968877
1544.83460822751948011020293624 3.46392484351356763681904541658 0.434865244229624083183160035831
1546.09119778631329788614480188 4.02535892036611817738995715712 -0.784216718522492328694281755626
1547.29758112140690136800041526 2.00189415368542737178447761565 -0.781044260769018240128295128875
1547.80656380185756781233225934 0.466935673640790008311375740019 2.27353318452729179984263583985
1548.87134817872537288392795167 -0.0577298151695373851990216472831 8.11448458534699865462040347494
1551.27384532640452656795709729 -1.79643473187344120936471627375 -5.30704017856067333133604906451
1552.00687283767006939682530056 1.94215255260431349497920693458 -1.90138394093780850805179912944
1552.73610532980385513025502992 2.95624760257896642150993384388 1.10562051589590452145312212795
1554.15651910965777778880609980 3.19734192008019861197439138674 -1.40493409149971350190225707867
1554.92128516499186974880205819 2.89178949628841615681735070722 2.06555773110754830654375989560
1556.16298749755275234574461445 5.19368352786753928121557497264 1.83657755417834040421150044372
1557.39450701769049098783215133 5.47245006519064406003275787304 0.477929882961053828993239969305
1558.33915285235196278638583499 5.28783821763883060899120021277 3.81265552129533122150210759303
1559.78115439071023525525928889 7.83804157302787073909318915933 -1.66472810179129882992862372646
1560.87647577780945213994114051 7.74933624690454913099388094359 -0.683032965965870787559722355283
1562.41015318019443968053605505 1.84306076281471531590648369711 -4.42215287018185261405440623311
1563.38540095849553726791837144 1.80327010717677928627427888830 -1.59521613588483739169934327437
1564.17794046043167482058990006 1.89370061947705648737069693503 0.445642080184453583419331301729
1564.91578826226013593022597588 0.707408017900438645410806352590 2.97289140612322036096184751510
1566.26641560155151673719578952 5.60443908387640975996932210017 5.24524746964752464786689390419
1567.62345071721810545666972196 10.0176115933224457285464496451 1.50534926947478044136088073862
1569.02247780437407452856095638 7.47715203698109538726708855942 -4.79776275613126557458355241693
1570.50927786692083775015370202 0.0991547467889541990249382399832 -2.62639765272818019430242788359
1571.04538148553818505693590241 1.91117000412120452973188447617 0.246940614847692577346746059786
1571.84535208804533836538518768 1.84880289850081453493261958842 3.31007345626126248713533358632
1573.80656333027140383471293711 0.892097432968575871731506850169 -2.38328971560494402892453515052
1574.23091542986377775537369478 1.65305318656364325004184265873 1.56176079441934389492424505172
1575.63815495201655170440131917 3.19313061557826898987815450390 0.0374917430106717825938999027581
1576.16135236342437756132748931 -0.569099883101578139278808908247 4.11941780683643306557713785750
1578.11882694578278607464076144 9.67895596800614903306187093452 -6.04577402012901159580934147015
1579.51405506774067724800244110 1.47648632710575763269977493088 -4.79594019504112707465473893368
1580.37208162547154937507056404 2.81698787487345859776658391713 -1.54559459467381111885607209609
1581.36355177300182039300067172 2.95102169240571702718588495567 -0.297814150592949908732701183786
1582.32948694414717625656925072 3.01800517151329583075278377589 1.17384446141198398281845736009
1583.39469343542174843318433771 3.25539746811268796444757337368 2.07611018501009962539664659202
1584.23484806637621051787171901 1.17354213819273319041138324130 6.29180606061009963067006103487
1586.29321075033777606559930595 2.46123870911907273338867274174 -5.71331089671878542397883541384
1587.00434210704114982909481185 4.63809885084932548727352527687 0.0498558000393338105908425217770
1588.16340402890479014803112151 5.83599964563478618619822079173 -0.313559278447313343847013491975
1589.35794594955772777603093174 5.94570735254179098527432617133 -1.30889113619910482538256076831
1590.83590432139410477130642608 0.914750399139519933319251604904 -2.12535070410371122417828707715
1591.29388437357235623140626518 1.63232878761327673112795800401 1.40285283346663557742371670481
1592.63716703923491847343635073 3.94443930446254185398600135268 0.532129371014594177481617073524
1593.58480818886192633547088381 3.24619092296996765521403033816 2.48226379372485595300807668699
1594.44268965569052396191261583 1.09427863178381236098493917352 7.18915366879120671907762791089
1596.48449240965467524669892108 4.60917876290975576472024172332 -8.86729870676028232202841987989
1597.71589594442312864633688150 0.744507829023064066044407751761 -3.47336582826758472333178680290
1598.42079854967044974576222308 2.64564786631270465292690030300 -0.454589955792380543311545141236
1599.61934895046280691098130906 1.70377585208463878584595231909 -0.618295266956636796300463222084
1600.04804490340731111764076299 -0.0785484589328785619314844039749 2.22814528594018007226520055501
1601.91194622858219531904850985 5.18044062556228015937379326601 -2.28764128644067113053895454233
1602.81540479372660251753598195 4.17560747866806339018381561287 0.944973416177421183313993213835
1603.65520299612407966840428614 3.25933652839760170471987276217 5.51610245455706315368254693669
1605.52164664662334870433301091 3.51116369685624934368895044958 -5.39570840418729013524132558036
1606.29341812657422349851163557 5.12861221881366580172643504709 0.0436090629482370912830386499398
1607.55690521198287954060089561 5.51184429721720071874883281183 -2.02709359954437754634333079308
1608.83629530501001554821690170 2.86299424746783242639652577509 -2.70987070574077959529685569218
1610.00326419003794431047078720 0.611721046588894699572747104837 -0.699433500259150331669534459133
1610.25382316257448880756772546 -0.0230109729490673219893046969304 0.967622228721004744385096448238
1611.43714126955478041920185822 0.725409011192470846383389803676 6.20660404930738380259475908308
1613.07885545102742351352269447 12.5785168673297966880747743264 0.532689034739864829019562277048
1614.71062785216149173963742554 1.35135538622887948961940656481 -5.83068996439925541096396656148
1615.57460871897200875990137190 2.77778143879033138018758171406 -1.89510162348986449788818258592
1616.39839484158364417682912626 3.56294824039809466110348370655 0.936213001806329299356885797376
1617.73468484098520856099913022 3.64291395857530474369952271039 -1.16686874251002857639722336903
1618.53751783197754752832146063 3.37711152718679696693237697337 2.32671610591018974839437064997
1619.95250126112884905336087510 4.51229279410833205470069314865 -0.835113523686574179608601143100
1620.77431082138856241888470128 3.75322089099284023398177377835 3.01667763125228258353630306702
1622.09875169802296073455190818 6.19652527988282048717423392217 0.880709116470856035103573592336
1622.97776769947558004723446641 5.57301112281058868210163601649 6.24007266052020589515659429558
1625.02185665796278984985466343 -0.694715054231823889994144167464 -5.61833161397624638935241888808
1625.98702016362117224154975001 0.522964773947944367730790257281 -1.49029751483870050128686638329
1626.39991931163555192049435976 1.17174878503650319281297288574 1.11642701250646318091243422096
1627.75544127631574495515558487 3.64093239545743017158560892231 0.500944467097587983891156670102
1628.71531685676323019198485979 3.20972037056890889165080653776 2.24872168797981743024348558243
1629.65866895494776146274903642 2.73314153747311403568937272298 5.81108398210832376273213069662
1631.19481455151575298285817143 11.1920450213826503985384938979 0.0364215223998527846681130569960
1632.79818357070881696555304380 1.26978667796004148340820067843 -4.80160763759088735567395070328
1633.51251688973726315808453350 3.47016562358601898779151866398 -0.548121591894286666327050362206
1634.51682266206708070642422181 4.44682334836649428029669480496 0.866761137930145530278627179493
1635.71836632621379952557852577 5.62143343155986432498835928118 -0.0402077432422842168146163332044
1637.08919017337094587638890248 2.95199685541219041948441403319 -2.37781012368878173596095468678
1637.99464358601275233201580361 2.24303016855188813771568501829 -0.123582429406137165935553023036
1638.59965830421388269639694287 0.485431779792355118975162366340 2.87523688192146055626158944204
1639.82123572983019552137552343 3.87984765558921637531057589589 8.59217395310283331205300678534
1641.89981900850457703943007134 0.435627761814654678975072587272 -5.77603396500988973352714049893
1642.48977982237807305734530682 4.63696712480322839171442284500 0.0196550679425478946870751451866
1644.15206595973767919672704320 0.220841985350463220125229902726 -2.44747262733782155682551427744
1644.71374577466788287616437079 1.75526100420465801624642053752 0.171279429643453279633862777254
1645.57376036276607858248662501 1.88036676445019062452003039498 2.11778762159604619865025792377
1646.62486659317889076582065379 2.83661985079908445682099573101 5.06023263380773988927180501608
1648.27059822253169780758265664 6.13012084603408476691474901645 -2.45670036365033689088059918297
1649.11853540924012329228631702 5.68473626940370249045981304641 2.39667404754537290141834229423
1650.41698898304838114998408883 7.92347933391952795362534880281 -0.602929875842622576610388165211
1651.73269334139598103699806797 4.98642664199319634101507374763 -3.40737322296421613876482540539
1652.67106589960120708231896377 5.47967178482607818753470418273 -0.396085443147891565145748847026
1654.20589675937116694308231996 0.889596697251953431329551493190 -2.33765155128542420880090100000
1654.72665239332178638175218597 1.89060525537805441558812204709 0.992084695412607644810316414017
1655.82277567677176731820688453 3.35142011978669135944483519041 2.14829014569328405397047265723
1657.11423639976308235370685043 3.11239906010685187809486239842 0.349910748087096075303381730654
1657.56710117932144111289604114 -1.69523688214215266754299433580 3.79234234258565511699456770562
1660.01998033799894542446898120 -0.952377455077248222863288746265 -7.00995821448253083360340832099
1660.86005683330081030149592428 2.11780203054251530104597264483 -2.70621549986400619921456403176
1661.83689288409668830472336150 1.81379907846736675669509660247 -0.965914999004647289234265497949
1662.37720254928008346724808874 1.07079378148006721030037110661 2.36309883715232238719457241278
1664.05726541811003061726108389 4.47504444786923400343075474886 -1.88828493075395178295842785076
1664.96800448636508380697455842 3.76970468362230059687730476787 0.770466106763959130761891661077
1665.87764041448621233096135239 3.61377123856385610878288384199 3.76081613941434765481853809933
1667.24112505171127713938687829 7.51923763482317777012869277651 1.07780216273812649564474782448
1668.36822932740186265218985592 8.04564475141421619121729734682 1.12199370398357329041179935351
1669.66972845239920915001780064 7.80612829918057264994403972138 -2.87075998226732808963193079267
1671.04718243330318197926395704 2.37864713328458143851207319891 -4.20418698557997861734899368694
1671.98425933372627394243666561 2.59732560769451693410662297152 -1.52342677477832094702445447566
1672.96337083078105659775826402 2.22016660438139782152419853898 -0.273647716792473673123265416669
1673.68744533390525051107403954 1.40859013222915212581087899620 2.17976880236690291975402289280
1674.64846209700975479613742403 0.693066496429049732195576894841 5.95581740135866717497791597832
1676.36248632395047521675574866 10.8553715085247913868376881746 -2.09582826781973617121203107773
1677.69122714152650361862363131 4.96547819781616483634036312424 -4.72796406317658749666564540798
1678.63036809106365039349343079 5.42115687130598711008648928833 -1.34429401198922284926983698293
1680.07794671680949443983499447 0.942028570276249558177594300195 -2.08379253053471175331500598450
1680.50477011284705208056735624 1.53722256286540118853897152387 1.59119487391899280351148805998
1681.81232017426601336062716652 5.47069618915908290269989179252 1.63286230526456259491466521190
1683.27328926066677047046829845 3.14458590826096685871087406177 -2.39994008808865320986140013239
1684.17165683706429157902855197 1.83139853670185895570805554687 -0.0396312713688219729778374095256
1684.55886325253724186138158114 -1.10567224172663446617145310904 2.19472183977527166466416230427
1686.42112194783819759327693783 13.1029652063168314044525875775 -0.363736387673904372390851075523
1688.08014269317658843674035323 0.254181028377663269024889915442 -5.61932510458453674066389819636
1688.93386850978462405656211199 2.04973272894541112498589789964 -1.99454821780918285851408989165
1689.70315425617978886581939398 2.89165579586852040860615592812 0.640767642650748964954114479537
1691.05155991689307594459340951 1.98275705603947991492044130871 -0.867406249465772441984593835921
1691.51519289203515229918716060 0.340972482070726720832890624945 2.44272090937984248692342326076
1693.05302093019714686715289938 6.47141340606481776218697344341 1.79720410269825689721008633378
1694.01756465260785686683146350 6.44840771821619020137473680026 5.58027710155590888380558805687
1695.83255447418726551308807826 2.00780962592779011703869906173 -5.56908898335637428325836892355
1696.65499743978565634897219997 3.07758590178641188942615970256 -1.24825282744869473471993904390
1697.34251428656400934929460443 3.00671949646703186806148384671 3.29861565827269352039108704022
1699.22954718764301879287235203 1.03149714925882552046067612270 -3.86458924379215162924480146457
1699.96681726686385856438838307 2.40227251546410972171386654029 -0.569652021895758757888998708222
1700.82030324500623873343928871 2.48715386533769012979221698371 1.41971654894371492598954129271
1701.82555099704741723355391923 2.92247000861721365425190277048 3.29299073880374281674178512789
1702.92324976449051939932411535 4.65377719121965286222736974539 6.01041196457816777933833964479
1704.29141242667976028134375124 12.1208208815014630620693269545 2.72156712546224997642589614273
1706.25603243156037705548752039 -1.33876568026570204049891566006 -2.08309074660294204379235411913
1706.61566503502601247010519482 1.96543422942437904727712132221 -0.0160369046076639308650074561745
1707.91231249332451493929458815 2.09478154959045725385674719626 -1.14512483479094656702211143387
1708.51211617840308825082682802 1.52091608908802305559687728403 2.17367474647169607524769397221
1709.78084229858048492340757271 5.11049190705911003987184685202 3.10316454287264294817747034336
1711.13760325859284127286073930 6.03526860517226640918871878975 -0.704075083246176098440064843059
1712.15539765432236884319051048 5.13086412948254425953388870740 0.890792087554124080373091676852
1713.05534172751310962870682903 5.04709529395570192664307990237 5.09476200207408922769360242600
1714.71714525549453038090707343 6.17123582017706123588604351939 -5.50653599300272796855041745400
1715.82528303982056783561920136 3.84520487756742752503675595619 -3.20583563259274308721034298399
1716.76998371739490274436158167 4.20046618269956940164722929288 -0.865844891710994408264469202990
1717.97448506615852815311625674 3.23750047938677445817568553862 -1.52701140423753729777791001316
1718.95415249858375199612148313 2.53796136761179842615842198654 -0.121250562098997894128847571023
1719.72446932183103511047689871 1.60582555655362734493884853105 2.16409601709902765132591234046
1720.49807094758653181045846908 -1.91288524720960669485529858362 5.54156749881949935555033572174
1722.84466173991564882598683499 0.200619179936376559691286340090 -6.76278844896762208407671617601
1723.53282263125987360100092336 4.27803642316472493559777190685 -1.47123315055207112513987321082
1724.73395873765822491176844729 3.42717203301547384607943812380 -2.15627227443581072725764337225
1725.63862801997383065335317997 3.57245630970935969652861621528 0.143136137363827259617266119361
1726.60570073988540446259742024 4.27160474193916862632439532694 2.14953302954930997911962475219
1728.16650676096542504057881031 2.02720308372325736049078322880 -1.98672970642277180678729092669
1728.64448648037198839694939193 1.46244214572261826963512926376 2.40174699607196256240478377604
1730.02387254477914442256786336 5.84613187550875504032131836639 1.75102970584791894992472397157
1731.01419376185718178307516421 6.13646674726547707658829961027 4.67124469263291787619102058499
1732.43016985925683654202866344 10.1432441888337949753393213925 -1.90808104776328231079572396647
1733.84082502143001340440310040 3.69190571431975415900771441340 -5.85426706484773790791490312483
1735.17546602110109833987809045 -0.0738881110789377387927560795389 -1.58753409664828891990064420804
1735.62471534287063232756369437 1.11779826656243028920175183794 0.299329242112002061705740965524
1736.30566273323798888738485838 0.201748176055712424376524062775 2.46962460501967238393937981402
1737.89388478692854828418361068 5.76022386026067012760631095265 0.966916530647091828666790202992
1738.78323758881605426149720160 4.71385843191138313244309184034 4.92769399165771546038755208840
1740.16911568014054858729399816 10.5235300808621543108305567892 0.552457384788212914452878192840
1741.77916780872725728936564666 1.12017037248411271682381135802 -4.63536410614967337136147598151
1742.46768072078201019898559281 3.34394840873126805752773538067 -0.432175988725818080399103424049
1743.42643685872162652150784110 4.42098314708142921466156549642 1.44714975858231174355487381726
1744.72151193769978977671600439 5.64702625753703127010636984757 -1.05781046825940960470251965867
1746.09749859563269498108889797 1.47551128488276896685322124266 -1.91709158593141560890428700984
1746.59545662712820557169766377 1.52684062414483230686119276805 1.65500696962454572316857972386
1747.78169552775241774795142660 3.44761972236840493713279582447 2.50970362172199720797058517524
1748.56398738108021682756547252 0.0109207367281601622730425368757 7.24227839562302286491224638586
1750.82281848983910049696971440 -0.528484825105388810672109879849 -6.92546986814626779202353525073
1751.61779494625111483681831017 2.71664650703109328709391730486 -2.49703578949493013637828699748
1752.51151114066593599336566735 3.56399997471058091124737213733 -0.421865256166501500316550320940
1753.66135524313953815192008665 3.49107887239223661818180659924 -0.757834255179432644717918724336
1754.76336987425287807445221038 1.89675886579477595404178526634 -0.336117088594717364400860544196
1755.16969406814268518272362670 -0.602232490026886074289308456784 2.34741148087460193606687298964
1757.04651846072310843276077056 7.23437389507147857398106122302 -2.41773328108573830436606356463
1757.98407703281817999145268206 6.55547409217163813550878266620 1.17978005979778112570871161175
1759.24008564668189495716285746 6.52379570397274825793706558416 -1.45045257882301990607729973865
1760.21516624276232418510782943 7.12717301411375911226867624798 1.26390017336010453029097415036
1761.85489993872807038009223835 1.04640824850444358854969482318 -3.82089127672206611914850460061
1762.49768887066062163055422783 3.09323447285110304847752792672 0.0822694353137746021199715232896
1763.71912149628704726366652940 3.10102271357022130325474920359 -0.872935430412528719873180729615
1764.59147684909195835474575806 2.60965454558517475213933183902 1.12872117717377174997303794843
1765.40049399178383572780890165 1.29233738213767075604670648392 4.15402983838443260152335437387
1766.67624359947787354520107104 7.06877494861867397500184998587 7.48582116245532981301664900957
1768.29597113634138119862217537 9.58489052394598158602019938904 -6.72103184278737828278223946328
1769.94095205163583833438923224 -0.812003918148457068541169281474 -1.35989165217854786780907909400
1770.24367731219734819261713940 1.26341124546032194053513880298 0.228182591287163424308774604069
1771.21294498354652672593530129 2.69411052268267807739348126773 1.78955208691910101865815680893
1772.32800036359135930765616966 4.72931724535069566743563735105 3.11492206714070833879294617373
1773.89491551070346181187951844 3.22589697505655290999137028016 -2.69915429285865208379593614405
1774.66043099002359010767694999 2.80254776962182243599921638855 0.820641336681873061581007262603
1775.34198757374729102690567237 0.323528001799731500204569507972 4.77929118822223865442386091767
1777.25586022405798706298549615 5.55872364157075201129803493381 -5.24683734584160535175694304665
1778.04173476224929811655787390 6.64291319637817503229976856364 1.11878743748228584663177409613
1779.55227080917896160680931448 3.47918649173916379629496151792 -4.92388654979100849671173685030
1780.66522849299865723279802443 1.58119680351919886952957323316 -2.24059896995021542797789591210
1781.35563772281956297196650524 2.28490548229281400479808768133 0.549352601144414978567383920392
1782.43906732002018145175201386 2.48621619473060903769748924872 0.818875960490239252536197703942
1783.08482951994648471147971620 -0.250829664879082193169937236289 3.83417693653310225511118858693
1784.60794639661266486885045768 10.4240426461957117059149555111 5.37316649515764101152642290122
1786.34220117934252882132582922 1.73473557284323606565137252174 -5.82518308299712532953745744231
1787.04927308681626639025660336 4.41430202482075675070211671157 -0.610066090508465224880476073051
1788.21512347963282324764309435 4.63793216298373540896147148461 -1.38258324346267755036211079124
1789.24217996368472014086351056 4.69778793621011658140189890300 -0.236348198345435056270294421685
1790.44956236978354046551949331 3.68299139206250271073769107608 -1.22354129755679206519678955079
1791.25440981879545014914777897 3.52202482385751525412027592074 2.14062223234889550593010527716
1792.61610273519818273594627788 4.45496384513556395101594342657 -0.724560293270177140023703598796
1793.52539065240951482206323202 3.27117746209639341643663589318 1.42134236278805992619586802208
1794.17848200725559119875074212 -0.782842400417719459825806966603 5.79304139778897958620652676277
1796.46514053743081375111425537 -0.365017186754329759314401145877 -7.58415863063448015456217446650
1797.37633567113676985569107520 1.61764967121827623748542681116 -2.84727922010232611993752262590
1798.14706745807574692682276353 2.80187685490432517808405911328 -0.259442441996772162580853081762
1799.23164720973740040006461418 2.90792996254546804245504887522 -0.0536264809258763321974097251678
1800.02472401973915456811822715 2.31445491481509163400501754148 2.79830987232136126311192245687
1801.30963694528799213107664614 5.36441401647550933690301339111 2.18193327513397728318664223237
1802.30128349145056985883596387 5.70400137636853434592567017669 5.02502821396320822369423359688
1803.79684381336595772524292277 8.17732406637191481130304763288 -3.15442081683180501918753887117
1804.90416097481201544791025098 6.46953078778072663379686593710 -2.43753117312926260152264623766
1806.28966701949778163501097457 0.842831998434254773635693303678 -1.83508113476179860280693645851
1806.57839175096392558104889006 0.799974045306840467293748576696 1.96446219711744259394606301536
1808.71443186547489035650788326 -0.309307808923445724010098641464 -2.03884922150369773629481417430
1809.11927378828733309564676742 1.51274967160851331496442591739 0.425199046825428735285784996622
1810.10889298798580454681504217 2.17812160905760716883077001443 1.53369580681315735341310515356
1810.87371915885471565348264888 -0.0859087755354371334010175133682 4.64172111721510289879148349687
1812.42007700210551902684657368 11.5999814701930016332889073027 4.25432797746859741670769812520
1814.02414034761551342361719560 4.06686180523241272910174731075 -7.09611358708042370726766108231
1814.97308236349584902590555963 4.49900101658876031466412980436 -3.05812217480603660505904915272
1816.33861121967463728787766726 0.437506569772829590015134153514 -1.73782918785922842274630183199
1816.75802336535085318443486485 1.27529029433744952534678304879 0.927998009467035091884782111019
1817.71060856334247264776360854 2.00169536459826510152005336407 3.66942964590490781750848740001
1819.26033409948825056402222509 5.85459086988165211454864470800 -1.05827077432880480476880266829
1820.18788218681121918360083654 5.14206659430503250265882053027 1.78333135085307678057101532305
1821.30570836520390906031567356 6.36765148043805322226971274058 2.01782628885886803374601827713
1822.42767144030258692880785339 8.03224460951719641063210763471 2.20440713374873081137259145838
1823.76626589577328795629619611 8.25060838387977544380516561644 -3.35053826796407310194053489668
1825.21367689301338335373307183 0.835971642619842171200079291351 -3.69710919299214682672424533891
1825.91568361492840936547664432 2.53528519755339208774708810581 -0.507695613435551739914268221297
1826.79545527149265555755867375 3.08231264168865948856203266540 1.48449747734023906819630587247
1828.21127049997314193393405490 1.96506806319637986172625710159 -0.890332119430534081022435296001
1828.62109175803114072757301560 0.0398980623421287432639207141900 2.32742997854661507227001934084
1829.83252970993970204580901332 3.04486547400418494437936199469 9.43207145677579616369463818119
1831.93637990181521081425771821 0.0121144549890741295472523822332 -7.61657050197455556566078708288
1832.98494024373155424765381005 0.251668613846889652629352739187 -1.48741491003047074859148697789
1833.27323903273032152086105308 0.932934979999134336150878506052 1.22577352363061054559729328985
1834.72155974860849902612726260 5.31710870627657288620701705917 -0.259597325160200726209570516571
1835.88375443769254856706162811 4.40911142524173170837329121880 -0.921954873806114284923005456635
1836.82767251595748964081538372 4.29373578173530482658670016551 1.12310736772876148354976216645
1838.08694330564455343601280754 3.26627518004452867117282648230 -0.586956661760156542167140544128
1838.64028870765074107079964477 0.708283170777101027608441257165 3.93329641816879875775343130816
1840.19556347335736310672749714 10.2744308515097534492222324803 1.21561826551966812799779459766
1841.47858257064339425708222663 8.88812177615696952070145794081 -3.59625623104198372937099632892
1842.87595527866722144572671544 1.77956059875148424501876820675 -4.74513326288113237882806787490
1843.77105774306912045656105669 2.50036158045555924411321614742 -1.75928873705940753809515499184
1844.75904365009588892706881275 2.01088650162374613868671346681 -0.574762136407239256576313057034
1845.41753414642452918483594587 1.27804756177872053713173650156 1.95706737487426517237540309952
1846.35325342051641660218940402 0.545869629144107583641604441220 5.68723748341042782456741075167
1848.33098062238373143341537245 2.23974829719707097649397077694 -3.51621286682381367907176142818
1848.72276091089086640439083423 2.14466324594220078849103152614 3.52705032492078826566834139435
1850.60118404765146365987944188 2.29594554049670180394734559164 -5.46768076177354445647010182459
1851.40036199458977920391437085 3.73921098747400131599237434810 -1.17125567194814184828353171284
1852.34220473338627723630251131 4.45584651497012609664034612663 0.720651363470702748304900988962
1853.51934292098950377793786112 5.48156545040264564343497919698 -0.247104370568390133554183435325
1854.85563211598672777001934500 2.54429214262875944275510327852 -2.15790753530003037759954570454
1855.59293493705546731787071727 2.40311938636072596747846285214 0.853683110295578691519744880167
1856.38917915352385446758373109 1.34935104653418608940267868561 3.66800581932355093549197617385
1857.49807481488018603013174571 3.52099114472093151951725660387 9.21261647681300123226617681057
1859.49527156879445997838504403 2.14662330485987952218329735633 -8.90862228064975435253695159315
1860.54138810933681348134676696 1.50013012357822404189966223228 -3.53236560455834453808878911127
1861.37967154723285346252834993 2.28709047902995579788722734970 -1.00200784404720632925758279568
1862.12146492894421488154690133 2.50056778214852645175106017421 1.77668526510708827554099671096
1863.42546484509648600656312539 4.32530324345438260072529416251 0.208605114607785880183882769912
1864.35398133574625137553128064 3.86516296161223255890929325061 2.35368860428254052219303704553
1865.36743379405789010567829061 4.84623667666212147557133615118 5.02737169832228029311743318952
1866.83654701860819133992945734 8.49001540370926225215181898228 -2.05096801939221636470474887413
1868.08519099860922436600937847 3.80239892285635332880972424451 -2.89429473745699294047617222757
1868.70674568440811751967084944 3.89661469441914291928409454023 3.42527720437851225030097755309
1870.42147176831079015170899115 3.25332000853418628614276973643 -5.30249890314520436747280212912
1871.41604309840714532601977639 2.64476673335735285958941121887 -2.28051272953640097124352249863
1872.44156642819271758850882662 1.45500715023051095411090076113 -0.778157326120751293426954124498
1872.86566763796768000989191665 0.249671982400004586202305051266 1.93356501784847398379346247807
1874.50836141266013533841859313 3.24684077010411019870060523894 -0.312280074240192057779648605373
1874.91377401003954146858800848 -1.24345988533196201141389533125 3.75447925603660836925334674273
1877.09506416733977461243961647 3.46805316102858852931222975175 -8.49977959393412935975156465260
1878.02225148275347109890181468 4.20998682684220142475649479875 -3.43393821488965327382287201248
1879.15330309046132857173681468 2.57431932480057716577652672175 -2.47806768592113288916647417974
1880.08232541899437976330118718 2.03946202706032411232322485835 -0.570833295774577944278271762954
1880.61176647965686741416814596 0.589675911488978682527420624190 2.74805021020414192520150984631
1882.32197479738468405781189095 5.66915486012972325682736780847 -2.22975856485325371167702049723
1883.40872426951836603071816583 3.07443856646647834614767583272 -1.05934528001501588957867082469
1884.00577834966714235678843837 1.62638748936117292560923212027 3.25345207002613022825911950876
1885.19807513025812287600711124 6.35637582229852272313311442938 7.21579306845646328223996211339
1887.05389480689012423246848165 1.77981554467478650017832487421 -6.48507399062170234197162618914
1887.80884141683212952716247485 4.44424951607596583024423259210 -1.44752605317818468110634203131
1888.93818263657945499954985084 4.44834411369066491255593558754 -1.85488287945393246441477358319
1890.34812861424454559739640094 0.318153849782195144763496676052 -1.04865901551504805548708446433
1890.61212858793326093081362914 0.459863491459778630960864261264 0.931168813264004916383506769834
1891.67851053972878785125110067 1.53476435748941247899761176100 4.07644773907609648374728150448
1892.86770133579111534110017064 5.48331942432142341692293105777 7.80820454124425082741301450893
1894.55853757242968718731084049 7.42593100159580129371428604866 -6.59024715300375232480448611592
1895.69715565358456329658949560 3.56688211861571559558665126248 -3.93581664897298430944651961833
1896.58549434716890117528902317 3.95145003052853443437521894553 -0.921092193622444837072170952401
1897.51369285971197409395138210 4.70927380205974182745832869599 1.26533474758558480750815511461
1898.82937281867948210981606360 4.97228535374706921174586185144 -1.83019414028957529568480318798
1900.00614482914399661055164481 2.32801863517615846567835626892 -1.49751134263237765275332519050
1900.57188427241483383161941351 1.68841135881524808911881721159 2.38240040151615845630403386665
1901.89130575060006508056805637 5.14562865419073710523756603046 1.74715916027112698361482803138
1902.80505920668006298335391324 4.56464838125433844599994577606 5.28923508755028196427135383346
1904.08932532335174208897918538 11.7195480523698166450671026856 4.03435869054174935416273558014
1906.10275619818195650204662985 -1.87469032233142072338250917081 -2.18610223375155865132785831527
1906.59767800376621539360392342 1.42026941763515273275192929064 -0.875315133604766604857173334320
1907.33278012390992634603714183 2.05638523071033084689047976585 1.09308844796804721212805525925
1908.43306304505175222975346756 3.43914532862129089469628190487 1.81513289003219846368501063212
1909.46593002598238025395599641 4.23544295226858630716498930099 3.39060346165111881942792594627
1910.73365961589159647779500891 6.48849015975919798629894139334 1.26692363864270440603625868847
1911.70469094317215862832155437 6.74780380998351357655076123897 4.21578626981600602121762166162
1913.18248977588307681363987979 7.27396347213658235448746244975 -4.21513542288822685227405090275
1914.35230005167405267726945795 3.45700504885979842460577894369 -3.08532928265089950660073811446
1915.05462933334721857091584182 4.37547300458920612747352071792 1.87306490606843379893097042894
1916.60637183951935379041503790 2.73556502636341447327895734245 -3.39071912447744517401213879587
1917.34470404156634552291535365 3.67106880629954379416852744345 0.509086127021673375031895309846
1918.78649890985678898672134264 1.16567726274108655828731310905 -1.31363936050594133060008558010
1919.20777839780523826396952857 0.705806427082188582685921030282 1.35763900552045222165227282703
1919.93745737121720389659361572 -2.50448787486150146155379450192 3.86836514169409173253487358385
1922.10162562199370344218901036 7.27469586200930859996960661353 -9.27203303708155693311790737252
1923.28083793641744205752968581 2.11032901730308707638284798004 -4.57498667892758445700427463923
1924.05583110144084951951002425 3.89248304233706512207440137522 -0.850375159657358917856673096893
1925.23198797540652941198336327 3.35484292987472245462761154545 -1.57947289655078783946822779938
1926.21158307989407845836328470 2.53995695739218544376352178114 -0.261530967525837631878028542182
1926.82009279487157674461664759 0.919080892011345605245374340726 3.27185629344346303680239469652
1928.41751854951944785883422418 6.71582309315568498924727621777 -0.912317021424925694141451185797
1929.48756018057648998725913921 4.89894113438912531829931838526 -0.281575015754142108799171342207
1930.25838718038732579702653184 3.88387255666227310269734982092 4.66756960823903640501718332975
1931.76006943652461401137792948 8.77286668135532702023686066518 -2.54527897115220816241555970571
1932.87575454994691777883675090 7.56626187655136414295044777841 -2.64620972980860313558619653355
1934.41643636915190341641291941 -0.0957700807942105364119282956390 -2.54889455661123809603551164107
1934.90794343436569751001757081 1.95185675947183583322500058875 0.245497826150126243607889080955
1935.92484880374569484452689583 2.86019643161218849572532891171 1.05436042693249680983522334344
1936.87309381427890238671110221 2.93962971888055015544161929174 2.89477977158131857697883187094
1937.96863349801995771964771604 4.54330847039357751018850851893 4.49367252648535701767212537825
1939.05002915054412571681447364 7.33190535103583389343435625014 7.89446700569995037658133632964
1940.97732670585993599300231611 0.0704053055273531203688935608868 -6.68608383589989918047237974295
1941.82286221578023295089279467 2.13827033569187319838626840950 -2.39766756518842075807890988752
1942.63356869224615091457271998 2.64216136720980230915946277421 -0.0663585621351460274711143467749
1943.36794744925274910700673275 2.17222783669489352596320546156 3.46615413055675046096563534404
1945.15379630636795958425128519 2.41346270146951256570580139767 -3.50769518055185822279834856782
1945.92271694948332718631295419 2.58975545436308025092521972104 -0.0818233708226606847454173540114
1946.60994536187741031127988085 1.48361523479896221742498355248 3.22059461986201842745387544333
1947.91704773770360407991356560 6.52824912173538048873952648106 3.84023136586773282334623001977
1949.03003007360655073692982159 9.34878803458579002661521971522 4.87633582435767868171971853655
1950.74320155286315859842969262 1.85135850319650842342974973306 -6.47781112688879995623262075394
1951.53669587305491039838488257 4.25442944850189561701770422137 -1.93818802475474162556347213310
1952.85012921186575327611994846 1.22903033373557309364383377603 -2.16595895858204865319767825444
1953.44855632513577005282072556 1.94241811200424664549865112273 0.752588706628851401426088160337
1954.41858817521411679011221149 2.43788324004032256406516242703 2.17021117635176662010362917275
1955.31580928371838868603713705 1.59489836507083703722408221318 5.61096797195517493080192845664
1956.84816457821550855463660227 10.7126762518242562982279395766 0.396094758235918337930515613801
1958.31440355512035856496489429 2.43143202788375286641240322680 -4.05553823905113332750407744024
1958.85188346319481384647042661 3.81507486788277271396636571329 2.43320351866661528019509002688
1960.41884526938179676484812522 4.10498773328998411632172585906 -4.14221525822683266376249427854
1961.35927788001437950830018904 3.72641387205749216180106266274 -1.35561035219155332562539418697
1962.23357184857979807258039535 4.24204250770197072466303828553 1.22824086147514601441396535185
1963.62118457320206907943579409 3.06306161572132750562512576627 -1.92900124014680430914547223901
1964.35739093809559720978424382 2.79535565182775237463519673824 1.40197344583057141122756242133
1965.37782950510385703039431795 3.14503639841197609260659398716 2.51790461351371841253436570849
1966.11765857407452647416076735 -0.858552368544381945998443286702 7.09253613333274548520197602622
1968.47160201942044185281062252 -1.94148869153316591621275367189 -5.16015512123416724538713695902
1969.04761754652782861505475517 3.30215945916980012958423444538 -1.57208843139958121584790368274
1970.30500951703376140728622916 1.44502312610766515122093707669 -1.88328227613691938088440203092
1970.85554757994594430891500567 1.84551881439536071951697596681 1.38260292727781244564721785516
1971.97031280481138664025491902 3.92958922249661872232086879188 2.57665031715373784212520003823
1973.18266340593867969173104187 5.78773394347181131202284200727 1.39755764410798116936331493110
1974.34720191012008525870464045 5.06255818120585928743206635213 0.154871725445053129262569711426
1975.08061030226699355602765955 3.19891096561281485028361903613 5.75556002865749583168733096455
1977.17394369803987901837668418 -0.220925796084994192706434907495 -0.889311649425689449569959374707
1977.27144619974651074169663151 0.447699754469305452738500707814 0.774916520871928518665023147785
1978.80144816773152963153865088 7.74004522659752061224255474819 -1.66409283267716349143906472991
1980.37177228705133692713011923 -0.0416515345776481571572212436946 -2.56470352945429625327021545487
1980.91004309102423325504438073 1.75920612961691532299567946725 0.0108036118573965167660504318748
1981.74876889726348374031995500 1.89864914210591415532639095471 1.71585210894597434412527584526
1982.66327919527651402413393110 1.51428265005700073795222415363 4.48785251103463816741644770262
1983.92380462226065967109831811 7.32170417440662795474610980400 6.95939117081379174338152027163
1985.41654017452674022185557053 10.6707651031156855929679751319 -4.43583987360527090981648277867
1986.75710771641519797068435721 2.82154908874993526424774334623 -5.69152486276338913088213142115
1987.87347336072431737889026753 0.716233877736010946442683201543 -1.74958544463052611320840987183
1988.25187680735576602076475043 1.24822038578901135648448482847 1.47989316106408564510643748622
1989.70200270802161892646262321 4.13165295791904829380551480164 -0.678812555945358829624532835628
1990.47835252642699164673648917 3.50945725426558265805100100354 3.22780995776570338633717902738
1992.00170639352790271547735669 4.16070435991617331136579400063 -2.27845864053634896236053717737
1992.78498787515757278173655209 3.45481947585068652258738504787 1.40013080578538008013158171761
1993.57749313825998463942909025 1.97252219925853417306500046154 5.82665353735180174152379383184
1995.16873961188853774810673101 12.1217468546176223750638333610 -2.41924246722071936476290408746
1996.79617696618820690532336213 -0.664189787666136695626371176961 -3.81331290728946102773090751149
1997.39091405961144931191475288 2.42002630832710750233938034491 -0.788457940942547835822092931641
1998.27900692598482242216211133 3.32480436444654276726650331577 0.913234950897736510831969140543
1999.54576417626758890384329722 3.30732823254846185751444612043 -0.809980534936575320920170599908
2000.43451530243224677689433647 2.16784582691400338637833239523 0.767992961521619022924265227506
2000.92962068918455514409812594 -1.62693991237814394143208336823 3.09080128101784797613406068608
2002.89640837436174068818768300 10.5661381624983933546437682559 -5.38513681330639815717579343686
2004.13966923327013495865581943 3.86953121092141076333586814559 -5.01187107450270237784019108663
2005.07784812409875913062327331 3.61713373305279187912765321675 -1.86558604490769107876075142516
2005.90093488578571089924346719 4.25546405638115296507023493876 1.28171561423070818872742651270
2007.12518017030112589534090378 5.86506969415633250064024293451 -0.561970965666702583211685696351
2008.41824033026227167937357634 2.90820534522040940839141273371 -2.36336329618701097846342145224
2009.17663412294958983442897925 2.96799082248964850311322735669 0.828443140578164010017460734564
2010.15332476755932640844316331 3.22020829008413630372173979662 2.18933312921254296933275604225
2011.02070507365005757108411672 2.10618654354199302073120423716 6.07419096630394808815257370953
2012.53893547742174533235831914 11.8592608276103254173204531828 -0.00758985234300961961661879864476
2013.87209771399082626479887076 7.12274876205901289383421217476 -6.06003117789885305864616580514
2015.18672860870628290959218013 0.873597400858656063452818860387 -4.00914673855674539163569140516
2016.02963803237539352338410025 1.74094255656817415493825041946 -1.31466676771565066692243379032
2016.80007565584573253799264423 1.70373755243615813742234249416 0.474516846744981868380741340194
2017.38676725196155801138464006 -0.441070885895667300779245629915 2.93084314646928553559223229430
2019.26460021606409976139415710 4.46023316945853100013967653297 -2.78270637810045935802679491115
2019.88436713975529305350154255 3.53201618359899675047628889617 3.59982423260337346001883998205
2021.19604276889278802437958370 8.98419230272385253880675903604 1.35954808945878089669662211841
2022.54561768468826602996986911 6.06938259815101454733099639997 -4.19139976951749896375061923283
2023.57291177710074784827168023 4.73645362215623325916258537939 -2.16555076132013182860311134132
2024.48826215795125029737869249 5.40185927072619370125043381531 0.377118239100801156172449563225
2025.87890620248156098977190063 2.89118459668077330764207224485 -3.00420559783128628962429740774
2026.73825891215209765390917476 2.80859674042070005615806774081 -0.409623499627811497462080134355
2027.57331705599754241233686803 2.60891481588039610811509354521 1.72763037852307247241200661898
2028.58245935403995163188966792 2.97024332141406294911097313681 3.13016901965818147691272898003
2029.38547955096664737916845295 -0.506025503862354801090047409242 8.05816893970085991643962453377
2031.75055069061873696445425304 -2.50330846087787679401921796980 -4.72709034207969654149335223537
2032.42078085628643022469859492 1.58033724156966023275351604970 -1.80926494074553744861642826279
2033.01789274566981581016957121 2.48577604300953544881634267124 1.57000616204840048549164422637
2034.55482878895616508657417942 2.15809354892654408415191273592 -1.95732778974708860516731034923
2035.07744009630407797609350550 1.85188673080020634589005579676 2.30758064674875314181840277876
2036.52752648337032671654093077 4.34493175607536410830408134451 -0.679779025405802651791936943634
2037.21711109434089156312456689 2.76257217881871611976889506870 4.23740226494837899907673751079
2038.84173825086775015585659625 4.41778774907213909190690064402 -2.78230151747774234744223271522
2039.44321874010445184951999201 3.53615968295116179373455266217 3.94942133067106553752666846230
2040.83911967313822388782476295 10.2356189670232465989670995451 -0.553602823530739080783750835915
2042.34458625060420889786219564 1.69089813898655717875707759502 -5.37391940425979125541711350193
2043.21711656332396447892131734 2.59653346706435753582136435777 -1.96490939835433583688952421586
2044.12159329166749542513858615 2.72077932737972973647948326769 -0.334253577315310029760901030316
2045.03732085981482092543135052 2.53264372289935493581394873413 0.984006113973877596319764142149
2045.80276043156193542844453362 1.10304034030484287474856325524 3.94194504254378081569567595769
2047.09833634560713227460924675 7.18070540909225268160276182458 5.94407571671347946002853282217
2048.45409406616111239330610399 11.3299661954964204212114897713 -1.01776174313288525333243160007
2049.84752560571606926419500100 4.06331556093640414630302553862 -6.05956733990902955179803792981
2050.90605538468454838137698930 2.28589100825586878852288766347 -2.89150878171907156034528719155
2051.71838819625631916191976245 2.63146211742249992050384273287 -0.294060383774049866916639219216
2052.40779019240101786740525220 1.97635401990952332785821772202 3.32816000994766363749106178281
2054.05991689848573425842844695 4.68402094730043643581213691487 -3.24457814047333890260838144540
2055.18026732616666128272341758 1.45554460853564429236156310726 -1.24504120020348704382625637877
2055.57260289904887217876021132 0.529568216691407275744503727550 1.89364325571951256543356643349
2056.62086668989377928987455151 1.24113040481539516537640060380 7.39967465176955640631659738660
2058.45065111890613612817358018 7.64610519337066083053514039472 -7.15581625122500333772714860656
2059.44802174377145896660438039 6.55858167598009859111001874713 -3.57544947841359918722300359537
2060.86824720810796837576255789 0.269107863179968536691645111863 -2.68669545288629488875214741925
2061.36705920203188972061940192 2.20254484636547508717255128195 0.505930467615131256887799684825
2062.57265091997839409183186815 2.79988187749679050727241800157 -0.351658128527635504754803405438
2063.28355949838076314858380012 1.82127640482419638307615806105 2.58569311177849192599022844325
2064.30486769963414808315493753 2.83926086681073069909898077419 6.17448776027452334790283434526
2065.83267228191146470768324342 9.91442471655650679803066065784 -1.45242302309310956179652213218
2066.98522937798528735123162878 7.62645838359186177028791509193 -2.73041646691336194654314751506
2068.34563852737009471579420323 1.04136283499766465091899536617 -2.29530983141247408860269153558
2068.66994108281269416177589722 1.28611808443724115698929611637 2.27771339470983866640173892146
2070.50471759344597515511077313 2.14565366491348543946735057035 -4.43217963386056314945989682752
2071.37708316975859644990897476 2.17288635087596800600417963309 -1.20769313444255142708115371324
2071.99045481476078709957306987 1.90864826246864772617996593195 2.19945297385115095999608140130
2073.39760371576840662721589329 4.13831289359679147272507067643 -0.340835101047943654653254019549
2074.17106490215248726422244021 2.78398035346993991344085292168 2.96377355399133298483555379886
2075.02806554483215663320340037 0.804094982247776989793182785721 8.20527362608265674002592261877
2077.11757013687720702200205909 1.17026630396784811980522080536 -9.27101433073467994453165802550
2078.15548463921428407554820483 0.884913140951250556266550529802 -3.37218134311403126119753322833
2078.93928811487690236881218512 1.87017535747629818208439312419 -0.894673564767235077482441210605
2079.56762846189322735722700503 1.71717333235657281527753734711 2.04618711897937276339813230858
2080.91034345756128792213418060 4.71487919730131879588626186529 0.562472073578565201038240294184
2081.79968656357714613611347938 4.37943821820166610232882117109 3.54108686073869938345643149473
2083.30027685882797571083782289 3.41402842861964527033338291236 -2.01309965684655414422650300927
2083.77999255016739758436496627 1.48513188648493963568151140383 4.01727401649825673287410972725
2085.38981369228598667559112573 9.04358909675268010384067648693 -2.93461505063621719835118394555
2086.58031853438142152199795221 5.09064192729858743870644900711 -3.69372309322470907836599073554
2087.47334098785801634805009501 5.63940895356777084604795544245 -0.442905079706824529297878399310
2088.71228119873258118941839928 4.72364544191258847362383256075 -2.78996616500569866892049038518
2090.03620675701694157350419814 0.524516477036346555792359652101 -1.50654249149669828122580519881
2090.44755002741586693822701844 0.995576676021747781534643818393 0.858261654702067307728759759228
2091.22158066113126363686949233 -0.114042875641999800895928783909 3.28616291787527530050507448648
2092.47321811007189174231760600 4.65688875984511117390942276615 9.43664370142085624029932611492
2094.33591746863195515482918816 3.40335476023750017458959650906 -7.72756789177735094531380348914
2095.13825666029482366928333992 5.52220819842959730707952020778 -1.98368363290958415169189125829
2096.34652997925258852850292645 3.60170331195941384695924866561 -3.11571390919037004399369527104
2097.37160635719289453927065089 2.26499269859929252367902741541 -1.38741365940172884342679075705
2097.95192219988703963541473215 1.87444256112158906684035326001 2.39131262035699245467696487980
2099.31165126506134746351006516 6.04096249607181472880049672666 0.586392186044016185923052567202
2100.59374523686124066383409478 3.04737156620587794238456674460 -1.61477512416968902181098077750
2101.13548945910841491827308612 1.73322104776376670734697503610 3.24283412588922541621693701297
2102.53510021529770095810887430 6.93848953025514476303324164177 1.07556603997835633187000750084
2103.39045480871403934851475630 6.35205979608366230017095233657 6.66185421165432713105296529125
2105.37220659179989777338879528 -1.17786966753590968998102228781 -4.82855407624021450911310619402
2105.99470433928624167688401875 2.84071755884043359449382440874 -1.47252867938312461091445097653
2107.17236243244334146970539116 1.33602593683610991777017660660 -1.27147591805181269026212620346
2107.61791140751432779427569032 0.927822483986832109678137876636 1.75910155392889512710353964094
2108.93838488901533559798794906 4.56990547555558166630931319173 1.86385368705449910015097776220
2109.96314318126758202243798531 4.56009689666038976494212774320 2.78765305489643643030613590715
2110.82237184813182201746560885 3.19048943842389100599528014747 8.00034219568849315608746903734
2112.90708752319077771385914830 -0.798760847791300739527450866802 -4.94501833221076859179555016020
2113.48396644843080128496793007 3.14633650980384113818551499574 -0.862354138292358155948492308594
2114.39613732588999238597794136 4.29193851770820813451001650488 0.961465033354362489291073723030
2115.50660279468411445351993306 6.05147864877280779870891193345 0.798057654496753945047449172519
2116.90005606839472757385386047 3.06825156743558503955383410608 -3.04678537746527805534031322417
2117.72239944136297807889766011 3.08045855853924469733722444311 -0.102693386162305093153714460890
2118.61864621702926271315192909 2.90001426756221074686346837998 1.58427263984203809835194435413
2119.45642846893927668416770688 1.85659930491950038487503331876 4.82238736143903381175740411583
2120.69156259184395054279159935 8.48873876993679758464068659008 7.90526603926486027605372551360
2122.46515117492836241561735660 2.42924131446614933223140504708 -7.87368091320326337360136050459
2123.34404230346249932483527966 3.78328944278949723437923901386 -3.11413846943752416549143187276
2124.37036873756887820036555731 3.38149043217533236848508738385 -2.00542482934660766306439253169
2125.51240002915193922174118232 1.34590774903972350326359091715 -1.17828104051695778667295047194
2125.95878484037330539525394991 0.795494751531448896970169873253 1.65455376846496852992372781051
2126.97571119255798896267972324 1.55434532228169662705159628403 5.65954850941997875766988224972
2128.75229055426283664524459429 4.39028218716293585570012634080 -3.92837305682741883685479548937
2129.40608022832844299753879511 4.49938687027971736548138436496 2.50094250160861541000265595896
2130.55510228323591668501480322 8.29744453660833059425093851058 2.58319185447350905342833192161
2132.08062099294264317118081957 3.14123125968093598892558245050 -4.90190070008808404113779634163
2132.79851646788415464498500386 4.91720276296829338855732680230 0.241381799126487241546324609820
2134.15493398503792417245506802 3.05965415019482052257487400940 -2.91801523472014224385913070046
2134.95077250431567212892003267 3.52995552706240376174855937198 0.214735254604921146322607036174
2136.08689752470321371169695953 3.32421109687486357856623731756 -0.362610763839767126921583169768
2136.96747054847187035907292671 2.31256778823564283958567796586 1.16449485958701355311443205991
2137.50994052591091357581267866 -1.82215370719655040114212701557 3.71370403628169085690214978624
2139.38075998520110757748973498 14.2367298573217823978477605658 -4.16892320977893173291712744475
2140.94936263909704058820516683 -0.723977209392958327489052259068 -4.93892404479539634929998736244
2141.71003596038995035497484246 1.65743162308764209129340213294 -1.68151950833723172736669955733
2142.35504319603538526758699658 2.27926525794280065605580835095 1.15279716640370449016987896258
2143.37444418053788559529235053 4.00722442145717914286888256738 2.96655863362305650176456419844
2144.89533743136042869331471380 3.04594173098561697414210901908 -2.34709653803032850102791977159
2145.50575373418082403962721970 2.69946843149442437566135050802 2.29572053715273998327162281653
2146.62589447551151782701701733 5.33342757361374704377068238056 3.48789509163795051038018883360
2147.78536734563083385522048787 8.15000326634012779170122582899 2.86961312007598721863836315230
2149.15184938288922188628906761 6.07819863822777256255245581558 -3.37062067451539114363083104582
2149.91063985810211900547801032 6.71097977173777659925778476238 3.00860784319801550088565678465
2151.77688511646502594798579400 -1.00552255950453003336891569249 -3.12160919600164091350792936159
2152.39022659691965511243286562 1.46443016105631438288481476548 -0.859318594001054531220042883365
2153.01196416538652863909943277 1.54425215378251365173389443856 1.57899901754895878117878153608
2154.26362395232033602867507465 3.29559163052134816761011124069 0.965970214598378456040270555322
2154.93534584822547312327330460 0.492027118090971148283140155732 4.68389704155717916783582825268
2156.39472725568168922944268092 10.9744178619217769540471007851 3.97874093145793267540019013286
2157.85648956535312703211131472 6.32239925489688479358844820862 -6.22905878148703533738358333478
2158.87807229108320448817419178 4.66400407195914957399909513936 -3.32262013863192448889052835929
2159.90228601717049248115502475 3.85738831164623173592571877038 -1.94951918277004652143297941084
2160.85306232818419126062156266 3.65337572210368363115130812876 -0.376556291862736329335168701679
2161.69217218920953165079608036 3.88362226218545351450521454728 2.59154902196940200440383115843
2163.10712228573238034266844828 4.74287680777497194393953276487 -2.01866057009593177184370918323
2164.04972035635735027350600995 3.81143654277294999351296785127 -0.0532212387698396697527029699909
2165.01143717431429577524810111 2.74492863622267395687577523559 0.904816975546905202492090961284
2165.50394902337574421070230593 -1.89588177935471357968639268613 3.91994578137371436104864757238
2167.69344425474684803418557866 3.52642294791739812326856116190 -10.0644446645133284445635347635
2168.89061585185398238304136434 -0.0460331335900855933878376368543 -2.37050427740379299634013012415
2169.26382928336495507155724138 1.99751398173198578066896177346 0.991697723563529172077002528934
2170.78707497301573661150297459 1.80306194385039747714843445180 -2.04828701919324542712966479041
2171.39636192649469162565273938 1.97954432682431868856460611333 1.11230629616578386611974425632
2172.25096282751632640702884574 1.69103247212744823680852993866 3.83779313717153975777571042365
2173.52829696931661215421666629 6.98040204654265251134746527040 4.41291790308665549725626353734
2174.74502080347664552670477978 10.0461559540307684429695909778 1.50342512995554947315106857687
2176.20411946621563837348261976 3.35283077263388029766028633019 -4.95195108914636328906131898212
2176.93945169897740598422453623 4.74412309911940477514680139975 0.0758810895989709967821305581336
2178.00420915476112438659433825 6.15347120419618742390820545058 0.272237872000518276749719223184
2179.23218502974718748363087171 5.66206441395862824731829391611 -2.42830063753357947849849700342
2180.49531825927878074433988778 1.75404088598752206156310067544 -2.49303955238464610657425929542
2181.25236701068176836123544721 1.66640340419421578555034540678 -0.0505073023656391216771320922093
2181.72578302981956181258832736 -0.368185765658449075905892388533 2.34432440623565778535616897701
2183.33058401727993762706976352 6.84898134618214108517447602439 1.20274711267365461664307423137
2184.10319076068053492482855691 4.38554802167474201076828295688 7.73843571173448055859891397871
2185.96552832068310900449293808 2.98660259611933793671291248974 -9.04717732100277235012945555958
2187.08569095937252108857543081 0.614297495777251113118083758527 -3.32409290022220632274493358104
2187.79845587782789904143096798 2.07093741946146184938833906387 -0.714515528345150984421849628912
2188.55876320308854323225996331 2.22443076195355726276551039487 1.47121880017854501514487070854
2189.49707290260539162920673825 2.83619063891368093958724565601 4.22693491199020996287819250041
2191.09336304574927564966077110 4.22249210824526492120672059161 -2.59387256269642542132159072695
2191.77801740050798868886289081 3.67237317646275878398178934535 2.44077983696434217582580940810
2192.82677053986120874691838724 6.02052846028713296525088317096 4.65377830539242862576212268605
2194.23153005044970056211776139 8.23861120387659087532078976465 -2.66692101230843549628292605937
2195.23168768125578497387006244 7.99532347379551107432135869196 -0.801421425829319808010534042298
2196.71597766675854354094451822 0.979503956908635916356529912037 -3.59350499746449353077172554213
2197.25874704020590449114555093 3.15287864941942315201755409724 0.796393210432527512540517529050
2198.68751268436752233365683501 1.97387451503045612173307707077 -2.01386455039014608456253642552
2199.30296532096958361006696400 2.08754107425580206835807663111 1.26140945216515336113425844933
2200.35102091326304842746248478 2.49578505014296213920866841258 1.76391292023766833406540672847
2200.91595302555182450469419866 -2.55135844163075112256879790550 4.34271037799697872580630206393
2203.27745373064601134218075091 -0.698555172528354228365101283270 -6.69323772152640693812782670782
2203.90636458377354814689714675 4.07640161569878581061223478238 -1.60878521571408936473833537504
2204.99780175483010794910457815 3.84141136535067357717701646701 -1.77295113503347393948761903758
2205.85576124554392052944932477 4.37420961641944343988067022323 0.864051189877970235267074980950
2207.17216191495222028888763647 3.08812246622618744701891327538 -1.77343183206119913980712512642
2207.80274133673695473074585888 2.66441009778414121157336913627 2.59477965697532578492427461501
2209.15374440026325807414634152 5.61935112604359083874670879018 -0.259579384131722247981353592255
2210.20801498925036444937002701 4.03692724068420904585193104753 0.0201108357997705958840579687590
2210.85094109929616673920401418 1.58811763327751694614172648610 4.97499247134485284822145693507
2212.34356840003640434986952509 11.6780433121502975740624940642 0.319053602132386243417957315458
2213.70025624843609045933479307 6.20156820344541407007277505418 -6.50225795824531335543660414861
2214.94992563209249577263285302 0.917871898181125515292234657545 -3.77068148120316899243743872291
2215.82056569064555503271002161 1.20364469866534351457862026841 -1.10724926195591452223583181100
2216.29637588764519342866678739 0.983071428174173084709413613246 1.53924254682081962072404061994
2217.46937511622519343252585910 3.56886759679515109602698952210 3.02818755657465536221776386640
2218.52100691339529626851662663 5.03023646715736102737677328146 4.78603747654687990759676029420
2219.79981569836106178954984540 8.76673434220264651078927698482 1.33149878474834630025392390366
2220.85215884891418260760741070 9.98286815225211202040147297698 2.07557165099915135871847189924
2222.63660458809746785689626028 -0.843526436733742915339637322500 -2.55969415242143403843209736729
2223.05505791881040797303635533 1.89076878738834034613552755412 0.0464852715368511953072400091269
2223.77777250721452997882088406 1.99278836871514010250234658630 3.43728618772447230664393804721
2225.56464511716942600522988432 2.28856887095120729561599317125 -4.05544633930824855301229572362
2226.33273440557558713270485197 2.96161770353226235979482911587 -0.507767530338335541255280527296
2227.24622937659537653218744584 2.72377744898096436636361755122 0.814251526277704027785078304468
2227.97057388225630937983341301 1.06415124435995471271806052705 3.92182568663443426390739694133
2229.12795891012330393927338627 5.27191463070610213967084597216 9.18617365726629551228491426747
2230.89869085621724862939231648 5.68084596623324078562955344930 -8.99275057376790552613457877147
2231.97715407407331400607396369 2.73066516818423070571373174503 -4.57248293869435707344027425787
2232.92485386896618177842659049 2.55009314355930315784627698392 -2.03597188229884455142494708908
2233.72022225031290619076692027 3.09360981497622120519420736588 0.411020746284901478180274308708
2234.81493453132690001430045432 3.21920753461107568595637797724 0.188940439109597748967148278971
2235.54666213560006318854272305 2.01944625161380709863012242345 3.52919167983947968741359519044
2236.77364384509983578110697755 6.81762397000135315254774488126 4.55112048821224326666290863183
2238.15479951929761539655282677 7.51393140622009764975446625813 -2.54929785014147484110335523980
2239.16774396023665946447044077 5.87181003766904221531655606968 -0.956051328777439007533976985329
2240.02120947047109639931061347 6.37781701633099455519637566218 3.26086742994695487943996252462
2241.53618652376640205207295709 4.88711290361861695688207706910 -5.42278368271304309001882534265
2242.62118015937948108058905576 2.35201019442610970595251992672 -2.86914577000416565757715057109
2243.37366841896199853576365094 3.10843656498932420776426730913 0.143162062038419711441725695652
2244.37070170043033860905932306 3.74624562895093398812432587598 0.985738272766137893220737172441
2245.56528653127134223498504667 2.56695725885185585913675425780 -0.289584748256262263523280871016
2246.01655817828562696809959089 -0.408790238756207918186289275992 3.07982592942785260788368734456
2247.36443125122939202247859513 8.28559130031020387918158280203 10.0647188075024290359652465016
2249.55019857353709265835924526 -1.42165664993198653378390154580 -1.29535241775891503474041812829
2249.77076655272396127649258383 1.63386974355947999099367248765 0.148110001502080844013634973250
2251.04664194155316631628364549 2.93960330202113020721984243669 -1.68197223441019587839214773189
2251.84531833869339935792020057 2.95329323623336752432501515962 0.827514905488886303345664140955
2252.67843267383885658141090374 2.84577962844117486111011310039 4.10551889638402757012285857539
2254.56224699438955310846250735 0.179632465028271663265218351076 -1.30901770755947420490651817564
2254.75907900130399529745266816 0.527570004069852434995772181222 1.11312599035889986771046172893
2255.82456557153694123840809775 2.76948328572564229116272763458 5.95655514301732433193671035685
2257.34638468313280066056537669 10.0792952533214681867303597353 -2.04120554092761237953609032489
2258.50184729114583816948946593 6.99797974571307532651880293615 -3.44779466195437053246282823758
2259.51784205738427398298094027 6.66336799197387231732979251744 -2.10254965801289001392669257448
2260.89025941680026512119096882 1.36498367239941142220198919980 -3.53841747707316082792408361971
2261.66006444948109901122366197 2.28707685185626549739442576094 -0.774432526512861391973946041554
2262.67443064820979953870192211 0.874701785858476118955861520538 -0.150403750321569943779066988181
2262.87830538116111223015122875 -0.753078780633579519878770040687 0.730725913483609174254008748296
2264.67639970577024663819374642 9.95455995942956742069726797657 2.22852226119947731181041987083
2265.76844611546944778888273279 10.6841113510973823713319963795 1.58297213616819514792216164779
2267.38450106754403583223365572 0.431008395815849049617618522245 -4.22365488743897133788836483262
2267.87917533716606987394625367 3.49795860512746170731101505722 0.767597700539878543554301081671
2269.22699826160955065923724862 3.30217786541880533448248834231 -2.31320811794804540098818420729
2269.91910321683834684838811168 3.63508402603451472563238099414 1.95040725195988733505000471903
2271.32628246806638137130588976 3.68080539915609097860579805167 -2.05910165129572135826237912594
2272.04901570123765846044131744 3.52752701098305065241319379184 1.94065176899323075614145135391
2273.34753405316447427479233846 3.69664281639597915388586603949 -0.673205439140353004706758255480
2273.95628914594305605551219493 1.63068195462249415641394479068 3.83008207519055842616497810153
2275.06866477597133350960263676 5.70212560962115252772134271804 9.56067291613018215902488532435
2277.07931775662352306280751661 -1.30353275703210741509782028758 -7.23286891861817916733721514058
2278.01262839330538098086364756 0.477268553938521009887642007776 -2.20356918051135611758830653115
2278.52594215578419174696041835 1.95068803192132955176625786016 0.543096184942792761008550869075
2279.50730584111949375473219642 3.37990241988949722521647479887 1.94075125350767955494771442792
2280.87071985258620926001921282 2.73992326839176724671715312370 -1.01647080012706149019159741759
2281.35648361454629358952487163 0.693003584226130773860649788450 3.15637898060763454874125401865
2282.69037513764789234896152888 7.87400435909348129462595870233 4.98782496385373718413923315617
2284.05601145935137786203585884 9.08472946789679626085195924545 -3.00380589717327391644548533513
2285.22224236486650387529673902 5.19701490076071339508043981310 -3.67760731678614530094122980999
2286.14981414056405416864591095 4.88090228257914473574179383559 -1.03510074112718188252251911709
2287.04615867101060416601039307 5.84573322700962145790183793733 1.74298214578944930046423123289
2288.57884944576462636987385098 1.99718894549757158939897794683 -3.81147801511767975712145325179
2289.33628471013415010662046899 2.82992859072442334622285875636 -0.515584098930839122294355673410
2290.24145821085573124956725512 2.81058283190063333328417359990 0.844440615886005436861121684281
2291.09766361211201193251350790 2.25374394706682791915745424205 2.88842388101782541980250035056
2291.92890125249055718019168517 -0.201547054038410348557468654816 7.40068445859709799150844669677
2293.89614510608675668145086512 4.57394067100029608428128044395 -8.22847274446445292383223342643
2294.68791841171431143995719788 6.82481631686220575247389361309 -1.79888063413729324853230836444
2296.11509118833034611529490569 0.982928098413187149258004991379 -3.94896195908746098483211070125
2296.99852247251512663393246953 1.00135431657921179487057645304 -1.01455190756997147167055873144
2297.37264757980959394883446593 0.514147930415581065382445014670 1.52534404397209513664803805795
2298.61236336566020566688487946 4.52788537433493124397018185677 4.04337579073034488055178646972
2299.96157762008968675462313977 7.01524151340469087757263900181 -0.784246310514798855830209448263
2301.23412579883090295774306675 1.35982225163892417065943869437 -1.20642159964263618087063928644
2301.45484035172846447886604125 -0.378450434201786520548136734376 1.93008253913563858119601401460
2303.29548198257322304466990663 8.35366273896734849593465782984 -4.86537148568448568732793776645
2304.30513867037453359711282096 6.91188259065685942053056247482 -2.65331444387632581751647112951
2305.50835678868196857496746142 3.85959375100684256430508137493 -3.79827017643330850969696662443
2306.51773307000353510632204291 2.76819024688554561821135397575 -1.96032463460436781680818786410
2307.35555337047808313385331567 2.82199458546925106089152044688 0.145210628444267079384499253710
2308.21028463476467901254488354 2.78538469369366508167443444322 2.20180379589812757483705564827
2309.37035823952911702346928813 3.55183205823010359317730591991 1.43704013883633035254418646553
2309.93112238418362292454456524 -1.66074595471736689600137299336 5.38696408707487968001177895534
2312.04799644961074357302585780 3.44395368363589314806362361671 -10.0724787551389458567405784518
2313.19091417074789932830942323 0.274428463828971571266549661361 -2.88853772966970492819246389063
2313.68935996722396040792344197 2.35491079753195863603948525281 0.460119181136255912431855562010
2314.62118211359416187708639574 3.93698194855709005366913604146 2.58792636205375922810767597875
2316.04945471998882915500535863 4.55071153698283234883303042057 -2.46855342247885677580994645155
2316.96249450484077251244438267 3.84844109093438379972550596236 -0.205869347157112766706226387096
2317.85153186427704030342418579 3.72901273433868522165339290870 1.85170996416325910479861780047
2318.82603533643014835969632200 4.52546479930152368789213927672 3.98902549624603387106288190084
2320.08852320402725764579680140 7.31300513506679471537279956285 0.975833961145819160123476494475
2320.94953162865960516512046973 7.09787460172681318862157880349 6.34241596469085955786990624391
2322.81263260669333425653235818 -0.393641705184394895159456817759 -5.96221002350029576996618527488
2323.53427424076605971483752745 2.86792342125375485075839950072 -2.08488679548472714595813159642
2324.51245523225838895456243535 2.87339620514709757022956237843 -1.14461719099539544981494374126
2325.55709649176545391764188265 1.41390971156356954416918381613 -0.478449727151683234648689153808
2325.90301592751310774849567427 -0.393295815377711414693222316406 1.74536764021368374346416097677
2327.37685581969956106051207708 7.14220114497831026357490799952 4.63512725091979916332082644171
2328.63487510116860926848006516 9.05143175045590271169446306165 -0.0296373100607183724890249036546
2329.70572340644955569077952508 8.88200492746732091844395153747 -0.256979215855114825485612676492
2331.01311028957289302747731758 4.84290521759696137872024482821 -4.55266982884623254343361481804
2331.94270780640276783381238682 4.57894509971003564306328016188 -1.73844829256053560357983119038
2332.98776543277501768426811513 3.72005631092218490721086277258 -1.20378468505762431408408255778
2333.72086337378228274776424960 3.77045311847232435640793918997 2.92442889028017122170805968228
2335.53171257445095636188859115 0.0233016896808934659025001717641 -1.66117627954078745716520364650
2335.86715380564978136353775015 1.07373461522153776490374982235 0.722382884547668613189468722175
2336.62103678623872133951637056 0.224240630196091533666445119004 3.29828692361586005955251294814
2337.76173015882069686319587418 3.09214147043764559241883458551 9.92311176404687253852845838701
2339.61568389598262019678150319 5.44354787071883943357782223555 -10.1104245558465316965993683566
2340.82672670664448142480693928 0.166113549590150366220141352743 -3.27152329425488592401151522868
2341.32459618621548666204481783 2.80747733673224094929951294941 0.417743707558095482640998504753
2342.65404165846926380878380916 2.25467966517167833791640961790 -1.70137601435119545211344168594
2343.25915895500886015289937959 2.10392130588141727934799479577 1.78515869809103796950234221480
2344.31121623615175782470572031 3.97318414479954053550450567950 3.55749738167826978094788081832
2345.57048363447381664583384191 6.40107743885887116877491061218 0.922100948015121554569573061150
2346.46411952978781111417893188 6.17060595077909899361436153852 4.57838155258182814165886561030
2347.93425464172367440607921240 6.36579959752712905743027568661 -4.11581622495468416711220760565
2348.84342363345568012482822494 5.67608218209677936152348738798 -0.714004912572998541724689974625
2349.73005425783787670614385788 6.82826259293209101673506108766 2.80888720591367405350702221987
2351.45504692785123185494932560 -0.0296346053203684755251718378614 -4.08897733870305936148974076098
2352.19570150253646458952531761 1.51142030584310219742490598392 -1.10354146111980705312823251770
2352.75087007545459098510291438 1.41705465502835578383370556414 1.66658784541730732681319481912
2353.91213585235305929797033788 3.85769435671855534592900485237 2.45676673275491229193506282468
2354.95108123500818408221798962 4.46664060830045011749151348376 3.25792149298033719765156640393
2355.81081397829061535611688132 3.06077846627926775075306190016 8.47273800048742577691118790707
2357.60831592024748578927931557 6.67452252002546528201078980989 -9.56003041508672341299618639626
2358.90470519841557900043700115 -0.281980983300192128077911973105 -3.08061656488109343597516792461
2359.43485907643986683513286601 2.24274828890445996983758534493 -0.206711531501387043220205975031
2360.31428508952633865152392441 3.10551757117074998560753655097 1.47284706327676128035968759777
2361.34254164193263156333453485 4.72068396317616314737279172922 2.80559992114437468456064444554
2362.71831792292138103333802387 4.60073299986454124113699614948 -1.95024821394183298570782383786
2363.49561765411863386755964258 4.18884364488548668068727300108 1.95168219690938515149629412715
2364.75117608911701011122334514 3.48071042194114758742166604737 -0.509337783508112433663285307601
2365.19151506413191656457935589 -0.525853112583972644552503450299 4.37027907231568627225495713088
2367.24921984295946847789433300 2.24678041731148223050271032497 -7.24695577912753068505009603599
2367.95770182315585910536568479 5.40645774261281060713566320581 -1.26497984347262418709786152879
2369.22057776739903202633222345 3.05305767967313916444100882190 -3.36556600287806759350852367602
2370.09339028423216938927126824 3.24882061921524856916108344036 -0.939451549145143029630391211638
2371.10074792972167348980868861 2.75772881143955583010693367062 -0.355582242245526297103112572340
2371.93813779461010815087123572 1.89793410838459442338469448637 1.10966627299823513782063541992
2372.44034726005584373975990408 -2.06545436236899348713337381985 2.95590616870386340383995544523
2374.44423071781665028850033976 9.41851732750195088814682405771 -6.77332985620194817441197856651
2375.54396703737224889977356590 4.60832436491436924965301535009 -4.25254836534340554163162651048
2376.35546351556018974849090887 5.71721540993059768140825668320 -0.0680567911980378316781064408690
2377.75540791401279901608315920 1.60660921443027662422826454073 -2.64631600680403652672420957793
2378.21296167966215731589909973 2.24983700061613687609174613579 2.13142973939732063943585684666
2379.72650294996582224238796552 3.87167322120778952157216143725 -2.60708459231386029096188321362
2380.54565721873625930699497950 3.68139482887556029462954442735 0.433769290765224060343173071448
2381.50012371043752973105536350 3.95540246132475584389784371921 1.79181974028703751443945020992
2382.53083056636640218174410901 4.44788299956839958682223061276 2.46968555824959199174862801315
2383.35601391598086947006702706 2.88363828969187832097839475095 7.38214828317854324097941995674
2384.96507164118246972620968201 12.1565842517603030387822671258 -5.69168666548856697444710995968
2386.43093710950389028981346062 -0.400543019528578725856217492806 -5.08199846273971113676063568012
2387.29908412233651475756043640 0.866504975396466813931150249401 -1.64585683885365580426418813915
2387.81356855607803728679757675 1.54916517217627470194406662415 0.902161861720366348335310342107
2388.74820763549317641553510764 2.42518521976895599802027832366 3.01161921960138882383813690409
2389.95598811366615700473588030 5.86665064198741103100026595036 2.81070577548517051860267241289
2391.26054987240339947892244095 4.10418464957023355813635944682 -1.21178408919145726885413690069
2391.75498233662277277813319367 0.928100271511597880058447390252 4.95357951524000712077240347465
2393.63059329169985533190178635 3.88614351926438306661866154658 -6.70534438923436663310048119400
2394.48536785604649401564971588 4.14244235225456784988773250658 -1.96973053892291946040236505613
2395.27016999464709217243733779 4.95956467845751479091427942298 1.89865245999466274835646241558
2396.60387876261607158176359602 5.89580135964792274872639302393 -2.89426721083570718903919920927
2397.79164376177376350307625296 2.39475963402429914355418085578 -2.69812660895813512879183063954
2398.55831138253267115835659314 2.65782459287434061271305730025 0.0476787701832768476499909547772
2399.43383290578527012166445202 2.41021054641362676404833487265 1.50127172369446102261144971127
2400.15235652213145719488669917 0.0375862614004512714981098383161 4.67743175701346986959734980720
2401.48299837577178065116547976 9.94105287969453082551319255464 9.23440456024215757394621278766
2403.41879844534520389161575795 -1.51444428353694812454436268826 -4.99222025813688691052764603713
2403.97531514896750749364053163 3.18090886251487197637920772422 -1.26500943490765888055853408108
2404.92159348976999756921390114 4.44741414723309429756416812965 -0.225997236089867146063127611002
2406.25398871828948526086363957 1.53776985054807646435989330096 -1.82833020642686405093980742374
2406.73285118210950844364552265 1.49385830905579048901486559486 1.68664646934944988953283032376
2407.71591042226990727928937084 2.81749583307245132370484804377 5.07200651655441205466763875612
2409.44150235241954034514462099 2.27125898970073123465933615398 -3.02879423919289025322933243703
2409.88160268287958825385968839 2.18318060659579756842763399633 2.77996979419024487477492018978
2411.12619338077742136906948346 7.59432692174786552204174325110 2.72217113174412980491931143210
2412.22293583728404167078928260 10.2736526368334998567562119511 2.32820998410376407811271576918
2413.97612319498340860647470738 -0.864820841145810024636809456679 -2.99418847438446802843416630685
2414.37987980127049587105420964 2.49978263729463775091017224970 0.221029008817905247486148735579
2415.57689346599410581242214025 3.51402381539279248296446245965 -1.21256739236698067862452809086
2416.53405462770393930037330426 2.86390140469784566780261780944 -0.112315889968392068297126232518
2417.27808742177219310897199834 2.06352036003281610661949341903 2.53731742419567629924228300003
2418.22944326735738746036743778 2.32526029379085268402253483491 5.94627362298336093339014843094
2419.50791716307124546349652304 10.9620694621572413340744304429 6.48389760317662307168110965557
2421.14294399332817888713276540 3.28264325396170015252522398992 -8.23711544658927624828729822224
2422.15208492510950878127426933 1.98180517041292584251954487324 -3.49001686453551415558300462451
2422.99623012348690786128870492 2.04167009244211127688909440098 -0.926681127897994638520600943164
2423.50414688871613941424909139 1.06169012715352268147229551746 2.75687213780314692771318881344
2425.12476021255672447546371645 5.51890129420518347141694278851 -2.87976179422263918587354331049
2426.19343754166830047356777767 2.92134180978993464519843274346 -1.67984637772608705967552059210
2426.90706429375364512781759460 2.50076147042243914187750570824 1.34815407373219541133859907918
2427.64089694859298225641425591 0.603790109111125923424941343288 4.99226534383516380394469030060
2429.18559599025692249133825828 10.5629808668731369105831691388 -0.0945139463946206608500054442448
2430.26581263594440306875245438 10.1112045223824062063343172806 -0.862899747699941880929212708959
2431.61113509625393038358189014 4.38267421047823774265940733343 -6.14633433726209076986792444804
2432.72756929925475663114794614 1.52436580919199281117196984891 -3.28213589059127617643513292927
2433.70589680470380893428989231 0.509412806387390665470435639405 -0.654449637988021019920858675731
2433.91687323768418301559801742 -0.0294882015473070950396530695516 0.899238286266684368483366026186
2435.34889436469455970209142547 4.56066179545382921045966074307 2.36263278162175470547976804063
2436.19160037509103639537919095 3.25231928284419615380152124143 6.52257413249663965826926028101
2437.79407610782604984189650384 7.61362609905467893436048107248 -4.42065833268469007817582655762
2438.67179079404418020053603948 7.39895352504032773102820814558 -0.00409597721570817373653288679996
2439.92712721867227605892571848 5.21775421393389833521300866535 -3.57625599290218227628303877016
2440.82616029063525474838946137 5.34461935694211682714823137927 -0.749356462787205392279857158832
2441.92983654999840952846701601 5.10421753585900082339837187407 -1.51210356561063702355255479113
2443.03356005818513233183665133 3.46092603034308435249919827109 -1.61712987411168022034723198052
2443.77543639619972932747371246 3.51346424007734843613828156874 1.88524303823588845589549818054
2445.15438101522041942202858264 2.74796649168760807832955914689 -1.42272765976023855506057341145
2445.74495210115490037073305972 1.61033436727669874220376108023 2.04073739009226018958752895139
2446.39852330611024760553075918 -2.94019898167228895831442460102 5.08234940250487613543018407713
2448.98831228603510535508038531 -1.90234209847639523947229208126 -1.45934236537069399560682500215
2449.23103200929253339259877555 1.96826458206082251369257659056 -0.137233998008276962224871024837
2450.50365058010811910252843329 2.35028353814685666867396907979 -2.07881749751325682892733681470
2451.18170831008444922134909678 2.81473151263635129369305361725 1.17236513514201380055157369793
2452.28336574121389062602844570 4.21411530203335921935426938528 1.07440549350519648662449725830
2453.25748581208404486787163208 4.48872169692386691583832442429 2.36487209021206106446447759071
2454.30056184178992349267330678 5.84784879344215711225756510744 3.30340477869865395641840536871
2455.48228838352592395283540113 7.74467900897855841438463540091 1.00896431348755870130141759452
2456.51455184128855333061192027 8.47386542521186313979777755424 1.63544734079315057778405866787
2457.90799909021854468400562747 3.85333240491928052594977145291 -4.18327289389752309914329081760
2458.54679983712801340841361658 5.08009682155673951386738953889 2.19927796909282712031027640048
2460.01357946550619149825041247 4.38399777223117713558181157438 -4.77438617818935554429208191682
2461.20229537450620004626802840 0.713045797514113455770241681992 -2.04232840134960562592273209932
2461.73162864804139269721179549 1.54593621601647634917704257437 0.523433533378749402217593443798
2462.46429491385376362911485730 0.841368916294484956511934432334 2.81877965137764854916865309558
2463.56966729501634784354518665 3.22538401146762499168364387547 6.69908161595177463853980756053
2464.92781636122340855991071805 11.5837278721061475969071263050 2.44966393130722403458062999188
2466.18309701319272340621792422 10.3170067426999779284790464975 -4.34320378543613886264277920703
2467.64086078377902469819037826 -0.148287804535069256227302911143 -3.74586037110874078690694798058
2468.18681630111524323846325126 2.80091125772884532742685104895 -0.279147016171421739659389821467
2469.33626389249748922952295783 2.10286149014491836964747056542 -0.866627709059022015640596861699
2469.78148503152402430908619091 0.418190301612195746348228201628 2.76755166987223031907101524454
2471.53929774199671694863020502 4.08981315907525671969457480907 -3.36508363361145605322044084692
2472.33641758948227106736968349 3.58122703245216810822443017243 0.257420935971455668486142525359
2473.10712473464504219483372112 2.87539090168880775163391191133 3.70482167084308937984167188013
2474.23784973439367951118074117 7.01356054580369937193395825744 5.60243150096145636415729564845
2475.53935386100276676985724969 12.0001197951787953949688034754 -0.881679890790438544952247196079
2477.02175509610459415657788723 1.32628742829003578562994965871 -6.24821775861813841550888631011
2478.01485402480940524209462935 0.718158343801272974181665312160 -1.78346432269850634233675187156
2478.39759758312502044048772362 1.38486149618275175902556244585 1.45385921977530848234480848241
2479.97735198087075412242686546 1.65119956646905239382425167282 -1.60253619553597720774282212820
2480.43360698509207292776643489 1.13163034903726110334602562973 1.79124476186283962757483698067
2481.35676728035894459721349293 1.01569712565309944174218082169 5.53746530090529232562040604139
2482.68341151871599923225987298 11.0436748167401659065000976506 7.00118204279251926549368946604
2484.50323827474464336636354571 -0.795598864436107475137711969111 -4.82252666204111257643184453460
2485.08759053741986651079704036 2.74019608331762451610198998728 -0.969122667335494464614468784817
2485.78562071239275224064255559 3.28542306826104440166976440747 2.84931184693024141613450431511
2487.33383644272602206681390540 3.70600310192262149676836353832 -3.62062934609811756684309884567
2488.11383175419305437983839619 4.21977763350343386586302363076 0.148489487688879214974812819463
2489.26115745163711674296622346 3.72204669086776173783032290992 -0.968947654921572751792618755937
2490.05109051574678980935576832 3.31553518187703374812901349681 1.91697204373625628409240640310
2491.10551642182070481830282388 4.26545527515011930908224533398 2.39610763486727314078162703761
2491.90747393429284264492352696 2.35706923355726212005110488814 7.20064370304491410433840105116
2493.48929544912321722750075262 12.6536419628420434404700761245 -4.42162375743484718126130041527
2494.86617782825522097308747158 1.71238200123561459820645565596 -6.52364417054037711950293988094
2495.84684041950164275547472606 1.27204158618872123454662031988 -2.54186947769716919186384021295
2496.48533670282326824561533149 2.47007007528646127863566680984 0.308392232004253903714033621726
2497.64846524660193454986123194 1.61083756979739270542848879884 -0.351526883402634394330901922270
2497.96997396675226239679550325 -0.774638291913069746060693238895 1.86445648892088446188385140322
2499.86204282125506568639210531 5.31852679474727592010353143797 -3.30891095215473842697011337772
2500.56438641231744934117283757 4.74366310311990120828043156721 2.48677049672974317839300255342
2501.57774467243353946446953897 7.43904961870769753295705526327 4.99327828968936765794710549700
2503.18522721208680164253286869 3.22609404791694384504128584609 -6.02731967872764700176641047614
2504.00893365858364117576443493 3.86093870802554690695808215944 -1.64958284152814019064181665510
2504.77215251121202792635242898 4.67025304296629166183601180772 2.27196832958700232351447682797
2506.30535193730769566171125887 2.50367514079595305426033178470 -3.86793670698701417695761608430
2507.15188564767558917230872614 2.40479980326787837531173552100 -0.987438884751320933177756343470
2507.87103957974336197471201635 2.16748931259927604106291454175 1.47778842584584813180060845680
2508.76604610382662240896766710 2.03336483116883035684686180635 3.62567105787347413426336606014
2509.65299744137942169372942996 0.230836328512088848471851995569 8.91956729271942552187487238283
2511.66018978718668365547605453 2.39025294172147777429517369448 -9.54609784462655783074818179089
2512.53822098520254480861100408 3.70936965996522405518088577716 -3.92785689402565307802200996193
2513.57951702146485459457307550 2.27323105764282736261997359080 -2.30254975702745779368383314180
2514.25985905977367790664513151 2.94887876244805851296350088973 0.949737938251538055694836222722
2515.28648292471288003818988652 4.49567276368649728213277294036 1.78195207300949875456177756136
2516.57104914288748599437036997 3.53467022984689922148396334617 -1.21042919413269664854151371970
2517.14693188041535686333711966 1.93464951494290391318969484458 3.67356144223136666699402805858
2518.55285204069082100238412246 7.68664985583981350144007436056 0.112364174341273614793507193313
2519.63425264027189333417194397 6.00664440182163051669583987421 -0.509544265517174183038178454445
2520.40232351803616397388094140 5.38264541923606435983689789531 5.06497274166813755667678571646
2521.88517564615100536323971997 8.94588053071757256365094818822 -5.45958894620381406712747341009
2523.26348015587214614296630601 0.126980761697490800945779523411 -3.86287175663934055139365496028
2523.96705581919052947967503142 1.87487805295869439313939054813 -1.03771029850392317008260749059
2524.64204579569452147934873319 2.06775735457455064373836992341 1.45294348117976987221668668216
2525.68799332480068325701266059 3.60642013093980440855779697620 2.56518666679535168218318947948
2526.86881005859299824391767578 4.01816208245573810977389725325 0.895980337312530384461687063984
2527.41879116062895256237161559 -0.795165995327236638544057553526 5.59882309302356189470201778972
2529.37804346327511961944198084 5.29025000098115988066724568826 -8.64815328108196099325332070134
2530.27367227426841127760347881 5.52662567130106699383041393522 -3.51294882117884798676226117641
2531.54396122006483741073038284 0.815359169629993907123872041088 -2.33249219124334311591892731238
2531.96938408156196854721653510 1.86641745038030792648968277448 1.36390103446649172375952489761
2533.06731709904744393287491725 5.02088204159285311829100574475 2.60987108022797226702091525343
2534.40861409839420258313403569 5.38315877245605665398708528364 -2.29278524511991090327337360671
2535.50588607396603207181465045 2.45411633985324750042616957809 -1.51444638465246474405625728847
2536.09188492083898079948257504 1.77548539097617422814874167441 1.94364128548414738301273723784
2536.86748522256125443807352320 -0.441532879628935988685018367689 5.92982964108292189267147411849
2538.55982693626115339877349482 13.1534342711736515077926660496 -3.94349259953337769178170524128
2539.99840711859116646883317994 0.499378551911489449049612907052 -4.77958603240860657710336720560
2540.53166193674222860222044807 4.06625255781215308283427526436 0.303756577388230700757303563433
2541.99872915367103953667177472 1.16132697379762782657422982428 -2.87508965142458876537100572239
2542.68765051486886708242185741 1.89532332681208077613991098258 -0.215282744953593303197554172345
2543.34395508860665013445943561 1.22274729845139100112460638506 2.17433750291841022695491460328
2544.29095365661560611089229575 1.30051802531593378438032309174 6.00265065470675184568224368392
2545.87801773033315966243502954 8.64789940550427027659215767955 -2.35032858085424420597857752580
2546.76114128335877356127606397 8.22361505179885564937674763763 1.88090677910291999991914696163
2548.18161539410855745903126212 3.71337430620552395963072306898 -4.66518244832836544283642390665
2548.89598757504656700790608532 5.00707400474631375715804733014 0.492442867064433717151935737719
2549.99648449152252039015724044 6.69789590444428393344097905531 -0.436181028463698714973108769093
2551.41114199288503789676952300 1.14761905112408087021166837811 -2.72220974263098617817654421322
2551.88044595959906087998581273 2.29274953594483090396753142421 1.43839324486751189623676743828
2553.27567799552469263867321300 2.27172577868656099419042067567 -1.20784880031935086609809940440
2553.72306920120918024879596996 0.714405418337179283483381596282 2.66730921963763748667977505055
2555.05087529135924916898229789 5.89388538332982180109771948313 2.93606334365342433106998977822
2555.83235074730340308375219229 3.06704698414626196463624461600 9.42441578002772683849623184162
2558.00910594287178916434181246 -3.04331362282494187179802128603 -4.73593374264021397090246926092
2558.75221136847136733831344476 0.625176809488406132521616778023 -1.78046273187730794840606196383
2559.23429659733397246971439170 1.71637648646003745536399652601 0.850238194820940356739435788754
2560.26328951438872062074289684 3.60369269716518828417301053944 2.01345629028662467281440814070
2561.40563574757331547871412906 5.18709855552421687312631325680 1.15032726041261512708355375934
2562.42611333814323205103207111 5.42072398430061864966465480820 1.63515816943054850649301202593
2563.50171890399298872449401114 5.60481538891379775899182951968 1.14669767768736245798787354776
2564.33210785433349039774976723 5.03540108219802339948262759684 5.70306474014039071688780203040
2565.97527047828384420401204697 3.50383895983797380662426912538 -4.90153082785248754965279983436
2566.55755789708502248954959822 5.01876713313964530409202989727 2.36865379180157063757103140317
2567.95859972532882940829310173 5.91581927608338317311063671384 -4.30857061444692054542091347716
2569.04309017335277993580006265 3.35987790260086840822934370910 -3.12073284279094366550289260526
2569.94811159690457986046983425 3.21767689070019858871393929313 -1.09542830852103888710000640174
2570.95852566191922186062399081 2.18605289899551923883223816161 -0.499956377293572839504535851295
2571.54077414776871750437157912 0.946362498329928934401281742593 2.20788797950279026351771771522
2572.36820818620741377521642414 -1.56927053416669048321848599134 6.18876087016207762026928497731
2574.20716395002286040717589530 10.9899225009741344349781731859 -7.04410469819044558047254030343
2575.40451199690362254812744370 3.18738342043378151473453875468 -5.30556284504479735929149708969
2576.14101118402615451082920419 5.21699657646247799328679561170 -0.542546544457112989965001477086
2577.51983553260234469337027129 1.33535333269260380744947683276 -2.68875026362106414731690346050
2578.07012992500555504702570004 2.33608372931444798168229233358 0.922910515994245097166013760461
2578.97129833589594247480789505 3.30398930012225531190641840023 3.44736818282930586456300023519
2580.34611156520070658969143427 6.18381035244158459662490669616 -1.17817234684846469942535699345
2581.39814058189270663245437389 4.10694787042900483149006890252 -0.884963329426411762152043752894
2582.13873393130188998264376283 3.19863502045143593826205691634 2.69845256008500203448942525685
2583.00329453509983820401334376 2.63342976449517149260575858565 7.68399467646919678740768950678
2584.75840244167854160367322956 6.64721938882029347921983608814 -8.37533192609689291591331585441
2585.77273940401149925666340201 4.44847767734630113101479955697 -4.68550144588413643616619880728
2586.92517895718222798928567685 1.27052256615384620620382137376 -2.75479785513924243943877012468
2587.59100092419116500204119518 2.24656900900198382453614045858 -0.00304387935166796301512172225015
2588.36821042388044943298202949 2.27712282386462977641915031361 2.34716452550755654085875566312
2589.57926455443400685527942434 4.43259139609242073443536408283 1.35259662519425487722050978290
2590.37169292595152236676232600 2.91330323154385386779401002470 5.10184777131372168770015315429
2591.54937844798479150289169605 9.41596614793881266735922026669 7.12228557574995052082845403986
2593.27587680660442538442151020 1.09509886108069129705612819488 -6.73927886691084034756729739387
2594.02361833468668256905170096 3.48596210788567384068444574307 -1.99555600651524970832990353784
2594.90501155247990144677628187 3.78394663410220264212974648952 -0.123992393092714978677092530762
2595.68753013885960392994425197 4.04139091724049954953076926862 3.78048917281486598817203427244
2597.54614148845956493027136025 -0.304499357898774864387416050173 -2.26261723118502580255411256256
2597.97935341842311590100326308 1.47894208024995884457417722277 0.196471753884159969550980159133
2598.59876831963346598413230521 0.462344551993296376911107210896 2.81068915834509260392514313781
2600.12135506188193109292653598 4.69831359272890460469065822866 -0.176494546030184890054067648789
2600.64195231921997887761293230 0.202958913158512333256999315096 5.76507069531501463713958292210
2602.41230055805513009514429630 10.0686752025264447126552552385 -7.76349343502556618827307294800
2603.62878111845325297639614520 2.40733133753545829587490342239 -5.85717181886801095764478922559
2604.57356482371866417996549192 2.13451425493729400899810116542 -2.61561328911760013310774949695
2605.36807591555923135075704914 2.65372832189946065775450100533 -0.371589295496851530688730417891
2606.24366454751894137739466799 2.65582666793127075220630677189 1.01063363773792934819456598335
2607.00363911423900967355679658 1.54399092298051596842786380076 4.15064011708176737376199544753
2608.36489964903551277240717698 8.19904583199812791267777761063 2.12144174446716175227307941604
2609.55208674067738506328335128 7.01323290775507530248499552939 -1.30441173959068680505826603189
2610.44452093891551602259241130 6.74615629292807390948639470382 1.84786791794229070849611981237
2611.54367038142293957943990776 9.01672627763420365604265684782 0.861252516263807157975380289866
2612.95680703669404438349052722 3.07204564253343502709177634825 -5.04514068271931769138008730911
2613.73192943830503282363887415 4.27513073124716900816884112314 -0.953526661493689225507671081957
2614.73713616540084080788370282 4.72535935462206360245309317794 -0.517023103082521970428144343928
2615.84770726824951418387838736 3.93968298001358303639265839857 -1.29009463743751882904843061965
2616.90211824395379734355092002 1.87600196882134427141933273344 -0.695000708095144062415987480431
2617.33504693490111426967871055 0.195162680445863498859807982363 2.16992001933517469771172261713
2618.29291547802228594207011192 -1.34134455341379773787804627869 8.16333141935704217267743186989
2620.27939369442461879156829503 5.39754625885874492236497539090 -11.0591765443071718258533004244
2621.42905521322924086302956734 0.513442119017847037946944243042 -4.00605715688236831796469457741
2622.04869679842135476634147188 2.98778293343856662489351997992 -0.516266109236392555494502539875
2622.99450797630203126986613132 3.91262687151540354176850256023 0.459761189815389421826456810680
2624.05060385455943108587396888 4.25650874940449378454952249492 0.307482201403668084314697478220
2624.90950177716963950934614880 4.32713570936115425483284753914 3.10281308493924547292581643789
2626.46050222994433988183008985 1.20575807809966326023747689165 -1.57248222263642270588594303076
2626.71047139580639895192621155 0.201357897316870235456580784456 2.00294779980616639635100733764
2628.09802652387119125665717248 8.85350749200956442451803894570 4.00311389798415689683421603673
2629.60413951084858778910828646 2.46139374966882739607041483824 -3.66615689497058223969996769970
2629.99480076421998481891161953 2.53781124245138262136385765246 3.80749054586111726737014456927
2632.04311663711272895204385584 -1.32826655784673927393604874085 -2.50336866988341952255403937920
2632.44365894914535491657474502 2.09748696491928084952745377805 -0.266125979805111496107024184034
2633.67639993978112779214681698 0.952423598198954801367471436704 -0.812481080190818751803192274422
2633.96654343412126289008110742 0.0155290042077392168148994883968 1.35449088480559941105354190838
2635.21733161717985271808208353 3.94239780516655668264154355856 5.22511839386101226989780154306
2636.43258599508186169698078017 8.54584779415215633091408893356 3.57794821153440143412510514567
2637.51068335846260541806102294 11.0083483902526893121131207234 3.19538511167204317682528429051
2639.06257304538955891522692544 2.21049543345203468501927936368 -6.94417101240756669931531333560
2640.05424588402725758785898416 1.02590947327654385398836978851 -2.09866233339122749102556530923
2640.46294282895132346583247347 1.70717736884029702155034337875 1.72660823316191990477723739553
2641.80174478410854879693973592 5.36465967071781965528031858085 -0.599343595741743126150705325452
2642.75575906304389744380648497 5.38505669127190238724657285300 0.805529879035559752152774747923
2643.97090095834522619989947068 4.19894384858098665517069890689 -1.68112229015397397208621158555
2644.88786714349158185577741407 2.69920965735273922850512698312 -0.0257474190318285738122046133062
2645.39556727857292922516986307 -0.0964119966821423793939611380194 3.52519377716269419369242202523
2646.68994017272431947354202590 8.80949727870757004800570263420 9.60980968641386981612408735944
2648.57742928376388487084930492 -1.11370854879483237056428835216 -6.79943116263983941719352552964
2649.32565355179877211711455848 2.23730138433940411508633731407 -2.56073483836798574924201052278
2650.05854445838232610851277531 3.49346413623327838940170450128 0.258892952398315613972571684108
2651.22733133212132620393234224 3.57529354886294612952959047504 -1.17255148804193804687978589890
2652.16077524153995605361906429 2.64770937733240447132626060571 0.00878039713587272939325920804401
2652.77064282695968858518729738 0.894685360317927329377238211197 3.24125028774880193044127488284
2653.89706974564043827188005838 4.68577716024642289802466591505 7.94717850095865336823507726441
2655.61577232596184138415958682 3.59275960129736128531679992552 -5.79989463487920069527671807278
2656.23899849801725646208827013 5.55492710910911288734268403313 1.36629966528294765336732216017
2657.53776075830055422915741730 5.19166444388879931388934780993 -3.14077819038179315590515495308
2658.34155762975696752754712125 5.85059094068859502087594982356 0.986700826637564616343926190088
2659.65831602085961658676012866 4.40643591843268907658385753383 -3.51326342396958205934661555376
2660.61024580295311457152001335 3.57160546652258409464754852198 -1.55342851260542311013970686779
2661.58257375821388069085588815 2.57471603528475664128902363139 -0.546857428619486999075241411300
2662.18357343562761549480768032 1.37737301321723686886459818941 2.80691322238879880813887588522
2663.39394562233962764408962586 5.07312683705957722330120835483 3.43567151734941093431752202662
2664.23548908324405939037963972 3.52944534977483342329591689962 8.85096573049326223859408364297
2666.03010147945396864860459798 4.86956721786139334825249391061 -9.47062291541378543748803572094
2666.98284907054623593185671265 4.24917131001981932942431806557 -4.70867557783403003846232282108
2668.29185903720891013353211232 -0.123976245183286095836852193734 -1.45991500031402783957570418954
2668.66365140129281853790484832 1.01497257180339915672124204353 0.383371475454020796057885922413
2669.25374488818001451034968890 -0.381864120780909054189150713353 2.58878348545707959846162167121
2670.99899858216521228782246010 5.93247391166548854017725044444 -2.66567046572645634195917969105
2671.91838266891096656595493209 4.14979055418269560565967838601 -0.261765929792388054021266653610
2672.60377958814669206680629397 2.77572099794067259412081874797 4.36419191387738987522805548972
2673.87461871110465577555663679 9.81966348644896213832365639326 3.03328623862651985554607652858
2675.27175912963652574863965959 5.23884117746769160406777265627 -5.26320845568843739465964097244
2676.06649023010044960458339899 6.21996608794709606475551636715 -0.322530495874054446790243152106
2677.24619389319950758069373834 5.81360761416939725868803205480 -3.03728619027620465590427777240
2678.53815652163172866496450404 0.767639846536081475485191733883 -2.31961283886369034209507005041
2679.02528159628447337153989296 1.87938865145539441053660925261 0.829287010354951364653716944404
2680.03902154823846098999631431 2.86161014472967096083899556603 1.51822711447220879743604379232
2680.84311713292361571962290331 1.68521066953806115661874308162 4.26670327407766738172127050333
2681.84105145608271919323133050 2.70713288270048305567959440765 10.3253911984128363621092779813
2683.88227555146990019545913542 -1.03032591995274815311012026621 -6.60129926369227578733127476778
2684.52915690449764941220505622 3.33737011947506235407495809695 -2.01505886470616280413392074245
2685.37711342663224406608447203 4.43890207325642339293454769922 0.133774591890955427929014058697
2686.49616015116044674857936532 4.76752749006794034791178217471 -1.05520655567142464729402942641
2687.48993980802663266646254810 4.26613056068019613229525473453 -0.370097954066253194564069725897
2688.38508159555410125896252513 4.31365179027963337948659799687 1.54232314790853130743566866841
2689.42327598113812772203506412 5.50252866805888156984839091478 1.94494180780618816098108898548
2690.63318685602527461283364105 4.69453620381069179899379196112 -0.875306872076458294137401836309
2691.31838283999711376870877501 3.23781272223725409884636840750 3.92615367210822684513991484154
2692.36871895850991419485001351 7.20049939666930241125364482991 8.03646002443236825441652731196
2694.10282061344196837872172279 2.78304441625793597366599799154 -9.06972330500904148637187710826
2695.20895796897127853863714828 0.251022100692805152466753856567 -2.87502491737146092481320360408
2695.75004924010483087755225030 2.29528864451273326724318661443 0.0412892087562043176604747090497
2696.69537258161146222526818949 3.30710501602027828509726867104 1.00286583862174054636333935263
2697.85755821675930473022478826 2.50540815690944941641041704659 -0.217588623398888301439059433676
2698.29096132139578249510127003 -0.531010301743264653353797041090 3.08546436149818963432969394070
2699.94202750008635885466599550 8.31921152299864665597466251674 -1.02190267398106115674027023537
2700.73120701107033251060433571 7.43865298371489780942485100589 5.38805541566993073632531394368
2702.43354484773733271673644760 1.07678494087122334586078589842 -5.98488927700617319704873453197
2703.14365751118894843654940557 3.44752742989708534700644679467 -1.47513853640781193336976143201
2703.98171424477244890833683682 4.14787955527740749180363600821 0.824016932342819992699522490089
2704.95573755133425864114776806 5.85746412914216359047802525482 2.36729455601646537173987236219
2706.52824732675666912825991187 1.06927227380043382363881626218 -3.14601800698186211242309350557
2707.09076464638887997076013080 2.40426513785376937156451802304 0.468404377621846615011485137939
2708.11706922927296848834115463 1.93184901854196575272762343758 0.434540348070556761035229301002
2708.47652496068329797903808048 -1.75066603504988942111708469137 2.07095439881412533767380515509
2710.36835982360616729356840799 12.4878444275487313636560907373 -4.19861229958813374144909503689
2711.45822786411499783742515166 8.87110939655616402014352361174 -4.71983153366773302599335217005
2712.78668733475639527786600254 0.895448034164510854525371296574 -4.57827112084625932856177160860
2713.52528930334790730914583963 2.61331383629207258072501198456 -1.35047214384005078212375376383
2714.36790668851861885032842969 3.00660285693953699692626688253 0.325988416757110345129439198123
2715.33987163140905809931364838 3.02833904874472964982505074972 0.937948982284488128306545245270
2716.02504904953449799741513994 0.977349668650078259374037839271 4.63097724276796823792073960808
2717.66577487105264054711332704 5.60408878919876862443794290802 -2.87971854854166158596908146494
2718.30865247435248303801350896 4.72194682597851879552661928220 4.10699684206143047860980789590
2719.77099897812988200857051120 5.70194451586447630112453938573 -3.74294985259445944571073698765
2720.49347490015277374359513154 6.14954666955107354867185872547 2.36957155450506953989326519979
2721.79877561664799158176748643 7.52370080470776708207099259371 -3.66048488656758673520368496379
2723.08608274447584349174649005 1.31029969475171068275142440829 -3.57078620351551504665965594666
2723.76892884982269437215102309 2.54690901031978453793066262094 -0.386363864879857447974072708483
2724.52392443706970343271682711 2.71683384436167150689297001399 2.28307834545726905565381944633
2725.88298920348200082393499078 3.26785194778533005563247364258 -0.960780068803269517200903128533
2726.47970103396323079342737886 1.63040272408852187183869370654 2.80185272665018298593874467659
2727.27445943190155780327311430 -1.58179274841497917307440445637 7.75188891182101399571669953734
2729.39504166859491211785919581 0.458793766565244596548911264463 -10.2518216934925698203737990262
2730.49289180717218272878785611 -0.269633813733261622149169935244 -1.80923478551463896608767278779
2730.79770208018674656786924858 1.49497750336284417996111801114 0.811052771675643873650147338027
2732.00404991359524679874260582 4.00352924028453304783212318019 -0.101801985345413779401545960609
2732.83012355748210462365674795 4.05012379335521789503664507699 2.81232752527199432074030769377
2734.20078296782242762662230161 4.41529710161445634869575696329 -1.94617653672428262883144201259
2734.93885608420880131563054498 3.90960920306799017251839553549 2.05640393416021937391513465123
2736.00047910703989756941597779 5.41520826730138749716046361943 2.29274480896403963706581065363
2736.92204844000058582157689838 5.98595127501490717013203082109 5.48903163182332111524492484420
2738.26644416376503228961453130 10.6059263704809105536996285212 -2.16323337062111561504508544513
2739.51354729620154895201137579 4.50225587155082751311020169365 -5.11684136522432419589479524252
2740.31110942123138141601312004 5.95424642053690577825706794205 -0.786462922707401202149904652002
2741.87885242055772285673797075 -0.304936934516269676754804807819 -1.64317089667188459193054474596
2742.25410787824802469144132182 1.19243662933192123577053328527 0.300409372277518246567384383405
2742.99306815992739024562659260 1.02926497406270034168048976841 2.25374809568355019659271233122
2743.95346981008782449855745220 1.24307760748878000514936382580 5.94871957189142098482296748802
2745.32183189819290394540743347 11.2394421686787786311740097528 4.06315452758407757956833053789
2746.71479895239840687084678665 6.14048914774390379430721418217 -5.67654610769305250574630840124
2747.51409799818411773911745222 7.19297935434569676585699452932 -0.249018169201305848721535177020
2748.91619106643643581484265389 1.81565718066442967024603830436 -4.12278426792002996938029112840
2749.64364978865323628758190814 2.79483291603358153527229213525 -0.643441495982256424710101540805
2750.31408341035982453579107676 2.58125754127643829908468188780 3.10154746703238574620709835272
2751.82367145852738210449541080 4.54113415810115006246992452796 -2.92526316882141516600177656656
2752.71550249388326103583753285 3.53397288579951029167993467313 -0.508351894104665311893516868431
2753.48779641739615078892941802 3.06232456734260015448024640224 2.32772962578233737372596930543
2754.45866308271839807607887667 3.99375139642647327185434244581 4.44378449475602277311340440692
2755.41687619148596685555990334 5.35716844443003512196873337301 9.68949236903872064710868277773
2757.30186821430079189169575669 0.398367895718815362291299302353 -9.01033775177909465880999159744
2758.27810332833900224645020038 0.655413529631282724992159417674 -2.98814483869816069500275304069
2758.85867096868500435792111039 2.57765543901310819223729650517 0.0527384630626869602138454950031
2759.89861391965838915776470485 3.16634966958572035363272481287 -0.00606772195838757232094141864826
2760.65715154011170614867976133 2.72665859398503274833825890138 2.99189184680367089406213439093
2762.08288014257529999858260261 2.73905271892572279325100428345 -1.04625021149054973641320635710
2762.44458046769446314862135641 -0.347416722287062747035074081956 3.28762674726555540569630893290
2764.04184625208908305187955797 11.9588639664618228725387113679 -0.514952627934115142069794114905
2765.40769114648292577070061233 2.99772252416070795544507337915 -5.32753569583016706336672392615
2766.15703558991906198382360069 3.98105625388558551107569233577 -0.796144198807296692487117048170
2766.88726974736800712394289027 4.34407516740118391430146741498 3.82216544486281968645640014132
2768.66452388813910808668227396 0.0822299705351322130438282960030 -3.41551479001613495730387335826
2769.14469879609999022812262257 2.64600734471572689278652162442 0.354373628297959739755193926078
2770.27909364334319213183079233 3.10850665008396489428186199556 -0.561551268634926149354576366733
2771.01739214268477319747354936 2.42434095468197486251497087179 2.10553496036092858420710375149
2771.89629366172772109424074334 2.12664644321467267167313968992 5.17371483419403672123255462158
2773.02971342429484460131976871 7.66489269368344238442280362140 9.11031527023230503458369581588
2774.67001073183263133358918676 6.16976173253280518108885181677 -9.23587362582671077232719758806
2775.72570734241032791328815344 2.74594812199244534823126290987 -4.84499359202270108727487623963
2776.61916030792635618947006989 2.91942407530132865367845238059 -2.14911307759240186269362179234
2777.51212520257613457500798680 2.80240230765910012004915118191 -0.605012191866675439948876751934
2778.28969529977277565102074853 2.63010998903695040285431320025 1.65133840804543252847870939877
2779.12753913405076865938336461 2.29016049400471208746181630997 5.12051131295952618551550520501
2780.77111837907153860070690343 4.53886657350321769282362247756 -3.93913029946290247193926147832
2781.65607022757144077752508610 2.25813259644662671711435956166 -0.622732460832664852049022515576
2781.98923965464790396240515243 -0.834306186900455519999036797551 2.82972074956106593095099306267
2783.94366528685911091846231061 4.97733293016411108394688841217 -7.04088392807398876984257683169
2784.70528387612184016365632172 6.69451956497439274424002705732 -0.905587506358718963918383022552
2786.04333573862275771965261316 2.10212548234991193284004900764 -3.84139428731555827841884736792
2786.70256635136877398813552364 3.71529154442028582986651842105 0.232995442850227101444058728596
2787.93202125852377483905577810 2.89343441843868298480093946454 -1.74431575212027155665730115616
2788.79627801451107433894750269 1.73413942147013656418236757078 -0.0605261293953557600863872379031
2789.19756112105091255608118338 -0.692492019566516845329448065244 2.14054752442828008958214125452
2790.49308079103522604000213806 5.35732523410379912153426898278 9.94367356470740822344374545657
2792.11337855702284222589913983 9.51785832838786515652255700377 -8.36078767214257611179299069906
2793.30146924087172433662656545 2.10970142763981607572434915631 -5.44268670040659717851799386014
2794.23809333527546769677325299 1.36475518429032374750359523857 -1.77322105219330204668512257382
2794.65382466532819842008997423 1.42833118147368948335374534732 2.03708895115828151997195824619
2796.03476160365780519870257553 6.18273056787143006073711792782 -0.679595023234413912870615555143
2797.17453935189775942151322452 3.90795618019484567979312579145 -1.85523575647886961210779969929
2797.97290122962842146070928683 3.49924983886192340686586580752 0.945522904861081186878376702633
2798.79814017704547720547438136 3.26228258091723434466814502000 4.01909357311469907279266914403
2800.06744481840149278255864550 7.15407090997865812372896843563 1.15176841627497243867041558143
2800.93760311623493101295963226 6.88650604249412285197194056993 5.20668978196814211777474824649
2802.22480153633166301134801708 12.4481317670704534850490334541 -1.71648792981065143240056508574
2803.86495513834450690903873954 -1.47786136115131290363759864912 -3.24304055857235941190370520694
2804.41893567625115220898480874 1.78191292618697297727822115864 -1.08442695191186668181921416608
2805.20530036306444717333513297 2.27482620530192017142481618974 0.451669778072416878505152529141
2806.00273241664088883771396074 2.14701911272360243043127185286 2.73258736025952842479976680252
2807.13231837118938027860620234 4.88330820570603288977649646950 3.34189946975479525133990507042
2808.15350119799763361006681400 6.35690237243071116420801236456 4.59604013992341653214885609875
2809.29165224519283746978828117 10.2959227875487389790787102693 3.12570199057407901665061429292
2810.72463408251846408660193836 4.22904462880226174263926847069 -5.74765807975330998566029813843
2811.46099222605280972453401057 5.90067557773549192314571840711 -0.248122377254735686307914154827
2812.86199758802214860988895148 0.959264965150751688240949940194 -2.30338812266011910744358715706
2813.20148802830093597879115966 1.49956012465163886265023970947 2.00762371293903142262039207306
2814.65675798059516477259379669 5.78593915944311677890135563720 -2.25057745904107315255479951803
2815.83865399274766744526283210 1.76788331867901461818517646247 -1.96070880318533403305347678064
2816.33795481532515673023742144 1.74643026453044413698567501402 1.72889558374393109829835989937
2817.45890731741932616961124743 3.00401820866363348399121910964 1.64090537828013316351728181737
2817.94946216096694721521957847 -2.84623136123640641720954682845 4.41006523034600166875549010475
2820.48884202191658497410646527 -1.45308178503554672900131881508 -1.16059681116607788404998225391
2820.66084105378115995514111920 1.61667458545451548815860104645 0.242307627394522971767603771006
2821.89193007487097127323363897 4.31057292742042354937074096988 -2.18315544491682298419935547340
2822.92302621702321485750366323 3.19853834025787690780362097116 -1.64859053906396638951661736616
2823.86699205660798396768721147 1.92172328235003551956662555456 -0.423887946465352667593158554957
2824.28188412203962794751872738 -0.216686541171639236556166467273 2.49580473432644732573380360660
2825.87265668975075799687783931 7.18013666954714310888560491786 -0.428130209026606842541413600409
2826.71217037492274602958321476 6.42739565429503116748960508471 3.66138953918587541258697174765
2828.02997394625099507111330050 6.89517391791438479731690145459 -2.64254384018030960167455821974
2828.85152659052258798663770344 6.94141284723213530164616340179 1.89072755246089610099805073187
2830.08754529001612222419182666 7.50222705091004053942904225438 -2.89683103437340307625930109132
2831.12842543718725850038854377 6.37762622758037908346744043757 -2.74905226430463045674408110253
2832.41655085794384075229276014 1.20735809914659486220761743295 -3.11578378899574097504978234419
2833.13803585167090620691596338 1.74019092229397047817914538445 -0.470516668893549115869908467945
2833.65871723330817824451664530 0.673246966887407757873089750785 2.30388632793922273458594884835
2834.98024846251404713041119859 5.00350678450386346086611156719 2.05493141687788836679655247558
2835.77584774453060476162693932 3.20698133590970236257728803812 6.29961995598446247321012057262
2837.01447208129312275257096961 12.7363359360007008459650110547 6.24713303376549141870858377339
2838.81288152927165103031082518 -1.81132964934595240946040217117 -5.31614496307773734772603111469
2839.48575339501263146718783933 1.96676998216140122099959838806 -2.08408730952045575372289961321
2840.28575491069153281335134717 2.36287539439679731050120036115 -0.280647723818586252966583742957
2840.92067297310397613140725045 1.62626447888157736803955295118 3.06119809634473465318494299695
2842.33264108110070138316866628 6.72378462485380317725679325759 -0.623812488202859140138970069423
2843.46983788456475098304364182 3.89728462586552068947748737221 -1.77668028779628307316048086663
2844.19898696326122713520358198 3.32466685319535158193511619726 1.74982427167299601559439552961
2845.02543361048015563691826260 2.85229683708370086318246611865 5.59140005037962553763744499571
2846.39077621272689000335198640 10.7936673626017678509672338134 0.709844828754154426474592986773
2847.53593552973075196749237548 9.65120324302232436265362148296 -2.92960979792538694062395571079
2848.77030855540735420772710553 4.09179450951025658174119934742 -5.46565910767262303365362448319
2849.79708664720965171220145841 2.08250964496490438008564269611 -2.77467451105896350538981691901
2850.47188819743534702849978238 3.12971984246532958853954138452 0.475191784923103684583601660836
2851.67893803625434909372510310 2.40791914324973822877107151953 -1.01758296111111065844757001546
2852.30372656836976893478110396 1.50723382584605186986883143777 1.64992118969406073316470267839
2852.92621476469486925434554975 -2.21697283498954849244961231507 4.08595338153555607905082279108
2854.83239423193131622913923328 9.69900505059909602766021917677 -6.95373283231783375635853050415
2855.85372119290011135801936960 6.00710760306670302489642082567 -4.15576344195977480667486955210
2856.81613354391332120486737637 5.14331980495267550029163534616 -2.22515392857515525935503992361
2857.73613980782205676682984676 5.49462532839336599645855399994 -0.450606974090322452152954921143
2858.85786035625147837100349892 4.79740361829836171994984970250 -1.87596442584853687206356646452
2859.83874895418436158200629529 3.78421924871284147298478781036 -0.897690148465123801258853164429
2860.57743649761226594127080357 3.67552544081972576732079431685 2.78262251297073753520814014031
2862.12020823439640538304995777 1.46015708701831940487067179416 -1.96683167183493393876593960666
2862.50696627776267931795642491 1.13191589926431735042290724412 1.86642218200897867529518846320
2863.36358955219115397221132920 0.168275337559793387905947852926 6.57907183764670772621401288898
2864.91142675885144561313221380 15.4189150908088878754593638812 -0.790526609615788464079083616759
2866.49320975592975347236554025 -1.00679040931868840308175347248 -5.49464794153678522085793868480
2867.14935609408786821550721837 2.80318466519321941707978539974 -1.99801899004132874445590210146
2868.22416366309043852098434533 1.35522589656759961095202786905 -1.30986785737544006570158350775
2868.65762919421836443425737349 1.01857609953659306236217369148 1.75942639377930281389613834017
2869.84345657486365316916141271 4.55274049333694724080876256314 2.83312697495722702789197575713
2870.90950637538092070168876705 6.08644490287042290883815521282 2.81960124095713005519054646662
2872.02351111354819230378974978 6.81526608938602525901664716426 1.12744812150504603564709333898
2872.85855518343819686238388235 6.57013356091377332718422715021 6.09863967034106748293371303332
2874.56915407284586469023194051 1.32718360906681673322425280694 -5.89445692510555901193659996166
2875.28211916636655773187605580 3.08497702797346078430158002468 -1.27356960122226158203098859747
2875.88991434038643572643932197 2.90153980740131014558556900392 3.57023713703748313669803749729
2877.54664915379620628906650781 3.01232979445337738566052465776 -5.19191656638570998790629574995
2878.52700262417992669393967485 1.49723713297793869714853728981 -1.91325173616726717933000006626
2879.11990754697892210553103910 1.82835919193731202529852386327 0.812927296876023583452223259654
2879.86897393690733902887655419 1.05292454670964141368920718145 3.33539500492860594814696850047
2880.97899473838600688885400507 4.31557507269003181063064177800 6.80471906943120156870938961060
2882.15364639063691079487132685 11.8866020220181493754146226688 7.25411614417025331372767011606
2884.01365755283976667237983697 -1.48702531096888235858565608328 -3.16331158833383709168413247968
2884.34675779014294340496446985 2.90640638236569887040373017985 0.322649004334286107976526193044
2885.77305540272213032929619948 1.23834406771521376712727807993 -2.55210201891943684521372290398
2886.30887463977257985946323968 2.23019115945660540991996293229 0.891624454279623963207109642603
2887.22488550706078520353123668 3.30489936336276408881113512582 2.86571210358744467536457009291
2888.39438245617213148171254848 6.00528205355342159727749283163 1.66982526326484195727375594741
2889.40416804757801726633537346 6.61596590174938656258453789094 2.17358877677575158105149059249
2890.64262636155329554711802607 4.95451356842265919015055460837 -1.73901630059669479414648858769
2891.28007821545510649429019430 3.69868589089049803852374068858 4.20840700189958835293068686676
2892.46262401663924809434760417 10.7597305048411693458037074647 4.12150892437126877984976235624
2894.17444873682122325861086443 -0.801077054248979251725668688297 -4.65283102622046535085052863652
2894.74655035622501220136407249 2.91135559223101808919451747790 -1.07580905693129693142560741422
2895.64110386197137740593248394 3.90921016473270802518937084847 0.174138908546167048676897021310
2896.82540516824754735846149461 2.65664337977855074551031186614 -1.26931739170297744336031480154
2897.42830056696972745581277926 1.97469480546435411265838076391 2.23390718334543274979670909688
2898.54135317990794208694626994 3.72467917187588333811104062985 2.41286748538589775084275695060
2899.17777983654836109588822850 -1.36469814145866688258921907128 6.95913248544359936882822342479
2901.26385036199717850485740059 0.693243649445359491865550951135 -8.85172886096328962494196250620
2902.06510248125012779632068553 3.09241580025431619240258686938 -3.24163434960499896225191513817
2902.85578552850826419550131877 4.18038864835136785558801732278 -0.389699849855674018824654964284
2903.95787904303701859199954795 3.48852289594352270186614977468 -1.20447127224702762080186868410
2904.59819602198772412375730563 2.95689052883523615298390237838 3.32967899850089622121393510477
2906.17641759662853928981221330 3.00498027100092900922398381804 -3.46314454304698452387524527687
2906.92333934298519448357947776 2.89898697632972847541195417484 -0.0185336241308560583492603904596
2907.60573691121083213491051543 1.90372932429256944632224516767 3.25239036962396086573440982758
2908.65804551974278066854811094 4.82667999729970122437799871013 6.80131295789393869449119576686
2910.02823343504637966578923596 11.3790785164724920038553605410 -1.25412494650711691963711316575
2911.14290366458001567064956626 9.14894331060991880304508438989 -3.75248628927905567121588992160
2912.34590472605591647261826277 4.06976628264955070071333267897 -5.57277947758648033545063313477
2913.52278586668608403247695496 0.360835701344691278691508375110 -2.23733464812375826561065295473
2914.04461107210273964794660591 1.65438851498579032149372979101 0.214389069638849389677563918013
2914.80270222386360972000688804 1.55358752867888522681634880398 2.14200061671097416488000206767
2915.68597532745517768907940918 1.14040472205218419090989938574 5.69938392426475608959295147082
2917.27417344148755535169415442 7.03961323786331450578085987662 -2.65830821034220180975619747830
2917.98241670191252016385891039 6.12530939467193878832136386662 4.24462690220970568596951801162
2919.32177232652727813458701736 9.25060922429125686177192389995 -3.53390544735095482590693986961
2920.61555599214132526698745720 1.39469511276728471408420873773 -3.54709937509782753809995340912
2921.08319893725982857572826498 3.13208059495435747790961312135 1.74927372192860343071744981708
2922.39608455739507744194400856 5.45875490286158185096049696490 -2.18643472258953550533263358300
2923.39093235737660624493429251 4.41106904213209488649453772460 -1.33931176561595344159575475163
2924.33343499395265404865615168 4.01666870916474043794555407515 -0.192874104511718630834904113489
2925.26150911931331255194227840 3.83456373163520321693711613224 0.950515856827303893388788899040
2926.29543622622575912312371639 2.37724240549118609050534995032 0.503317555751967436922202145447
2926.62401468646589698832140748 -2.25369217314301912558026778087 2.32372666947814145933801795811
2928.76107384699826147197427116 6.50913177425052191425555810886 -12.2582270713259385444133893644
2930.00436637197919758934802693 -0.720878754416819994881265275250 -3.74674400864753019898202195397
2930.71116869738957150623408311 1.02042613896318008473605340936 -1.03178578194787840527590150673
2931.06910110981473208546139520 0.572017542722082593006398697445 1.72659640265973169917110526307
2932.80641441583276900501062825 1.40775039138582821611874190179 -1.95158850514818344717586896028
2933.17485716200829008431183157 1.11243318885361305255948354707 2.00141019084182646374377923361
2934.29071783578784593199359823 4.80344966414710986645891834390 4.71361559623182613202828383052
2935.55246370574799132589904319 8.32090047165276187778537580273 0.331798177754610848848407765009
2936.55037484860182024149643071 8.10520244388374857915006119421 0.931259935815063863663796658816
2937.70895898156823787372979193 6.99398575849280614116444052868 -2.20264480437659774137365927248
2938.58122035057845515090581169 7.44951469571367921653512853617 1.16637774101425166693872097400
2939.84752916259399123552393574 6.52083432737041917510140034705 -4.42051474318213625004359987434
2941.26160153468711736853817753 -0.211616677875522162154709241810 -0.901557331416041479616337503285
2941.42521775634224703111452408 0.588931245702944391883992365032 0.653379266201183209932059941047
2942.72488586514748869487132301 2.96584941904450645171288640361 -0.0504342913681282627208976097895
2943.35368496017837548535447338 1.25705149483236877595394636921 3.15135846310971822875306641542
2944.32164879448343333746345204 1.79978841875249317501503773524 8.27149911649386124329773681746
2945.94449928588702599407233834 10.6135037973853168733492406074 -5.69048919333907846926917048663
2946.92239489618835075090045431 8.97166360721527645661906409353 -3.35464809237439298906367555431
2948.37426186469053750486875258 -0.348399311596712301887590510360 -3.13823172978388367958367257933
2948.86757720939488674229234045 2.30745580601432840008333945262 -0.131698170317775422848446103248
2949.79014302578590907210450228 3.00860159631274032309331329193 0.758672791356171431739074695183
2950.52110835241838506342040120 2.05867670612487181583722905681 4.48246809875979609206730258225
2952.28382963894754567927849349 1.59034549710637729787609977799 -3.46422795517014651196646922562
2952.82717658351190103087007272 2.57419283596305837789660851482 0.880828139850907427649619681564
2953.58903099375880812010683353 1.98977320842662169912464595376 4.19089064495624637363866371134
2954.71127529093356272781034735 7.27310802792504340594173252022 7.73990860845789046350227037289
2956.25873042415712000282544224 7.24814953258200391662650719887 -7.50926874905709117459326838361
2957.23625924684256220173666270 5.32543014373278498377291285085 -4.21336191988354599266697076281
2958.29077625419700272078122728 3.33449895831383171966902315930 -3.25060448320357679695327995158
2959.22101423468715186542753916 2.77279550505416434545979620700 -1.49221412330367768643445414444
2960.03361781200837430236286160 2.68799113656365177551729141671 0.398333920190954326824682433890
2960.81483926622022873063008087 2.25467987635825416684313218673 2.75209024670027910263634618700
2961.82597057534859146611306647 3.76037304718658903006847921501 4.87733913693559057165544416345
2962.81963633528142381615924251 6.03605222703593613181070574329 9.34213699838001183195031666264
2964.63392149480856275806609910 0.931838265682981862190066171114 -7.42279530320898543563336867460
2965.39834158429091685325044249 2.99729579578948917678298588578 -2.31421039065025481675324081100
2966.06526974564810140323704804 3.90764657221300909919937866801 1.79666299744091717561248275044
2967.27019042649619841039695081 6.49461774902633234568164523071 -0.895296705825298023293996569430
2968.40534899540754471287776526 4.60980639504157771913544811142 -2.46110073637267301043906924506
2969.40113665569880967413199099 2.95250033596170294271329810141 -1.30033972732443722837341749457
2970.04993011091363364623763986 2.54053054690056032101928946378 2.26893136358064233631932906611
2971.12223812493448775408242445 4.94777211070490466655813957877 3.16160745175654679588092414551
2972.30888410906875475286137336 4.84300596806909680261980540062 0.271038555694943917218923627055
2972.81168639135769249266088954 -0.503477714821464182249455300617 6.42129314119729322480576275079
2975.01802041278089612299341924 -2.54642300111461076876862193422 -5.49700138770923739059147694661
2975.61995716615344029109080711 2.62101594357920871666395166156 -2.28514753859288351621582496048
2976.52623213709425254053435141 3.11523100700048113024568544259 -1.19754208351697508427576191035
2977.55357491347025255604039848 1.81947947070360875359853958864 -0.747985527110878524837406225858
2977.98197851260020275917796048 0.324685078241134187286008828936 2.32165459841415493380555367655
2979.31904221201144901075171685 6.60521479952721095023872590633 3.22645393392846961670091489431
2980.48738100655936230543467119 6.94446053449753239072272384000 -0.0246011076733746446324829048087
2981.34394748181029163194755110 6.58965899536928390010069117598 3.59073088618825001866404621038
2982.52371989592463806163354415 9.95986558020489042803874654962 0.0534899975199877781329673924248
2983.82533326651940415622974488 4.30756764979979040144057237488 -5.04283354323765779563981511961
2984.63917780444656897325118430 4.79876993279210291297266062867 -1.12476684359567971184724964676
2985.54766623542107215071756476 5.77117735365600420749919186669 0.646889417606765033989629415400
2986.80539338329783485176061986 4.34527745834268690340142602454 -3.12197454751701335156985166307
2987.85615150243213745488635095 2.00046360687849849530415127382 -1.75453479443795481191382110309
2988.63469966693880834088788346 0.941966202008990054302733036434 0.0206225356461258469491387778584
2988.85504636744520254078832940 -0.937665924458502792177756150063 0.723678324144581013269543759222
2990.42327057369860240537680023 10.2121010706037993809297155449 10.3439128181833835198000585891
2992.16366867506322017513670052 1.13973420256166812762447311324 -8.15176235586360141415738733001
2992.86886637830101382920296583 4.87191535867795323532850329543 -2.44061266780907618707874934231
2993.97435309284801037576338176 3.26458660824562175511612627243 -2.92858535762633402570708657662
2994.86550704675394824165178424 2.81013626857851487188322148875 -0.985561012218468192308744051027
2995.54026691550195426721929376 2.63967764397364283932840891219 2.33248791341648839088415219658
2996.73650601622176359707732747 5.35509779322506403344325653045 0.955461534414616757382101829638
2997.64720311444279477789296501 5.48854702885886396524104996151 3.06840150298011385822575199211
2998.95930109802893173072785805 4.33247359977250532527288832964 -1.80676434980909642939717445601
2999.49449299459458296944304150 2.36863297439577467809314887586 4.60696330925463207381086390007
3001.02333116287956909312300012 6.78894172667729036771248805571 -3.51617392615907345354334299592
3001.70733245602101818375529098 6.92048250638024124725480186097 4.28043261701945173124408178168
3003.47704285271059484671282409 -0.960630827736440460480267683518 -4.92396809626270601702925598756
3004.29097591731057801524747864 0.630177233691799357062696794418 -1.34547143370703082177624667821
3004.66230840824914309319047296 1.01306365659208961864293379179 1.18452577478697374073209542618
3005.77292928450801063754354619 3.75034813595675594280863751478 2.44888358779500709140243385150
3006.99073836463340184289112005 3.49535637095747591777902603314 -0.130295094055079605117409933781
3007.46869921647085055611708648 -0.250220054037132003098547501784 4.24957869028447274058041515140
3008.88212087239304215933808168 13.1535288446401098472312161144 5.71599479397675786079160681099
3010.51496212924427744340942212 0.627470165388534007096116828647 -7.48714673830862555111748099345
3011.34438018051223089984930240 2.17681714596640950953983253481 -2.77279095331250509999423228697
3012.07469478586682396086073468 2.90170565329230550747863614154 -0.0508684915826838586490401011326
3012.78845054867834534383398607 2.74857327177814146652969707647 3.61852943409082251395124521626
3014.45908220668191619151040491 1.58258735919995678434781385718 -3.06108392319024030912299403559
3014.91166650272930518943436773 2.48906062742279182151868971481 1.89599579941653093235538463337
3016.34839416997796186956870183 1.87918399416123995502497044923 -1.40613915494479783030919038221
3016.70006081262919700204596491 0.375800092170378421856704788271 2.37102374161387224183245624022
3017.78344019159306882217154968 3.41007834855759651629312344405 9.05666259696436736763844877962
3019.46177578036595007522222145 7.90173223686963234278207863583 -8.62807672597279905656367090506
3020.48763389693909524455202739 4.38123339839132305057423197202 -5.03910956552218812588720613671
3021.42040069251129295816179361 4.05825861387836012489111673312 -2.73876991865638519649997256494
3022.44748379312591247786618860 2.83476049848286934457470310197 -2.03912238228156864512657840611
3023.33850906794091082484600902 2.14741354168706399991013836442 -0.510770975741993011207682388461
3023.93099607390226623167172697 1.17492297790099829906852504387 2.18998250963018373865529971016
3024.79396387121776071063738455 0.100526915279071220431372976651 6.31394178036415418523222162595
3026.51082690784543407132666708 7.26677816672841031040113666995 -5.03646141217787887053550534416
3027.29952280734147223039056012 7.10483327476144443635507272554 0.709081938369909751449922066370
3028.40152252863068209452317603 7.87992817128666684295144829747 -1.29481713301781302230630795824
3029.49938836968124064599255357 6.45717706928072085219474832182 -2.82670222294451656416979756148
3030.59452965098207043991914848 3.63904149093742406972644987524 -2.79048450281033565175992870130
3031.28921746806128491753962697 4.43253458531550444972666742469 1.57425027994918650787676811373
3032.75602936022450294199416036 1.40725224525012970111608147206 -2.44726721830334386635285717903
3033.21812397295362151745320338 1.99220569202324876624212528413 1.56190539895458201459806344088
3034.36090719232689351584851490 3.82052656995998294681908679651 1.07994739898532915852899921170
3035.07410394753797581439455248 1.78150142600538661982511584255 4.76912680457389317429855548336
3036.13311323820802331567559983 5.78382700353727485508962957829 10.8855587875785145396737636225
3037.98038359046851574181942184 0.875001966589457464903893134700 -10.1475821929924214930897036304
3039.03365104421019953690297418 -0.0754190891995148686817416999504 -2.72750230332521348190425012507
3039.52160157157210409438766007 2.21286624926975811258690097420 0.0775249656424808151317892924471
3040.50042756465989617319868539 3.10769694076516914719448499853 0.473460963963514351834748364439
3041.25680354950007823828393981 2.60723298352089597167166923000 3.68325284367652764448728439291
3042.65304985413171795073960485 6.02446689278073553165564155043 -1.34500770546100162434686405331
3043.67054162177020121368787433 2.87558837533003355227134803118 -0.653686563541808997049413098562
3044.05512798191439619923388629 -0.576804479613935636865856527440 3.61273623894354715062630698604
3046.05003022487610819326154155 1.26587646255829040716215976655 -4.50600058348953380685257087231
3046.45450421928844037752820528 3.45498078889564186766639519555 2.33375966023092631676332299243
3047.70881764088986878223663882 8.54091091048027995938504398037 -1.22718486812409423446234394366
3048.92263249040491186910679554 4.94657366607628924684409346740 -4.65008478590602710008747405442
3050.01967675721217014526046177 1.81319778737496446721463902864 -2.85800038463921690153553531000
3050.80123331572091369350414981 1.83749949590374956814955564066 -0.530125670939010037843660641392
3051.34238334148050038628861866 0.890751656046664185397290662608 2.20649869393614167378370512942
3052.47684852426122736435519752 3.76234526386083808174091698333 4.03217165967835399497012944153
3053.34826593695212318466502540 2.81135368747306815315114622989 8.94603470873345634954733162664
3054.98652086653658789116253246 10.3717890062243390822055355745 -8.04185087663549277458626250362
3056.24292330973060115981677071 0.731001988173025863376114801358 -4.35607736236948097929442336768
3056.76513811296500058754516489 3.75434686347417103883498427885 0.458595900773957220969468855306
3058.01370300970179414633642274 3.58549038464885419147662761040 -2.45069693752068422204382746064
3058.90149469316431176841631724 2.64726167255263445445879187166 -0.549619765707405567638135222572
3059.43786175811278604489092214 1.03449141296366468190768229566 3.42363134225725812548896918084
3061.06270011759075604860029220 4.63579055464850698452894036054 -3.23042220525925880347412188921
3061.83758444526760955076424334 4.10221747000170760626922850119 0.558018983700153119525652593615
3062.72687316464014967466314588 3.84833501514457684929259626470 2.22836647622659108414589524558
3063.43508648501864902541406339 0.724869634975432826229366266085 7.52707970971169111625190712171
3065.28655558529720554905773865 4.90258765390516112286133720932 -9.96668305675555366088160673457
3066.32025040409628759396016757 1.87667696501189309101247083706 -4.44675503126992670536800017058
3067.07132024117611664727737800 3.35675455804043121957814577245 -1.24280039797056765750902643651
3068.01350134179533530724492600 3.59681856059476491622596468147 -0.468055822095858169387664504251
3068.98426618552620089024155176 3.24921665595856387253281136892 0.0232465053878888463149794056029
3069.78290477976748532825118042 2.61285411483013333059590039487 2.09748579426363254264668700644
3070.54262154980818544378884684 0.617581032127254821607060970827 5.87595233475202816362092833615
3072.00099337791567591694387608 12.2728555937413306987987987476 1.13939226936888458949012738873
3073.18523777994294867292175296 9.64123394864812140567356127448 -4.45078367595344093043655493553
3074.52349428521026811319947327 0.495201635042884741850413925236 -3.61567878095180641245112612462
3075.03387287741070684282479726 2.76155580728036676019413143704 0.351193489216979477788437449988
3075.83347924246405491413915916 3.71475401126646020383306176631 3.76394303004657967779280334357
3077.42747330681231421088274861 2.88966344981477703563540227037 -4.52825260729314749308428361860
3078.28622691796925901223602140 2.32424401398228177286889003945 -1.33330017499729409831214860913
3078.89737914713500822863956723 2.07718895849490313096189076530 1.85117907566124666031298951228
3079.87139464281372163130609549 3.33593254998228722853824677096 3.81813832137801782445005835452
3080.85638234197254749808988484 5.06694356646333300237322784117 6.98654910976427361274185909725
3082.16316375907170593895540255 12.6255059769213182839200624180 0.466998962259023811454570650297
3083.36135799043167394530639454 9.82551149784207805157500824229 -5.80009996192387310853546077566
3084.83845150429331559443852066 -1.13188343349742932854102683090 -2.69961047670979335037147693847
3085.37726899363421310016419216 1.40857800429603752204697779484 -0.761478508203496931062915487074
3085.96552225931062167728951942 1.48651882722357447370243419214 1.60400626159413174307318538140
3087.01881535864535616738168952 3.64779434479401962732663588481 3.08126516160214066391931234353
3088.08343704203937779069338000 5.86931300512922330756585967647 3.55127748336675631364981816307
3089.22230894451780629612056229 7.75624520267817204885558210096 1.22449258326348199716779774979
3090.28219490293482837346459250 7.23089382124328759820499984301 0.0983603844013507950983713214422
3091.15446969849338481402163561 7.76033149942285524043749063694 3.76679401368594264616356966015
3092.68766704002692709666875809 2.03591830926099021073313855256 -4.65380781402530074786454628150
3093.18544571752394753984729984 4.28467600894713868288054992462 2.01881645420314860342114346014
3094.83306843011632515811445584 0.100911314787172857983411315811 -2.21059650108176322060250380719
3095.13203123945381440504900245 1.59015266280243296781998915380 1.31155412088533364650595037846
3096.51548551293643328719731265 3.57121166466335533688308558425 -1.75775457158897937895639675471
3097.34260653099147638975063481 2.76101067648483677918666357541 0.332945465935019416952163481433
3098.03835497296463416592404294 1.43202014411174968761538258741 2.84584935883475348507532979852
3098.75808984881322627805630621 -3.19529291184239578471358944895 6.71843140129819419795785264806
3101.07937308657926620190261074 -2.87453336926868484881703269008 -5.65457298893146024555316858033
3101.65737079014479655716945175 2.69471453094871741277170399365 -2.23222896347049278167770223415
3102.43608912271819253755442705 4.08783034549982966000715962788 0.143159422579569579422391560838
3103.58991605958848400809911961 3.74316462101948547166607384370 -1.58948714084310343708506205379
3104.36254634163384102948622953 3.75403110890435721326017952875 1.34437390996738624961012332782
3105.39140236985770278030670657 4.97573811834182120726047083736 1.50955284933784230033571334234
3106.39635264605547560006828115 5.69364597993728617191658048704 1.88180017644107653112007365930
3107.48425585702325119745687175 5.87172545817135937590860383530 0.508501379983163128122094324130
3108.30359626620633059960378898 5.37742538140293820730804447759 4.40624792270743451521681613871
3109.53309979035677203164980376 9.45539843765739085579615924702 0.132722743519776316245216369903
3110.55720038032568021221750422 10.0054154522089825861564568283 -0.214103709653926731655090424607
3111.92072771409028312490677853 3.03540823113367237064618937176 -6.11553202728615187758707209332
3112.84073785937315290221015651 2.62607525895155264559341911446 -2.83103587861921352664325361966
3113.75521366948673933279102473 2.07363869835173090505272738387 -1.18388535474372475238517107917
3114.47341620357196232965751786 1.72070244304441870844424613489 0.715987590027733435820489587509
3115.00267241354494260538575479 -0.989231505836253285223897220714 2.95716900131524793416306035746
3116.72045081590151786910312723 6.19926763794932456840846574313 -1.88638356097547336665608216469
3117.26972338689950720645870438 2.97808087397774466176859697371 6.50744436466379524883242333624
3118.95501366612433456705651419 6.03903651485148644354909112919 -8.39492032310159483212149016619
3119.95755660433874413565352801 3.39385902121104401979746926490 -4.43176870507700658409544561702
3120.98621497567748757864918903 1.12719313773811114971324520539 -1.63969894112874139876272093038
3121.33721976292580400236293356 1.00042029622573451694336403122 1.88790962230212289375945489688
3122.61012887534761926406164961 6.99825248787504461931529402853 1.96527913958334187199167117579
3124.15022516432987171737999910 0.471029580651569675245912685890 -2.26438741224517570113118917369
3124.52592264576860426481772840 1.54121964826585870972984450750 1.07607786575424593159653055750
3125.37444147211021465600827843 1.90990689445854285703991901210 3.91336210283430167892451011979
3126.45011643482005724693409644 5.54480062831445972914613855746 7.26053751436502040675396476758
3127.69301237344288760423705082 14.2826863332005678520885454447 2.91022310734829387462170503302
3129.46861260974806415309089371 -1.63897114206461011154555160827 -2.39439834339211894310683610626
3129.79620550542079243182915519 2.29481538406328070594595966674 -0.107380495027066128500567913391
3130.87766372977382827727649729 3.84369235664797866030102650340 -1.03751966631684603531734408433
3131.86109021630175505587424587 3.31251022559696811119969103333 -0.589966130209268630365372203701
3132.69833136623752955711751857 2.82239604272527970432011311220 1.07855906566964917185702989516
3133.39888382298054909010261459 1.07829522147049319064031359148 4.40513810658140458257912665783
3134.63544590125767954808292311 8.58258871945287081591896109840 6.27672545737543961329420131733
3136.01556075204168210791023709 8.83706078455250815576529902998 -4.98982554815937831817033297311
3137.17517266693139620376815317 2.18421047479950485316352800312 -3.22003763880308637939403957479
3137.61349521202296048500839055 2.77968505147555865029832248616 2.89151070654637112380508435417
3139.04950849846551719474545206 6.76990591859260792350516018478 -3.82849133582930107932704660249
3140.13849414105253664457825164 3.48500310812897962828824518430 -3.28950362332920338837149307420
3141.00117482824038225175488169 3.17281976248906668194677018635 -0.965589835016853443445566412526
3141.74803254288387940838000042 3.27129716017754764911095382024 1.89689179248160533019156805950
3142.97945672803872233740052495 3.47863674847866711471022540380 -0.559558094173157845808249587230
3143.56749918357824970491654740 1.50759089612736148365953598739 3.41180088431224973351545872218
3144.49048814551305068851084185 1.36508126016469541116096720135 9.49099500121813929310892173106
3146.28352837594445214576285683 6.86656949287095327262720808794 -10.7664585310095964434398074030
3147.34460662553037257476539629 2.49578348829585192825341830815 -5.72113939146973570434232740223
3148.37904187046819350551327120 0.751441254447475458797103381904 -2.14056531700815053021762026378
3148.86122878380652654177892870 1.85315589760652712423161215496 0.804479956131896154640501003550
3149.77173869899067443225223220 2.99916416181824311408740454685 2.63476144481370742102928330473
3150.82465272236349982989239306 5.55383269348390465237733219358 3.71232834522146560204978293526
3152.15105946573663602746149092 5.45381719422653221470909744544 -2.25983133639450074616904964874
3152.99455999564358119906215970 3.99964051401534649942575046816 0.507802697641708859945444902048
3153.59697652953406896111814434 1.02602086527025019901514000911 5.77173785612765125420022097987
3155.31210821766994497121728323 6.85105781126753955372629116990 -7.00459594856047418126264675629
3156.30035794957097209154713249 3.66491424857318974846680811011 -3.26602265513244128336889609549
3156.90576145444654637940679228 4.68122672235929810923144643380 2.74952917441466132285479098392
3158.57828770793607991098618563 0.161849721746724511214091785353 -3.84018697637900925239086801693
3159.26520465991124466119318682 1.59925306938777675157550061235 -0.922972390207924508382313955040
3159.80409757908697671342321705 1.31115528396455065504323553172 1.80330314601120719883629136265
3161.06191257775509800194777267 2.42213394930145673535193347291 0.419620064017210321618498897054
3161.40243520789209434791711364 -1.99605061529438916035047939762 2.45240214272987910725570196864
3163.31195955782716105779945652 11.4623400604596799766526977971 -6.93653952320761160893059032409
3164.35053132092959483828028338 7.18206083711006312438450701077 -5.27440318496631463564483035905
3165.54059789382948314751975438 1.48331086902582194565418730591 -3.75014562513731184206383933704
3166.13958671359915818286430497 3.32402986398272764487157288680 0.279555375215780311200910306680
3167.12109475728126010713206291 4.72813619535739143512247942163 0.820171323281564341652332640309
3168.19751571389522107680883299 5.15901013120665175102366944627 -0.185106438038708923030305379560
3169.17976460785654646970865833 4.65446414199121266353110465759 0.229950279486962166111450173877
3170.01413156562625355225873236 4.58577159008286226349286862078 3.10122638291338507873087267211
3171.34395806906204280558180824 3.81034701370350026134310298759 -1.62037427972230161427423559687
3171.83777434606780522013752796 1.59374743758568265311320035036 4.13262147188305818889601107511
3173.01163391727839709288696705 9.84507749486831296693587082419 8.14277635134468314786330317362
3174.81538597638620996623756153 -1.39179489018776099489960870600 -6.51055326343500938140983686643
3175.52872274369532433745132657 2.29890718214206241694297525791 -2.67114722500233327951156170655
3176.48034351646256447587202393 1.47444838391965563352475737125 -1.19408899598369511871208215160
3176.91563600921293553944771281 0.987866751225016887191593696124 1.96941813017116182443137066919
3178.37170500500081434186628705 3.30765815903419220549754986728 -0.970128073674108718236952180557
3178.90259553604651014630401771 1.31406911262540674475437305678 3.41580140258077538992750451742
3180.01121337289385188261924987 5.79539803158853950135798978389 7.20915274762432134281053509384
3181.32850171320625082838847097 12.9146867624140133790573554102 -0.854642089376665540903684156852
3182.83944692027125289196162383 -0.201678040044916874055768372128 -3.45351146011265344123544928833
3183.20567334592689820575494571 2.80765232597364823211108000451 1.09573703815854112109030033108
3184.45149996033232314955307812 4.65604816429362249443006052591 -1.78344564755657921181029775116
3185.21434458011147104741855862 5.01994137920390859863867356727 2.12351585590234806985703645392
3186.54586942953719138476383115 4.73788899991564454972841138440 -3.27619564299012664577170329838
3187.64616270837238564198049454 1.23432517050107794494505891727 -1.52469202272631732832128062684
3188.05548232944595580090275453 1.01054058307414634410815974763 1.49522279727691376215776112461
3188.87746071495562960023821555 0.0651540239933229009540444323599 5.02638498486951940149098058023
3190.16866196215291363351700914 10.4605844212206917305738242430 8.41585466534742032683457810944
3191.70625636277449991813732548 6.14179718555851688013269987168 -8.97491376314287081702045811209
3192.68179161788682665724753437 3.93486629815091490220899084041 -4.64663524373720454765093564384
3193.55720847245468407453602601 4.43647654790907880624184940694 -2.16425299737263471186028575453
3194.78670737855812238291705253 0.886384799837651168240906820055 -1.94351416396217725507883667726
3195.32669992921030503503239930 1.30684007495436717671014249535 0.427585951644264286882760674819
3195.79389563389309462250357935 -1.03216667020407653376594350451 2.24282578247434741243954331445
3197.54716565659402924962339581 7.56347306789812144800654214936 -2.50208548928875637697792450239
3198.43012576781778974355207530 5.91821641752725068771896836905 0.418717070375236031490924241559
3199.24897711424640105454761431 6.01228462659890942739596009987 4.67013310254718818590567248383
3200.66327023074559227634975231 6.36362791463564431944295456219 -4.40658733927783954203002428929
3201.42486636119731254962657982 7.13529868394528893066326953465 1.16827900264679890623777623796
3202.77828650073584754111846789 3.75041816283959040583212153420 -4.86961739873902508380833659441
3203.63089115262521360827917624 3.83887493852166268829604975293 -1.76292011408399766898781931544
3204.55741018784226770067380422 3.68640909127146159753649203452 -0.659438023194572573722815741410
3205.49758056334225188390363277 3.21382836221882065526594347249 0.108632538710366314938657626929
3206.22889330382996201436016350 2.38020206175305276779087528090 2.97226499235391463766791901217
3207.27006235743056103077097150 4.30290872805295991932679524567 4.35350101101476977726914950650
3208.08613389191822219874320486 1.97298274495303720642685203570 10.7063057973064584686525430208
3210.35242053976672708276507941 -2.39448015576469107700409043550 -1.65780246419717221951153051541
3210.67038829920181908596330389 1.92499093791959220966902344546 -0.782074801080297708575773189709
3211.61883252293495656464325570 2.91128257219035129685584222972 -0.595603705461041809249278183670
3212.31922734293159979094256876 2.87769682794795500782982669876 2.71162557953362231845010412872
3213.60649879817223373153920097 6.00964407149677284664895801243 -0.707054294889550619487233853570
3214.66756248809430924002199116 3.89857959422284524427949886042 -1.14083943729039216607919417598
3215.32529890373537124108785412 3.03692907720436035423678997969 3.16172844080705276063573194887
3216.49152469237090247414251717 6.60357493610130346873221953358 2.11290491888252611190003993478
3217.43080477829028217214402520 7.32649445719010217621591537405 4.20947664363880739487307503885
3218.65998374402590019039852960 9.51021397814888153097931066494 -1.64343522336051045159031531765
3219.63917130558530503736680682 9.75986222681925392444818452311 -0.822726567560109456707355556989
3221.19834168296959514504986095 -0.701239673459921720242144383203 -2.91797570597562626463982906376
3221.60947630109740940382559614 2.39765971491265980891433581161 0.125449699469219423596357017834
3222.81384082290244819244845090 2.01189041725295922652036998017 -1.27179909011240985994709377822
3223.37256637525552110461421636 1.52336529040685529533907556242 1.68112530100345594668877055187
3224.21370651963882046463596508 1.04892365652691368126116437823 4.70933967360996962890118562583
3225.36671596493381889724607052 7.07771382126524382621757914636 8.83552065207920928352745373749
3227.04410237451535444350911572 2.26710929174081377159443685687 -5.78730990324912415256005275083
3227.52514951549506118053262604 5.06478742385291252596369996266 2.40254210949388507728635075269
3229.01631162995350973030681847 2.99249903113798591169916132180 -5.45786607054441351355631086677
3229.98106696049938887711266035 1.23180227663023759538573579207 -1.68229125527120265173575991633
3230.33663673216946122085231997 1.04967504251130494335128293231 2.02719454229548968534003174762
3231.74134791825623397256482949 6.20480758854699643972893417280 -0.937619957019795657586512096348
3232.73871312480837813014189944 5.34384458568537191224386629222 -0.653503766319194564872679916615
3233.91336060303417572556403544 1.80569694378838967284547836736 -1.36412785432408446215020537048
3234.30659124491992481046096075 0.661768383596577697311771033992 2.11100228227562874138579763674
3235.15461718236647581264515482 -1.45123580979235274925693975573 7.53181499825121971173055165144
3237.08757953170859192881454865 4.99558156273676554382032157811 -10.6504999415025599024834360495
3237.99823632671258920457790108 4.54216840432272633759725975236 -5.00672273043988109957788250807
3239.09043456268981244976848083 1.57253435434708371578946122147 -3.11122820428704217071644896190
3239.76731407523959801581018808 2.67390118622315674463171400871 -0.200554318737447023344391118241
3240.60574727795686219871095026 3.11185372568660227202845449650 1.49747203998635024393787299333
3241.59531293803855659531430882 4.12027636666740543719383961793 2.24979268311471524555052714749
3242.56830758236535919824920086 4.85339535243060274291171318913 3.33947712584324734577651316716
3243.50165271127988719869488778 5.96653448726981591862618585979 6.51417934848522620841544587968
3244.88415709113458011565410509 10.2216877042092860026716358282 -3.69919956828673241028909236845
3246.04015781623979772005197704 4.26119065381137417367182743103 -4.53474515594729491927491602305
3246.84167616195952569415908845 4.39613939054130241646598756572 -0.793667810666452306659297011429
3247.57050353383646057910780473 4.81380623080548873558052675130 3.94268550413775904283977244877
3249.30808574743481459098829945 -0.113281846074329444204798983364 -3.82310132878712126836401643820
3249.90644631844441596739198771 2.10676587539017444983355311829 -0.717450286039528740288875147423
3250.61332426740503518992680255 2.22259966657532518131625900500 1.53647791698713662551248723149
3251.51063774401758296914539430 2.79632067394717096503531790269 3.85190919581348041954537359856
3252.72399090727068715827228860 5.62953578342943460820597466765 1.69968510095046727683669619522
3253.36901724410825799221662005 1.22929941488045561208378129347 8.05092196530824480881484757032
3255.14207659254840787777673236 7.22228218752218362635494777820 -10.7634996341306114606234118134
3256.34661281795765399922230111 -0.128283929471172725208611532523 -4.03675645136858680337893432503
3256.94194320473703913335448115 2.65794309413112428581369711980 -0.885390881075988784056031243996
3257.83134001282533797777786315 3.21390048309693801044639669547 0.129653544233237234894555427209
3258.70671427545505340127995125 3.36943018722288430454054199515 1.61060539439080247619449382346
3259.53973068603965924832820988 3.30241875904441487127189390625 4.96398455328720808642939536860
3261.19212442050422071695300007 1.57000837315957818133590474597 -2.67346194803458429586701405754
3261.53531260218341769244467048 1.50431024344906002143190927379 2.49927949166487641373780529712
3262.71896869452827068221804339 7.26671650335394748700336949300 3.69411449445091558582818620179
3263.78494048912647248175991776 10.4823091570999464681004268708 3.00694478269916086024224388213
3265.19877160065062189828456291 4.42396775411814988404154370400 -6.88053719686149244060207645774
3266.15378641993579540003997981 2.75654085911793529312616528911 -3.09893671348552161121251347254
3266.80395447964729757838801063 4.07510914974681466076484977944 1.10523121284824333257875619528
3268.18851785556712384439223453 2.06992514340898070197729663514 -2.73548780326654444459495125448
3268.90940858871679515304696061 2.05090774324251799218103882417 -0.0733282462036274981288244727470
3269.51678536024809921278039803 0.889104959323187736454549644643 2.33137354491169161280648425522
3270.31080345782713057329311223 -1.90143863504309654681684248808 6.27770603569299963526886922020
3272.01939761078109488744752701 14.6304556650884596202852466244 -5.12856858070850006419423703440
3273.36303296527015822217759297 1.05867555381417423585277157498 -6.06967450687616065065985389191
3274.05995301172481813629792435 3.54976988037511295505761673753 -1.65565289241181130466658924161
3274.86356763797257213182106959 4.61240035931770179762350024936 0.894021584948093792463791664268
3276.12415498492209062633623458 3.09078592690607081640547958254 -2.16153057869414865693749211477
3276.69455468121540136261392132 2.90481486319281885656693869997 2.68943249036097299404235711638
3278.05947828903827040253662377 4.96636847494495543819260541285 -1.99285555060966172833431633511
3278.98619373202386591367134158 3.03579724499879859098745237921 -0.425838690704935218932065297901
3279.48950963963496660554730493 0.553839636912399292723017820550 3.83803163911504058384899087536
3280.97641871372135534879886578 7.93269673297742614663588903801 -0.662398981914181052054951018780
3281.70669082062175886775026817 6.57430410034936904642638410199 6.41602593293525600557945705996
3283.23912430011445088653577210 7.21014358086933773000778087103 -8.73147403645830598318037040829
3284.49986313243858493146640698 -0.411704417738948476480457360527 -3.60945339707880045574579167102
3285.20282875169116148817627368 1.17729619187800991031015038309 -1.08098658017700858155513749329
3285.68225971046089410801506636 1.15109997456242737347110321395 1.44565030306371006214073533639
3286.71854034229464416449406199 3.20787473742136245951880991484 3.28044209876325931040339163595
3287.77309199266659797572231175 5.58503108569328559547703072852 4.13634232696072336066186501709
3288.93697284532715958897918866 7.33386840480056926306480374531 1.00327855531954868870920997195
3289.72430653617616907649824544 6.45364143272712621892709985227 6.81975454873589940165283688036
3291.38572592843372291061056330 2.47235552423251323047777531576 -7.35345014642948305185109429793
3292.22264204928500989904914128 2.85579078380627108947252324047 -2.52987933548510281653799577759
3292.85671609755463497176871848 3.70664152852925410772587956916 1.70666049859464857953688145443
3293.97586924558513609318193322 6.80530113260344312047680181101 0.471202640567958489585335865178
3295.26666323272732762646740006 3.09276180595784261225523551093 -3.38758966875629024553332045258
3296.02175476467206030269156987 3.29002434386258947010930819851 -0.176654857371773090378810336476
3296.87314216269547348895175391 3.30325367904789186306243943858 1.48286760161897119810595872812
3297.83684231059928239795646696 3.06788862958436408753232729755 1.86289551731102905252093505398
3298.35787862156344129368958417 -2.66136702590562203663806424090 5.05231630906509108121480303637
3300.45057619225052500425494875 2.42338532198095010114842057200 -11.1464755789054817602083591130
3301.41377630436783388592434766 1.43025222340133157865231913030 -4.05757302002285044647308027715
3302.01709766560449050995041962 3.88441628496574435690472753203 0.0776527047245143013389257495241
3303.31726184169726271651857003 1.69288035933644915405097040444 -2.18184956425662212975048514340
3303.81371920575985214481583230 2.07215599704506510702027274754 1.66044406736371644097436096156
3305.07617724083433171207210106 2.70217827164682438313719606921 -0.374209480313339154045962344568
3305.47208869853018020882105812 -0.641993198776660837634219804916 3.28645466877862112786033501449
3307.22171160247642591736649541 6.77394553139033902265952056789 -4.39964885845753803942558113192
3308.04540222331898274874666198 5.65938737442913964112831325685 -0.0854435438696319250008525246183
3308.83287751296919840760227991 5.87684324265760590657159606792 4.55348420874035982844965301276
3310.23570677384296852138081331 7.24012868411129660060371683593 -4.89769959096333781881614671046
3311.15530611827288501095988082 6.65433980675858986615750943251 -2.31461132481948138781194032239
3312.34945945051031912368334172 2.75688761316079393154880397556 -3.73737417828053926190958268120
3313.19987667272544513830777790 2.44951444095474491544909362133 -1.20969424361559682197024088796
3313.84266227315714999681919883 2.38590277124006585516146908061 1.88412108075957919373914425253
3315.01501382797991005397028938 3.62313419253444851064246769734 0.494954456811275812036834802314
3315.61974254092452860196550198 0.849390028935873167132549480147 4.44566975374741632128871880007
3316.75245341771602558965636223 6.94985790296106188678265479349 10.2132552208249848482438828551
3318.38747017017047867535464832 6.34663176027842528722671707600 -10.1087925678741777323933948354
3319.41264899315929399749803542 2.86863589243868859576226377147 -5.39708537537879541884824774122
3320.47669968204944724470423524 0.563692254866558853942564171471 -1.85889328705055622149405561867
3320.88794146120167213370442857 1.43720796663637406533944408803 0.933358402769535028133528699935
3321.66357269861021101580184323 1.27125868159730925103223839679 4.34033463799698602630266784438
3323.49092317979171947837006288 0.797541562724529451486592088456 -2.89353133501749388733812781295
3323.87512491408626440114457566 2.03522039820124100831628988632 1.49984131899681622084201566753
3324.92568414598269533011458833 4.23239660333170997715151435974 2.21726617391755618429447751777
3325.69162703838170912574871897 2.55296896209369225691447652238 7.02838610408276126576770865474
3327.33844175147217675051069471 5.74225348777362996659764135761 -5.91573778082289019190412337489
3327.98826920817017529722964395 7.24635404423882902195621749612 2.26864145514015099510280697831
3329.46558394840962562582322633 2.41453771860621489105180780438 -6.00003377701712662415717832608
3330.29040036013021984449398044 3.25874871633529517038589401025 -2.39387739361794261409332377513
3331.29940416148837042185817178 1.88228737999313518143663285759 -1.45111968259547243623588643133
3331.89228824377627900078370081 1.78322509585646829176670118829 1.28697346704989302187284797218
3332.70089857600111855640929133 1.37276570946503747733734414233 3.87484688420014284048712929000
3333.78138296137150930342796839 4.95240570340159611895653085726 7.42429652442468818414091306556
3335.04599642447584301614537860 13.2974366140425214432158276165 2.10386623334097934139712601482
3336.57596842925521696152231435 0.332562532586193326716760345469 -4.78928262784640780078668374830
3337.04421189670120587361407239 3.86544230379245629042974959073 0.667648900577872432160696273080
3338.15040735632476741154348562 6.12125657812386601596751286294 -0.976117320538966167665590011528
3339.25667369461733051020535300 4.43848544959756447417125408950 -2.35436721741993685013121300761
3340.11715269745898907657515258 4.17163666720259190638939138820 -0.192825795615419082149364041469
3340.97226363784741133342798897 4.63379738680094129920569206479 2.02534741347005742961350004320
3342.21155485925691730111810832 4.46325364272834601658043717546 -1.55598366525146111056651242731
3343.05172227833912769041167299 3.10892390250512409758408056559 0.531857095169088974405062383832
3343.60490850959282799839994093 -0.0179949825192941555397541456630 4.39077488186153201067365965117
3344.85225586819344455636350172 10.4058543397440503433597175639 10.7489780366457897278308095510
3346.84843081656210135041598607 -3.05855059540649770666391564140 -3.27269492733972153437758363087
3347.39783099095509752135519361 1.27576985108392364606572821863 -1.62546536728567535037069381535
3347.93600161075501330390257952 2.24808599617690322763614214747 1.36869367480726310374316534245
3349.30102792684596451622864498 2.46941544790892034595476377844 -1.67723509752800944541548612990
3349.85625211476506039786944143 1.98732269795894386431709870289 2.05407746841199388284185326471
3350.80370402456812883359544546 3.39831641695942405146235468182 4.94833139516827371770789642661
3352.15380409660570635455750947 6.73672057932010636130555748462 -0.868573642374602120430265115027
3352.84536454263927464633056161 5.07109848500760399211756422083 5.68044324393867314414655880107
3354.27823128038973273415530970 8.91968928491461043707349455502 -5.05421263920210230600644598037
3355.48368030599216615815526886 1.38108988463824480716575203811 -3.16396286377759891300366220736
3355.88057818332201509215897812 2.53022697662919656695199778307 2.29186574006501756350999236742
3357.19815411833633740911245303 7.42540108804629634684110899966 -1.97617597940362618464010543971
3358.40269962342051339135886748 3.00435846355444089693855970198 -3.79757047983230287454749294474
3359.35928306723663137756587148 1.42673269408394299392366521216 -1.36770957936353208963694323531
3359.85240438129330051967632633 1.21670039272594009892641668315 1.32635955930439260470895374164
3360.58415329831746010620141561 -0.423780902667413063397518686789 4.18542090908123760861959823857
3361.88758862112104841254513127 9.11637429015259618208880776079 7.98092638949609910159242351390
3363.23387834885093583316460165 12.0604883886990419225828586836 -4.65577022136410646095887894123
3364.35576355386237028717050856 6.76832291303599352934963431037 -6.32041200662014322724159240232
3365.60095746856153940584678601 0.155498629645391275464633571330 -3.15572474025821151057835638855
3366.12088381075305148435214779 2.41086282630094059748499269333 -0.0324596533313755563943801265480
3367.05554253961859437944141657 3.03563232235652896644072199923 0.588647537489211908571017734397
3367.76944386821910398657698874 2.10634918072526033112777273616 4.03847918983692176905037198069
3369.18372855480512723967804857 6.56804727057605686572442344319 -1.41564312099849641297208599665
3370.06165174653524590435394784 5.54228434015059736524816640408 0.954638316689753216566679685131
3370.99753614271829990378235647 5.81779709788602061739684686492 2.26436258923831638415215988809
3371.92244560054028931579468871 7.05011546102250813917361167955 4.88699683580820237870968126552
3373.16014092522576980421620394 11.2626919184251781968276435930 -1.61092216563463614188281997251
3374.42747199004650116918971235 4.18665619971312109573917308193 -6.29156622503445050649230390796
3375.37995575630903572762905764 2.92881247233375341174311299307 -3.24015377814490527377952339264
3376.29838604419557579035869557 2.03335022564131561068267323428 -1.33537974945615773577200191512
3376.82097084844259465821939503 1.70919969614450137694021856097 2.23449999639544427075572194317
3378.25895696264505204087369231 2.71662271278687317126833291310 -1.34905041464202128896190911221
3378.78060849486904702991629796 1.34317267938651442831567257197 2.29235274728588228478466938001
3379.46019266808618201873260926 -3.00244882524772270841127558294 5.83627302231590000650807911423
3381.63464744709837395479417909 -0.651731953829446577658705947530 -8.33093833555921743723210361031
3382.29671492160204337269148893 4.16548896938955126039877398682 -2.78255272471579174903135724015
3383.34848957583464534704947341 2.30448610638114771210626033416 -2.16596677910567687369827086303
3383.87121241510149317562288773 2.55194566162586066476112532584 2.34665583672548019881871943832
3385.17731082791080771071920204 5.95952759368780538724523897300 -1.34505382747081335362239380454
3386.16629575041958366582082927 4.90367367155563080230302969895 -0.945423786417666930242010187326
3387.14956445934642983435952672 3.67522686161204381860272163505 -0.522091465250172288750347458514
3387.80877778540458327785533249 2.61678963775806616369031175080 3.48883876602286473143395173329
3389.09188015659913730150273534 5.31318261509799725265126516302 0.177209842815718785223890736309
3389.64887904087965896202568320 1.00544774692596013192462979570 6.75453585800761205147545921591
3391.48123373188424522305570362 3.15741932873538299982628645158 -8.09589619868683607630827078551
3392.14757263077422193289059502 6.81183352065592235699204478746 -1.05317816381358534409352124479
3393.65178589313435047173273537 -0.468922939584807723334453615434 -2.68450458735297531025531522204
3394.13766635139364783237969046 1.86402157371828711309391908809 -0.244989475452251293166475611951
3394.99110631070916572765620204 2.12426429321999439272159693970 0.718052029578682723008978681545
3395.61485093840089870464283430 0.230039707952413323099369829697 3.50045234530875187060013106073
3396.89006631100758669420838675 7.67861771990475246958643344998 5.65272594424648594172294056358
3398.27167718919906386700559343 5.49038749783750268340855275122 -3.52705929778750591782392156693
3398.84119721990591006664994158 4.78042205273120500801014986330 4.71505542038919647959031175065
3400.32247654855403291466273924 6.73477392605231999654537400530 -6.16343940207917791231614350570
3401.38745069716230648068597446 2.48011501616081869356376083680 -3.47520985736753904469753790122
3402.00044141493920471861193943 3.75282348277325168776911456195 1.00437175946397853982383390233
3403.00886482018444292654029370 6.15769345754310796068265872744 1.43782144257009795185038161481
3404.36276157286917933812415979 2.79038958816742613783950438539 -3.44662988074405222933624835768
3405.13291869512090324330901956 2.65458682513898536963893158545 -0.463128921031517112064541151264
3405.80994280482224094524358062 2.02605764574480816976076843906 2.25056080096692897368130476298
3406.67948281195938037883688649 1.85357724090003231109663290463 5.43903664260046762694046321611
3407.72831428952208874911361085 6.14884494792352252931451334970 11.5708846937654481504727854262
3409.57873685247068107599734285 -0.285698611987837700622934724143 -9.33915377534830187550975487165
3410.42456521190629160286543652 1.79522152945465652546188740386 -3.73455693599520862973902312043
3411.22363349727759897732998963 2.38361787561506385908608628808 -1.29262895071810864973737266566
3411.85583027597653082561484295 2.65395567016258968190064108342 2.03518443398435987695428453184
3413.21903600534683702374977462 2.83464663891510300712259339060 -1.53568248867157248301344735874
3413.71081947665016512096377781 1.55885709019477973692495477660 3.03698641306241212352657010631
3415.00641529780467398142658298 6.35738843005761012425707395522 1.01564653116391948941954123660
3415.80662357288953566605454569 5.53237648713310111794344502428 5.47391552264469625175730565013
3417.20172552757203889426305694 7.83447051106965739053008207733 -3.99782360242182226596852075423
3418.19484270885356007449529284 4.40887312962395704814465628440 -2.17337750639621766391993413818
3418.74424667515032703697212578 3.45586026265148767946731982650 4.86574775301042466105103124860
3420.54058298732735257528928627 0.0441034161337333241381466176981 -5.73873527485565041865938957158
3421.30753731823531243350022510 1.71187237692116794307588359726 -1.89964382495773599276870901911
3421.88242040767048196862340209 2.41068784596184863728384379775 1.29629090096446056248126415432
3423.12859419232829395897000779 2.55326957457259650337139481341 -0.763707671069772756040808230473
3423.61139467127364293798760394 0.701266516656833537805879871257 2.85589496986059050194093844127
3424.72898986338413598438673987 4.67262426632520968258817163581 6.54469952801553531058001668936
3425.83091773593943831560215878 11.0211759499204230259002755343 7.87977909473131590254879670505
3427.43181100569978399033047253 2.70531629270484543997500198880 -9.09520476005299949910200204172
3428.34501464875545732807762296 2.33881633222001516766169597712 -3.78678170421055732773160376268
3429.07716145912913400226561080 3.66508893479954241998356322234 -0.678079597509899436920225696442
3430.15880952932582551742517016 2.30751224440166602029541712448 -1.11408389776377902437916253717
3430.61161868017359007245981212 0.914812807571223997707254957264 2.89640012630611603464388700665
3432.02636653186868650382826742 7.69412236124170432049237441510 -0.400399578934776865574102268650
3433.30633116030616579759792637 1.69738059151778569391664270883 -2.34544884018274931323593451305
3433.76971016367901975669502131 1.71733046723872710529139463601 1.55802355904057584127560291290
3434.43293018126905551340857146 -1.17305143857737902802841712130 5.31441103891034754158237267398
3436.18360756970923690428214603 10.5102432644771010542894741435 -7.01417190414855859279947647726
3437.21916160690550237788624988 6.06103017089323556613855307586 -5.22188654044495408866552912906
3438.21261615432499394463400879 4.23315689967535699561578413579 -3.57480035805701484304598524651
3439.11243015417063699558182348 4.21816125946892285488296927987 -1.76519929937185255662332232577
3440.22929958855714138472701855 1.84141682787555133994416879494 -1.80644636323489491023085515362
3440.84402577054390345673234296 1.79148545211603099612822842793 0.816633319391563014611603125115
3441.46797767007132883546570276 -0.106278052913798800409912137930 3.39706080452305329799474826460
3442.68339244543920052079679477 6.35729296538431634856955872615 8.20302065883455999071264067536
3444.03657070173766262991947274 12.4795092286073488572060389137 -2.70834083339904846497625772301
3445.27743246872925224666064256 3.82133401198946267487654795404 -5.75935964476035085038544128238
3446.01538615829797247576617500 5.35766339575259980756722957179 -0.922602352217681614507628348066
3447.15892542062327497145680662 3.14638710060314481009028746886 -2.31941875634004459025168641711
3447.70051760500556645389628581 3.08001820496215936268331579486 3.16057431785562936254825470407
3449.49700271546615150469198752 -0.195387789707919528873196373204 -1.24815523748718300636184936153
3449.68500106448041011419033619 0.784941579133751429833646166612 0.845555049128327097061655089340
3450.72348759252511579666356617 3.75981775978197121093779814296 3.09427572582431474684038470090
3451.94066942753254259858345302 4.86214630382809348209114438143 -0.0446707070154465488336279455535
3452.56981677166542460825999580 2.29831139445680878984582257738 5.10527618124905623252198330549
3453.67789391842344032563281116 9.51542914438302724286471676662 9.67795567863676831587052403366
3455.48879943478830725580069995 -1.58715870687421216863529558737 -7.56618609330805018580187067164
3456.25861455928942605050848401 1.78708777497885748701538398196 -3.22455086724284146254869743596
3457.18417289458478254409855104 1.07437030694172563498103063458 -1.20673629290963444344977634071
3457.57359885784015220396799762 0.848809797867375688007801595459 1.54902525047198955532068567835
3458.66541062478436925789267034 4.05550992337453674750567183881 3.90204415868286752552144063499
3460.04606401894950023256916548 3.51639852387729315311806410456 -1.69391926929635328604079264744
3460.48423046905345670477414822 1.08737629077443947020222056757 4.07436545996796531148902983459
3461.91597119849383907924031262 9.70855856975212601289723629818 -0.647801149720076107248344890163
3462.89673240183635047846577635 9.11948241519848211177133673143 -0.184587380206564900303275213654
3464.08383216031446691627976411 5.87930185710926418677655408469 -4.24383153046294828234016754941
3464.97769525242701040430831921 5.23954045132528529181243350430 -1.64876450100290060887185944759
3465.82715572712731097665097867 6.19868889409607475631551318947 0.971918195218108444685115494710
3467.20440398626350058542410178 2.12995116967592502767044295732 -3.71475141979486958222285640139
3467.90947107821676553977190367 2.91253117317221143387773903119 -0.393374710685846469992563763165
3468.77555136681287043142238745 2.80954747996355813152728145283 0.787614850404717775558438500754
3469.55191313263330415583736716 1.90725733685347058687339789040 2.74768295903052897561150521537
3470.21410896144858466478995775 -2.93507096303829378428191131956 6.16612666214700393140345941814
3472.24901822131601376570514153 3.45523459773674852050582530528 -11.0582763415091536209229066697
3473.16876339513559019951482009 2.57068004926226206648069865287 -4.28437661033999234268460644145
3473.81488202001905807144546308 4.79017742813559832256358272491 0.341123393027434767653406210186
3475.21910673275056737038491072 0.962781837991630020597189484147 -2.64240584439515459324458621245
3475.71779281943085561728041090 2.10339761084085261987987487142 0.756976549820164718838368544454
3476.51993177080745976125108776 2.43969250411447450333750995934 3.44042363905495265055659250943
3477.70019028467246224642593706 7.16380723831339551138278889154 2.76425656212889875086985860124
3479.04983017921413944632060904 2.68377618053176837855000106051 -2.51330269916192811065766676100
3479.46596531269837292549928832 1.74322570050885332171960775781 3.22065509081526780354580188266
3480.68291595061151228743159213 8.59670937851601730224613042270 3.35989069101681025779272403170
3481.77639669432181709461168151 11.0532058038609956737761112169 0.666981280479438684278300348207
3483.05785680138332482960133876 5.90231180162230667038788145879 -6.66506507388250136967713600919
3484.15938804623392328704004964 1.55549613384462228709017371846 -3.82034961844911224708100459978
3484.88458535289187569013575522 2.64889329647416747065231308624 -0.917723749631759991444498382275
3485.69149772821384660544341794 2.85161076197574846833519635078 0.755139754007731903786390965604
3486.53433966945737609399738598 2.94834462258189880100633988121 2.67939345606279062014692045288
3487.53947784276621176571668671 4.43838813727004224191073733822 3.76532443035663474006256573442
3488.45577662225413010238503171 5.12646839777881128566262714624 7.16861233103085894304048499713
3489.66512331627346985009695966 14.4557838513834827954731509078 4.00609365930111700832168738074
3491.55056136823594977488484248 -1.41216856704028611389675679772 -0.956995893800049079566744010077
3491.81109996533545430497436866 1.16326361389981328465627569136 -0.269609506511621157375050264489
3492.41443558041825457460867868 1.51664087799406608015994271325 2.39979109744227963958559952661
3493.72061308272298362587650812 6.83861778086624422774812334162 0.142461405107066108355122454439
3494.81640848153723213321927198 5.77222767913154647426892450315 -1.79087996431368931788020002456
3495.98893196758238707488333495 1.39995601982524062500304821725 -1.64333446256587180145453991523
3496.35036136376864677668439855 0.897355521101794993379314281109 1.92203547567405914298542997387
3497.37296054228037583421869786 3.35891109379799132256875631902 5.76556898344413255564716641929
3498.57613653901389306138994177 10.1482389929733359319772019914 4.07216607265700763587192491018
3499.68655382112943165635068184 12.8346735981918689560346723802 0.166149866104141540973598736182
3501.14591959046220662277103811 0.732406029239305351842467207792 -6.52820579000762945475941294970
3501.89709523289116448661691351 2.98053731521788818715561996098 -2.47174392898115315129900022204
3502.77586794857288073274952579 3.11409924409044730439552067765 -1.06364047546256945576057185227
3503.63621579151093261458016356 3.12512358675532816237065449746 0.289051740797201098175596838388
3504.58892777494122631841342028 2.24018329330210606738281280247 0.504326722230201187670370606548
3504.99262719504995481611328074 -1.58380036189676414607163418349 2.79374543715387231193068030892
3506.86077898700288381309183231 6.59268720309768707210789313747 -5.32346446387226844451761609011
3507.54527379733229311185454834 6.93679138795754620752167479215 2.12830222302667659681536322613
3508.77250086695805494956056542 6.96374854075139785682050655319 -3.29370794365092928486494179634
3509.63640803827235632935144515 7.18447209593106646470637300703 -0.233056702249162897550228669969
3510.84508364457112563921141443 4.49510642674317544839523830458 -3.89198978264262677079788232501
3511.73109111282651867958747820 3.79723443002507397465779701843 -1.49205781309530581528240526865
3512.47358684289323044901549136 4.28130271206638710646372816765 1.90495839201571421360524181576
3513.87757387379672616233939088 1.90798502505919971559297559123 -2.31203469836656179531841176673
3514.36675224394051215063025710 1.99325801723602586359696136986 1.72474968417282209686620120010
3515.41680884964111584639913806 3.03572078288627307783206128081 1.79135689980729492986707077287
3515.90181449889501801569470726 -2.95153024215038381146187753780 4.60927678449172265827420235373
3518.02644523940023402347536948 1.46196709497507830433635182801 -11.0988604990625384413853295747
3518.86840920855602711579491392 3.31499792776515427469678551893 -4.75690417337869379880583329854
3519.87018674023006482407260420 1.67907551278249711733103051662 -2.55991979580303157547483113235
3520.49166596554582586593474878 2.62531693245585572902474570727 0.490847474338162052943982982550
3521.36504090268259888368751442 3.44728203978907529151066442675 2.17476133502870694018621241804
3522.38221289384158985885647051 5.42197153775794984968736065818 2.86159089645635608335297358323
3523.63583572350837572412064720 4.39284757699042065878931746909 -1.55389655943401946712641230750
3524.21522073758110458916218097 2.78455653249454114317468278750 4.04585564040198444349793026060
3525.38656663703672392503500181 9.16206366543298787669501913089 3.90022987620084388729739690649
3526.67025671132723479514978593 7.62614154140826556898832432251 -4.35491075672926901342893588867
3527.61520705099935437584270104 5.61345226139204382751479325437 -2.16569446121997682849420071314
3528.35182458280677859644642169 6.48622736302327291444677876776 3.06759672624080723300559810478
3529.95574434595077117987407612 0.389508295515124786525482782378 -5.04865969837163671452663298081
3530.83504679771181544011539944 0.591056197414459296370497054649 -1.27183793144289254279254146031
3531.20102396352609879783908322 0.884887757416606067224104290744 1.00171329638370333645114509805
3532.03850884749919851695770231 0.905582305917073675460123712632 3.81119655314141482175362672410
3533.32824339581993970236661424 6.31371034072924863901127180873 2.63853119167066555333247214933
3534.06258828016997260638969648 3.31249621865063117755959249587 8.84395405965946795267325567505
3535.77257694341658843644155822 5.20342611718721027939929546230 -9.29157813324469633980278780121
3536.63325070550530720346660913 5.36782876138534721922670707963 -4.03003880545497566881531960250
3537.70801305617821157679786821 2.57908247758340612935680190948 -3.28871497106357475987335823946
3538.50056890735295872600938539 2.60207978513608543733685353789 -0.731285815830658441623363710301
3539.08993652659799739558323343 1.93373092830118347426218707109 3.01952052710686156027878905120
3540.45675880715444747766187258 6.08193641157540592097138942462 -1.14384369144338015762374251149
3541.35752237537067469604132800 5.33471498250351601334112766616 0.550651034851759649722759152654
3542.34088391758668112554174767 5.26424208243464986283070769357 0.687609238891855390810800721873
3543.32230653533640672824289019 3.98499977588272005016149930946 0.655025512224076054563432792862
3543.81679628690850306197462152 -0.951582521434846374146617023666 5.63084535290703750388226687954
3545.69921217131565205024111241 5.80498758113442154615711030410 -10.9432934728454756107124181789
3546.86413459526048950487903140 -0.197632609098565939127656284534 -3.23405358224867529159372791056
3547.31478139648583677957966241 2.68033970908125572829182826717 0.220584092701662053707811735442
3548.35125296357754592783262257 4.30387900168983684812832671918 -0.258321805520068431308502147893
3549.45835677635744381334233606 2.66510355813524472667310439081 -1.20922414680552848763124886414
3550.06505922551970482911808673 1.91554395572058818357366859385 1.94637685489474603106924129310
3550.85329837202949840121727889 0.725715849551003014199244986919 5.41030634627195163933907300490
3552.08020975038106901560389688 10.3399844658648460930125264071 8.55891658659936985636516973256
3553.84068059702097097985971644 -0.672755563679153603116042049398 -3.80922554076411921495648167330
3554.16503478948706162734322965 3.12900843012998338690049375544 1.20685037099438551707375618014
3555.53414507189748809394612386 2.81800725200243067657440037746 -3.07593952317005059006753411828
3556.06523453561186686388772316 3.44409964575628207241244408775 2.50753736824115806138813667698
3557.42710235292070768481310516 5.20728401739707813464262043462 -3.15934676262034320938197235328
3558.34934503840635862904386433 4.11773185641568077540414071590 -1.39581152221236293797607976433
3559.26566469989215872073549239 3.38255872274437875048714290211 -0.304033570785518882076792898191
3560.01924882355804571360653742 2.72093023966840423845161395050 2.12599016767721881679771651983
3560.77618333435218710341812067 1.00698605644339311067523688017 6.03522278867919766771110549822
3562.16243508282754279385793177 12.0959363305274976724218602190 1.86038662690554442586190427712
3563.21512148567615102406646066 12.9929737990432926663255762553 -0.559350858095344248881794744313
3564.76077071400735384394538704 -1.16296552155887523092377882340 -4.94619394028799219441930597955
3565.39642288699981135566192237 2.30498484472918724456639948465 -1.84681412754035354481756238172
3566.28491077626337469755245249 2.15692502421375827668080966643 -0.789710601429709744158573367350
3566.91668389545783527676818022 1.77359223748748138465076437650 1.78081761559202166387307482027
3567.73325174906952347061625898 1.24634902298632168682607242408 5.29950600658034760863096014815
3569.34313208643228235063754891 5.00982638545695140230118816943 -3.60350563490062257540630798072
3570.00867136495008120345742146 4.48228358198753101478946911868 1.93481340476317679782595769471
3570.82291655461517091043301908 4.72338580928558935263434356788 6.84660229279298954222603544153
3572.51396562794147448958247072 1.93105002425106698488923037795 -5.90231826324942138756617643562
3573.07980430126941546248650403 4.85716360321512093646122869038 0.449918722182323290235977960889
3574.10001630894295842988358409 7.29257510956119794570118091340 -0.0136542522621961735939623873680
3575.49315574745330367767506660 0.952855728410408225441808828574 -3.17422191466301819334652643661
3575.95537964379434869692458322 2.69897273010115502999221371208 1.12915961289076077483987882815
3577.20528398563208568807018586 3.13692701495804460811239512512 -1.42745144915143658890516182108
3577.98118411055227813924829834 2.00237243643172152538581711624 0.518063426353153525569669920142
3578.41038261892941899422623789 -1.32397268229597214413884583732 2.65626654901162961506852161319
3579.75010261459774163889036289 9.25926827034308380920883402750 12.2748744527267295362767135872
3581.58533824179959074892443892 -1.52891492008668144847707502255 -8.13585672609820057732227052690
3582.39491661982927466678720353 1.13734513786289949091695096600 -2.78966577879162317475594174320
3582.92304218550771493121996568 2.80785552642356110050323326066 0.814055873259310910955935193447
3583.94557477491628012423599991 5.12237777208998584679894143268 0.927772512747187245784183332838
3585.20627871288117928705684897 2.44604533691477273250472799693 -1.97708688891578918156218355086
3585.68444866156881493047303969 1.86016013617092506027516588562 2.57071503619707139370911660244
3586.84074500609589779744749730 6.29790824554272833053505624762 2.78608635616477896829488540810
3587.96881366796544076005668293 6.75527958861754533635711529310 -0.148674584390563374411741550591
3588.85944452046221331378147970 6.12229738117990517117114360924 1.84638077133804713229540724739
3589.74500654504581918702118107 7.06430459244583569170980694729 5.08390542686472833528048006187
3590.98347129305693350647052401 12.0090345146260429513347528419 -2.00678371293305609461108729367
3592.40588908000960920142301600 0.163305418843163656620945582865 -5.14964024543036103319571669217
3593.02855883978596909946638889 3.35184147134427676710707208565 -1.31589543512034638756619734836
3594.22727478549069590337143081 0.621543891910730539720968376783 -1.05369120417481944913164719455
3594.46927269810470152232387318 0.294000292214039564516549008860 1.22626176554521073008126903554
3595.77906375388261092731045393 4.08182515248542661811055553337 1.34745000032032016275218197537
3596.42177254006540295732121999 0.869843126693036985795537587684 5.72169271740619035633305505455
3597.80264129457512180314021138 12.2348700331942573483457556915 2.19167892886907280228339133804
3598.94856020619367006142144650 10.9360988232562332766143284082 -3.61989332917567414404718942658
3600.16632379678234938154097602 3.50558654338931883286093399159 -6.03947379867375003370104292436
3601.10401368544701592549365452 2.21354514036143802140252806471 -2.68264232096816649391170175744
3601.79128275196163164203854187 2.68670872459508536335638998305 0.210478265148941480353736567863
3602.41889426268835156383950250 1.50165109010755827840448762634 4.19001744202075280870495928895
3604.24805363348602166246316920 0.448414298695076159849386762779 -3.43289091238789134103680130728
3604.75498401781333521909065480 2.27830637781948369818794460154 0.207112886773100366160497246515
3605.49447497179483219884815131 2.11375673637801685858093934192 2.57544696257088246184754896278
3606.35931762409988748746449808 1.92330239968930111808197179375 6.38444304878399565861613114397
3607.57480964537446116655117641 12.1706639667184798115968630437 7.61229105999353689429420272260
3609.28333303427327972962260326 -0.796666423881771354817522217510 -5.06756558591027469479548763031
3609.70026616891767708374783122 4.25874139618609385728164428292 0.385968379378625545899006028722
3611.10163155156491751176558340 1.40127115699938383167800815149 -3.82873788786858423844720286732
3611.91099467675687163893972875 1.35321301026198438142584882149 -1.02808956851813678889634534127
3612.32419268733962263082350370 0.751250332638984105707271710672 1.81894636793796219412299043396
3613.54902124104044687933475492 4.47677532547473218910874531980 2.04875319290125994261450174710
3614.32781464218629907456491176 3.07019104100833752692456316590 5.97725853224120642297403489889
3615.60626812463356837579248894 11.2705517601062829257285572616 1.99998187848596895737484821223
3616.84068913350410424375894591 7.13312831825510992240218781364 -4.93623072128676467974266870276
3617.80284239704090746717755831 4.52349951917977482283455746920 -2.59774013284212314023385643049
3618.45255851597006180649502646 5.02687343229564778482220666904 3.12057568581815265458201177142
3619.88572350701106480392963300 4.26078624643902158610129167927 -4.92454445464622245140605051452
3620.70557044987744323798320866 4.56502295834442454901190844989 -1.52088242244559276219545952168
3621.88613236614413625610188230 1.03641810016122244208614145849 -1.39624072673345221480246374677
3622.17927450221761045335380715 0.524543365426958418602489500605 1.73753035824867408375407899211
3623.55846847303969603023724375 5.15125365354541864820235022831 0.182076482053870799924885056022
3624.43750355684080624990392186 3.25780327069810423062265696318 1.31145834122003844473686610991
3624.88172659774155558964257422 -2.71712118785911412096701001789 4.51846574407126985803801055792
3627.06031551906666884968590202 -1.04529722796987544573796044221 -10.2991572445214316735449030608
3627.94911479073544530361561509 0.802433056488854577953985701492 -3.67871590723332327126113387055
3628.61037505613594481053583481 2.62164996504034124074928805199 -0.859474778714943269707539776300
3629.40721761150716784140742257 3.23220182180882858851524622347 0.969109393767271523087323139294
3630.36342504544031737513984336 4.22049355851864991633174859520 1.74766397577794978938525733800
3631.30868428878177873433993489 5.26239869939243925116955109449 3.07325149132442286728476862502
3632.47817833601375010835214962 6.53608176978387220136135149987 -0.317970707680183852259192074735
3633.44015777544883361554050150 4.85218556234223764016725227542 0.164666615749520626671293917793
3634.05619309300497410654740941 2.24732108597693861210441173597 6.07502597743275045314283435603
3635.67363342794844765060735372 6.23836588867398852502858325876 -6.24277910267046497741216612581
3636.43963835704525117299086295 7.00556102232267490213205640930 -0.564130629368320176835532075964
3637.54065771794929291554988094 6.45268655325134772057587603254 -3.04230338496729685493552601256
3638.55370767943056716911421060 5.07126941582234841398835973072 -2.91135574526276637298948564358
3639.67980651776715783134567614 1.73592275960744252115572335177 -2.48725068560340440751623793283
3640.36297649426967379660041640 1.97719081742208799407749018901 0.0138643687353615238008930708574
3641.01053814634940754998653887 1.09978738596394964484835910333 2.10169867076667216486934650733
3641.70712324117442961924834712 -2.40285294355169254422558075084 5.05702455840723692192450360481
3643.47957364818092471506932206 11.3978642642855647997984151532 -5.97320468236672956310725938569
3644.40335834178068750052485458 9.54685016114298909552984645186 -2.74642792322918018686486815528
3645.63211664350636866237309057 3.13053777281020282669016229176 -5.43186207661405762695778774237
3646.45089436983169477721956814 3.57167931273029455631489835203 -2.00501072072979153436942748292
3647.28426168040381318836958003 3.86526077319107671678823556764 -0.0835119080855897656575225696550
3648.15845468551884992962015127 4.39869162179317494933908693611 1.54765238872201191745851821306
3649.16616413152784082817136076 5.84585061968568697421320912415 1.63840565607466454703402173808
3650.30204357115949544860403887 5.51570302353998670492989972874 -1.11705956844765741786819339749
3651.25310616341681911218132630 3.56142097311606901101885738405 -0.303087909805418650758734286365
3651.78352337476597206880544399 0.899689466164633452993646504019 4.38957674412071963261539080954
3653.08832619638933825949984492 10.8310258979235061103038012857 4.04613665316111609480682637150
3654.21143750270430511443334401 13.5822229871649177228622763864 -1.02786334386916329305541708402
3655.90572644146327915407776208 -1.82984404321473040581021302712 -1.94049963293948208697129822405
3656.33452976623987542728564893 1.27774178778212138988996642070 -0.783746179107744747035858463608
3656.89282963330581262848194650 1.59775934104577236551764874409 1.69257171968214918979342065659
3658.12937219382113381340455719 4.20100333466120362115149297977 0.0818231732519567993599037267706
3658.92168955101420297097433551 3.54726229575054628824178614697 2.63420289933414600459674490301
3659.90750074756718227598250228 4.77027254154943613696128657239 3.56595308718855412729697973543
3660.73566581495718783718660541 3.95553836632419019643024797016 8.76505054906001349698560611834
3662.36894929740995212011881493 6.91848834403669914716113520389 -8.93132418099419608967233591641
3663.44828885497673237808282694 1.46714326999966694142584488982 -3.85121259005526520718507489023
3664.00200710459123173988971552 3.38015695990908339594738338129 0.585936840937823437850900565155
3664.87813772947186791349683253 5.24704613621283837045379577829 3.02792707620476103739095038058
3666.23702597296573303663858401 5.22229479482510453922154178613 -4.07233221725499123791136937959
3667.30733923303419692843942622 1.48733962273934506458215889909 -1.99110025999863519973574083978
3667.73563894552265537556422914 1.63104800936639648728339550082 1.85056744788398394705876061957
3669.03019115744176707314700359 2.81723521230907403679201671529 -0.376774693687849100619922232565
3669.42374630895371456958745715 -0.615100285664140587261509641970 3.29777943045896075604004423222
3670.73199726917752378922998215 10.5744256671552578690920981458 9.46230023709607803744819477934
3672.34935129487632743212433960 2.78006817954117818481121915422 -9.29341393928644553627910104346
3673.15917614411869015688541035 4.34549229605148470036930436282 -3.79714266051262732892940387320
3674.08760895614379026615022788 4.21236829710017458907205845018 -2.49142817173461102137188094063
3675.26261012965598797837561599 0.751576223520875331852138495492 -1.61692496064835724940503897845
3675.66248424562967992373298622 1.13188202173680580683731499091 1.01701316581841561498121075344
3676.36893813725365967892234456 -0.207016379833395679093410637054 3.96743428651742216686425359560
3677.89329566279479281247787438 8.69130398554292020068579476135 -0.802660335284395802511534926077
3678.84778305696455682869854959 7.10530901431717071804585434783 0.0592511299782845017911275164584
3679.81831164950808121385747053 6.43123461914056989276684447255 0.370407269820461958953689428786
3680.58398390841498185305679727 6.26868550167968315960197529682 5.95055215397319143528037517413
3682.41873143566730588196790974 -0.595406090876467599945137357418 -1.51329218152313539815233132416
3682.57173054906809925986154306 1.16831880149830117019575224227 1.00091903792331363167003455918
3683.97102420351037187059802621 4.60084033007204039089102662518 -3.21117189390287309903394405902
3684.85989308826822009735272178 4.12315550464171410855193540652 -1.27805825241433116202506831814
3685.97444214242715592239998329 1.21601035618367214450840504237 -1.04773623099983084150759053172
3686.27133718093538228040803824 0.147585340468740571082411790102 1.69846323626783523362941245299
3687.53841375976554428698057326 4.55109648028559382401494126910 3.02825610027888118905736353172
3688.17702797199611844867141389 -1.04098555626456933610259938437 8.46531802042594080354712106273
3690.18425811103065567312724912 0.0738472850076408377982230288626 -10.2393358993470345539486621356
3691.03916225297491721784423486 1.77844733606693739135664493089 -3.94517477739549585913128689260
3691.75693972143131825715135781 3.23315160353394548906721982409 -0.978651306610978149149441567952
3692.64765392734599683236024156 3.43543881341715093591051660750 0.0275711555459222088745535360710
3693.37098473503868131683900215 3.18690698886231654030536917257 3.58072266177682793155389878076
3694.79112671789457290410748325 4.76234597514518563466664193997 -2.87238948258013044422820933856
3695.67279013318058551124893497 2.76136782247367949439805711244 -0.595167216718685758992364182085
3696.12198263358912783336766150 0.261549442939169114517802109415 3.53938483862212872048478019992
3697.58596364499189073685108927 9.14569711858762490005867850026 -0.270252250309453483351057021383
3698.54736276651428397444791481 7.93602195413021097841639916320 0.367697357507401766017257842598
3699.43029263064995528293083022 9.16621596888214735366862974235 3.57905262518735838301247030568
3700.83831675963035672149805628 5.20261814205047813679043781083 -7.69873589983980855934199779619
3702.05075698791450000626414126 -0.292814304502102047742965513462 -2.22308431056503156274680116255
3702.46015593321289828744119620 1.74983036157658697276894387621 0.236057760844815000305043873778
3703.34747607560368033922599022 2.68415582908106937673388423685 1.28199620919358275832246813246
3704.20989438299944737771314655 2.80012646656042161714161550969 3.10131431411060575023106517089
3705.12922818790233116787679152 3.54405200825088206194398042717 6.11519756787592297739684897088
3706.29472135596265696603562146 10.6186031721132495855228621818 5.38539059501974532254699910675
3707.57905536143902267441748455 9.98461926633559766799575297005 -5.27605843673865352983121531325
3708.65845286878208320309250106 5.05115232553893429811769076524 -5.07776945656086457018551199515
3709.58227172335331479811033139 3.91434959029147628562393303978 -2.64205300314605516760187835607
3710.37149177677335895241223195 4.49150923828721792257494996585 0.134325751558847260012749895590
3711.40481817641652961301803313 4.55966779956337149786464161256 -0.574866784637887311402209301743
3712.17013946661263764366962654 4.64564478291135365143641630875 3.00577858557634106661971984470
3713.58358105086882471982883529 3.25410555087295476233214866060 -3.31194346204344872198893421163
3714.42467683981599505320165684 1.58423848022157314822351663966 -0.554254147370083035876417418148
3714.73933358979661530451147634 -0.448938814200739399225099661100 1.91600282903072393707853550953
3715.84645903494850997649827180 1.83081149029183863234354285994 11.2537004483869945670188175287
3717.75109591705086735205834161 0.418190863311692990044448191955 -9.60509238297257002193795170075
3718.49835547448697701785021945 3.92347119920014070214415617343 -3.80909736556209865852557866279
3719.48349539930802778093483998 2.65707133516241979155655227666 -2.59329798480221308229066820887
3720.18204893269629273671755495 3.52285317274960190834803081325 0.491821234525055845279818243275
3721.29604000033828802023513032 3.33284416932523045942510927421 -0.941953369630546376046824534123
3722.05883676819594144275695505 2.49723725780523809246807747756 1.14916191468641863085119649896
3722.62732055253858602831568189 -0.837084628745479753703875288967 4.41413056716511254842514672685
3724.38812750114213682646845772 4.88528978478703700562608716498 -4.29488867232534483827572163757
3724.88231999030137704156039247 4.29099383310122231434479853734 4.81371019209095961186480295687
3726.51771826491925301963345102 1.88658154838312411296962842309 -5.43651074821374999541819437834
3727.10529597332767311017444587 4.24126403991362548237191064498 0.122377246834689212317609910755
3727.93846595554036075155538730 5.97667362927230683171299220113 3.34533632829371787382934951714
3729.47279170195107477601853258 1.64403492565520070819010133254 -4.90157790379046802623485648805
3730.18732067635429657314649966 2.98973039417192673044343359741 -1.21903976501591573040007794387
3731.07515924837269802159582099 2.52296355182073516482902156982 -0.203896852105693850781910464918
3731.65293730264275038032527757 1.12324492185675401832071176100 3.03115228766658620519028373832
3732.84747561341183253274571639 5.60697597659721317923639917993 3.38250430429124292624349924742
3733.67169680712566332331040257 4.59898500393905802449688698001 8.05840625873275233944008807522
3735.00764463701256908007527385 15.4886322467313674279372997187 -1.13053571264527876179743025087
3736.46285561698413973673064156 -0.0617219652688869231767352238528 -7.44688269703446457153067760055
3737.42670278495026524063375828 0.106267761546299050595909001046 -1.94058470927408135591773445330
3737.84777933192876559377624620 1.53979269383754172453114360451 0.443631102881181954853203312379
3738.58805546769401203905130422 1.71387153029006448589299828623 3.04031549102295564361786251162
3739.83169066013060236570162212 6.58113646532149262215344679127 1.51622462035827887205490081209
3740.87515368716395331119143593 6.46457574746988035694875024922 0.224138116588936258803038341445
3741.92507934868011688599966195 4.35642438492498015608828129238 -0.783353905962794857245784214005
3742.48501354684530141115447764 2.04514044408472639222885550824 4.89190802804685026127335843110
3743.85961621162952945519984441 10.3428260949470903435515627152 -0.780497704618409002739549619672
3744.84667196505390967521462261 9.97428118189053917025831211312 -0.874311900344016822341246613845
3746.13597251280258681132447457 2.98614604629315092962970489096 -5.39710889902478711704701000363
3746.84095310311386838324317471 4.86275255325768605180250029287 -0.867299138545075671847258689982
3747.99712704457835147838104562 2.95371024001943010287516580000 -2.64029338090216178278832185163
3748.75286072295676774034583571 3.12162761251793872877093269339 -0.00892635337448585869364286137209
3749.67270791101850217660289019 2.76014688310933462791068356514 0.557114470032723675569271625992
3750.30315843120540886062919703 0.851825086649557073205255640000 3.40929835179877947360898509467
3751.16464451035787219410578902 -1.36110462981225665001251121769 9.41880787076837660411179425755
3753.18644912988810842338696397 -0.313132712740917892639165206804 -8.89141184450311513272456875331
3753.94698906638606183309361059 2.38836572927292766822954489484 -2.98092729434214944768851524776
3754.50732188297473464627184793 3.82576123687153899382680297828 1.87284734507178931025262047328
3755.92281884241285630795649168 2.49829306675674803627779444283 -3.33469402962204879838761192250
3756.52497271201712469479847120 3.40196196144413177385529998118 1.01111821759367271407474025391
3757.48143984981020602910846771 5.12784075588253041200962781428 2.00607094165686720717837341491
3758.69642629632994951223926131 4.33797529757774724127178467116 -1.68096090540184013453075039418
3759.35921667557811069465027531 3.69788075181207704327179341312 2.82843007423234073409098573339
3760.58272913261657752218298099 4.41007927722762607954237313200 -0.519232354170807748061234628948
3761.08533495176283396932936960 0.817627611217830000212509186839 5.28945930873387027789822089345
3762.47507909633935999898603911 14.7801789199495993964850315482 1.71442130454649299446898746728
3763.99984269767754761419219684 -0.307748826563253762851617531335 -6.44897661700051987519625259555
3764.64428016998528347417950486 3.66894929621431032995205588274 -2.18742703753958893551896236466
3765.74602606409628792555220576 1.68205188691625316576555766245 -2.20547002108858191829374195127
3766.45596753182066766395974925 1.56288313497142256118049744440 -0.0750840225040589101097296668208
3766.87242148427780798200358874 -0.423064879922365102708048470076 2.18849933727782456471228114495
3768.33864015595443417508534685 7.47802650513777629061777291236 1.62632596808824903250763364279
3769.29339431300644893375930308 6.71662215596953404040377464078 2.09337858300030121372839661325
3770.10549789910113500053131285 6.51658845022261988762200356148 7.36233613077931332370600534935
3771.72899276172137879108854225 2.96477472926031834428373128094 -7.74148772414184043694604003572
3772.51233121743989035491813427 4.21583458849086131503544518862 -2.69729531107785363927005297253
3773.46732774098855812192604110 2.77776996246161991330160697666 -1.45494677617504544454624537790
3773.94158030498497316034624831 1.63760358007440790371826868268 3.58191482746206673096065842335
3775.75271184011542701111230348 0.215371940861522448331024335972 -3.56463680415411667767998569144
3776.25880734224433168061878751 2.47654976649979549038063503479 0.0297313987359707308359359681591
3777.14324433365594471841655445 2.78828977175320243721640450131 0.936282832845997942484515452462
3777.83337060211582313625562786 1.27182542116754526345283535601 3.92601569567949096595276286517
3778.83937378525859301157491907 3.76620844882033694627561104259 9.14990548341925577026032871157
3780.22648645064575901799491422 15.8876062310438120526800180201 -1.85910320753066836659269602441
3781.66864612316083527126521794 -0.125626407598522890331610516152 -6.64538021251226855234265125748
3782.39057566185160914743470198 2.62864771327557486325747069290 -2.49006206856431256930040442008
3783.12664946372034625348677317 3.74624198498068123676396721660 0.103812258624966987928333196016
3784.26555034522967122388066581 2.74106785836146465099478001637 -1.41144452435300653149927226898
3784.86510509982461941006613219 2.24499223371002284728928047543 2.07996042715088771081306224791
3785.79101860092551660888396141 3.53623354932409951619573746276 4.69699607490878080886181362955
3786.93569790605917941673784938 8.68770676613573890030581328651 3.70739669984829882270919372224
3788.26366487025194836525153107 4.28310793177062072629094949969 -3.64900915005793933380718104766
3788.80005033193949349061662497 4.13321541919650225690098478442 3.61805303336339747445918765470
3790.04177667257351735607992060 9.13888994381199803003726228140 -1.04818544801413027289948235549
3791.02091440468875890532911831 9.47344423848601442919138913041 -1.01765471588396965724021371910
3792.56024767158854984372928320 -0.689473235168102059151299634538 -2.06271653604219919004659069932
3792.87247950193954638256178065 1.72506520792564384019525029827 0.437932724052935336647505680850
3793.79099027648550924623383684 3.75692648027463840135757402772 1.81265483135372632027267452539
3795.02165341645841921821193328 3.56191156234013469243925568300 -1.29652273469934784645959572923
3795.80858814787363987475625731 1.88385426920469649737028245667 0.527192972309527560405686603860
3796.13917793329505443886067522 -1.93517464657745772201458751025 1.93615268882689766022754188963
3797.85405584294375401200692470 17.4714716557317446639648334934 0.112159266821285270944877172991
3799.29849707731189931784947614 0.758045033232535140950768492416 -8.09744928767570144897727751917
3800.13242640340650134025108000 2.05878293848721159722942608105 -3.25222497812578961154312274429
3800.87763557888002770803060060 2.81474324870142998987531113424 -0.722866427088697051938225484885
3801.59061717565192217309258866 3.05183624864665736153195845257 2.11854778847105280567089267518
3802.64023973252101267348124732 5.84962617647856575455455003074 2.38240723501670735756805472596
3803.82920046571455022749121504 5.83215553774907795466097691802 -1.67533087699607493207603383268
3804.79084039365391142434154479 3.79313284699143706858911025730 -0.841338953523383504793227832354
3805.43464675481784295708812189 2.65606669973731109161265311460 3.09227196554596589721067604239
3806.29789675533174648490956112 2.85831133614359207896896722279 8.25749131455382484704412268423
3808.09304989633144832769932294 1.00438562918197395994685671470 -4.97064202094299294142504445573
3808.45950783656114504683385404 3.86020695359126606730317774268 2.61952809404431510405438470180
3809.87424831290620141299132725 5.94732068848023175956468642720 -6.05676853124350540415217522050
3811.18471233439669595480062884 -0.367611092205789886750315949167 -1.27542071769067074509680851607
3811.42822176478109004111822830 1.02679227039952534803454058427 0.574330191917338005881279626493
3812.54475439898600093484456657 2.10097988063784794848447181368 0.156168794727028231405471492797
3812.97830890178556637761761375 -0.703017663070702559025278382087 2.68774720020344159587022161412
3814.32701746177731019776145674 8.49909878556162469516789140460 6.41617503164479450066995737468
3815.53181985807098821951386013 11.5304485878851970503543595674 -0.836628221617487129218121292834
3816.60259812782244335656813954 9.31412202106032488595958064051 -3.52927917727998380957737922898
3817.76870791430830528339040852 3.35443937819367908032766159935 -4.76729918069299929546502039315
3818.50553396558573178590788066 4.42414416755428696770045951684 -0.793351858738900597379115340765
3819.41449854784718790750603941 5.18063738352582940001083130053 0.264385292343481311889329510129
3820.43831336925376087111036176 5.55591470984221073911855136236 -0.494670137548384368709978171365
3821.43805966677281928813345878 4.94695264438705309635706097907 -0.755665513875999400066876825760
3822.37191338555181413346742354 4.20867998176788099221519383965 -0.0138186840386035567579783208883
3823.14811040756106556876249186 3.80542417902362071406721728815 2.89450739499741420509154830335
3824.41855312450802452980751733 1.34786288416197063482508787450 -0.388487525721400368859718327037
3824.54103715935061654871428065 -1.20063097777709580397914304010 0.957592510236821630073766416565
3826.94762723776254377333628106 -3.56919089350830629385583551200 -6.03115444950699370075657557581
3827.57633568566882183610313541 1.91011626289922206824444242269 -2.84307235866460768282700325860
3828.33952051964093629690575466 2.90688722586678544818873360051 -0.849981482106123775241747880898
3829.14481048688879698392616419 3.48036322448708049292464805708 0.982708131709231917737500946290
3830.16182392304135583151228949 4.25880809139767335233348942083 0.669422135252518112719278379835
3831.03467911984784996047372946 4.10740346374625820920505354256 2.23714871515390644694346824001
3831.93248712955481439959731086 4.62016004804143183705138007606 4.40399666503251743541547020887
3832.94154884946867772927168189 8.05613643588536864299060537513 6.34709876709512350286900429529
3834.35309456119343803076710829 6.81975734038391186354582727722 -5.95399771851785257158125130291
3835.22039872404001839270394541 5.64837104836141673586487151305 -2.11043002513659474539995573604
3836.02288198118640310927556445 6.48986525451873581410866278485 1.38578398010907719404126044037
3837.23884722415131550430050613 5.70615660823592037277705003990 -3.48219780334734450024111240769
3838.08405866746007464302547834 6.03956083205898746770349249519 -0.711327827161994792435391170122
3839.42626846603781210160440320 0.761251096112055744250014168809 -2.55104302816143335814215176677
3839.97400276630918883754643639 1.62171571393749688648026595514 0.169038555435755381329371564786
3840.50467874819522972749609119 0.0711603201927592404632488376844 2.57788849502753640382166636228
3841.68234481218541798882077874 4.83521900696342548287559615050 6.18220327432965388365117458168
3842.67853263643243749632192138 8.61515798710629082701614156412 9.86479763840995872743673925448
3844.40355321303484771151487429 0.210442783162005933335777848499 -6.74172371574301429894620271412
3844.89701096416820191489237792 5.54455350081276025099845374346 0.104529053650496644781905883854
3846.48747547605754830069457085 -0.559841901718273358839603348796 -1.43644137477072105740827310661
3846.74730118265895802583626529 1.21349825465192902642851470206 0.464405226356489558969057042967
3847.68174967089674692745306559 2.74078645159461470468948255346 1.52881134766259400111167383416
3848.41530100586261220550231330 1.48455527984290437916318436129 5.27869202576451298856555664930
3850.17020181483004563384560739 1.37648080038366685878346188156 -3.46881371643076130938209524907
3850.60392043837945956943587412 2.48702233547583053909783031937 1.54796786089855581281317039048
3851.41010246056881990733411945 2.78628545386861861583305994030 5.62960393426344439420144806635
3852.70310247524864911942921162 11.4827574825477152555175303754 1.18983841461644362944212667225
3853.86029384563810675182939628 8.92721419390095895485719920905 -4.52403613507902707478943105711
3854.90258633299180071388725433 5.76414509841910564195447206031 -4.59242656988201152909159328741
3855.95525447382876642805615425 2.65873373313673930422228656214 -3.41923155591147171003571986646
3856.70386739588545985535979472 3.32911682817867237695056187978 -0.575503280057964776525909482221
3857.61058301492108154604772802 3.39310955671912823309503133514 0.203641846373661501487791024812
3858.44858623599210436278668325 3.15197189993787184612972638534 1.76942857907586118722554903203
3859.28573817700622072189557801 2.73062299372143761291213258157 3.94853422516743674865579452413
3860.09300850517269031874985786 0.523681164193394364985872886721 9.51751486030697230480102654815
3861.85271932540900575758458682 7.38108094241810718571175948981 -11.2943763607414120595980200822
3862.98378366695699870430744263 0.400887139014314521683395220379 -4.48950849566886589696915306302
3863.65828601918199477072230196 2.06536457485497340785783571939 -1.14384257597623503269833299245
3864.15019099682298994063908830 1.57052942697495132321026658120 2.77913304492144096163895367075
3865.56507720541172689509085521 6.64863925700847996656204511997 -2.38967562712279722649985347501
3866.82240411328656480260969272 0.347010837477443836083301033683 -1.01318310832977291298539601771
3866.97232812499731823758106544 0.163055964821016922194969696033 1.06833857602851691522554094429
3868.41285907388103195522058400 5.35395420218048888820205401430 -0.348493075930882227014936578715
3869.14466692101152622438936805 4.09680505849037377073585840705 3.64026442363449959207451338953
3870.11403453945782977528638260 6.68154583253910679489401947937 6.28606756285204538598719155258
3871.29175018943961912808908163 13.5219192924828777038881234545 1.54936197760394382616884540117
3872.66654657279440238246154270 3.79829100388553495973007225938 -8.71831598679040736049357209083
3873.81020838067339636943332446 -0.285078010775282086518511145574 -2.34529538309827617096491711041
3874.22961484376068218770742256 1.87344304962741875333052644960 0.193019795258410100009170052143
3875.10519758466599706083670766 3.01593976750745540060444430436 1.38953031336329196243707261884
3876.17374068980673678915970669 3.02419068042845848833402456766 0.428820274553715189578687325881
3876.65796493779297793350730068 -0.636256836373991146987604585609 4.04188446323446384485864738344
3878.25617494105469339791526232 9.21672677159536938251492836752 -2.50890137316476034079759420253
3879.11033870999458831154206735 8.01673206789143480267827943099 1.06162166944675681144681421090
3880.08221359744173948184010727 9.92866652298357522050399161920 1.50877962098609794506376005742
3881.54035051139779650367253257 0.868417402866219405869509193303 -4.81992781212119978392221025720
3882.11684525977948714541409701 3.42120746496703997515739642688 -0.354585641509827062509604322328
3882.89999255047025574659916286 4.53824976666179551159904800344 2.61004084763320404019708375811
3884.20979920798874403034195923 5.16364571891198119915101972932 -3.13258507973971543680287741697
3885.10996308611235529452962170 4.21594238528469550099318113310 -1.28729458120017014648041162249
3886.22520976624563837585730692 0.882551274446069153735078690573 -0.803742758406348209212395156368
3886.45128979050039519568697280 -0.127952693772482315739103608469 1.20772247055448708111037126973
3887.35201376003682595700104864 -2.62244932297555523500104959014 7.13001899443209701949933131844
3889.15534634449609443165058595 11.6718380833474409076205360713 -10.4648806841909567832558242838
3890.30918196902711220188576220 1.82634652909967446036644433832 -6.52524768864097621476310643792
3891.08688300240864585723674807 3.36909052862850134210784663095 -2.59329613289702426782345504652
3891.92993698599049085628463503 3.87521116147513696656848809160 -0.883995311385394209424488750672
3893.00113107696706956856711277 1.97357444515789429101878566301 -1.14576104457508886778063381882
3893.40706208333409665215774317 0.669008155827439091553725788161 2.51397894562119013398166577331
3894.78373028891709730498804727 6.07106832762753750711518958010 0.162547652601977572726273441002
3895.56793127391507423357024616 5.12839987349669289166830076283 3.87686346578375877026302407357
3896.64263227513428481864973189 8.83840214184719898324289004376 3.06505605393062243545304277755
3897.87075029109300328600826561 6.81806367411555443144145500050 -3.48987775397014032331682644839
3898.65196179455533617566957432 6.73330001116521928866080346509 1.06417029128781946767023977541
3899.62374345561473993990634558 9.18577345683372693654732920283 1.61234266030531531929464826624
3901.00776461042202617152235764 2.97818973441263717280506622694 -6.39447348440856085544043925972
3902.07742704225869897302728915 0.230376352906949223979197503224 -1.66087017860681067645661375543
3902.41116051088935497278305498 1.22331537531345257124074292761 0.902158028079747268596811392287
3903.35154307314575733983793222 2.85586350043308159039672799544 2.67627572484655882066636022846
3904.37919130412093717026843869 4.73497901281532154359586126050 3.16829092161246629253107971259
3905.34485166620359674262144971 5.41855284298157860305037950236 3.91502875351593593997387784126
3906.11931911188389409679796896 3.20238108278693376246361549079 10.5640886210178938399930209269
3908.18816543819362605836816075 -2.72719980085346747595477643629 -3.47598848463332505573431463203
3908.60636266606993189175091983 2.64166400349896163599125360650 -1.24237048967250289550755083667
3909.46584740412502902433814831 4.07394740499007939397820802991 -0.255436207433899223703134872552
3910.63271685653970475101992162 1.47759127543793847963489704029 -1.18151522461860285559228508766
3910.91143823615837912082001010 0.000653455916197920935678570809424 2.12756886214743156468064804503
3912.64294859851234895996073651 3.25860746437444373235501545462 -3.77034701440937609222722117065
3913.25913786176098756914476478 3.71105284631914492497179083599 1.15278318590073453278059378237
3914.21992326921895427257455890 4.37653565650351254508925667804 1.60625756517149865263491028687
3914.94900124490641044509417255 2.73111144584934523978635916559 6.06499938768269456165973310101
3916.17653855995134038545711567 12.9108230591530411483533746916 4.56381516897591591081467630442
3917.65816595360836662456866296 2.29718400095112054553427007159 -7.84390815084401463353522719636
3918.44305298765014567496276758 3.72796082538035271572674812791 -2.95268909035678414152411060016
3919.22274096069251865560536559 4.96737769720660383610952984455 -0.184787107742428270536895524239
3920.54043109545058739886685327 1.17229559905912384143044996054 -2.52330127733375239734388764857
3921.15257024005183560990826110 1.60807060278363204138179177458 0.0575848356943918323479200730352
3921.65256034828866643855101202 0.00567775348781840352138473499016 2.30883102320622124008294973288
3922.66520322420265617495173394 0.999026280445808635377401524969 8.29815160442842071501369474760
3924.19331052535761890807664552 12.2035997160899314973157130501 -4.11904541671992350662712990366
3925.24711925729302539308549358 7.16893016989617749931985788770 -4.65294445278698549831902273978
3926.17608358357532668715382565 5.88797017579102871031780921201 -2.65897439108830279177618490146
3927.08051737009317430038948008 5.93835858781592536387431058118 -1.16551071338751279897095725607
3928.14221829529446720954763812 4.40100733961278934301506110444 -2.23434015442507101606838498886
3928.88655920682035614782616448 4.86342492838199551974926685324 1.37603167048433290092553738443
3930.09928128035743612585173125 4.26653776953471799927435714942 -2.25748888041451494525481127985
3930.89108638228481020227448920 3.84989139681727679653531125565 0.409039247019570967522745745019
3931.74521736056494942598381126 3.83209302987124946259885953243 2.08170765278877469521218356648
3932.62456808701904232062172306 4.04058657174986265095988533493 4.22851905594099981854940379976
3933.51688184203785228182032524 4.87746559548707863973992518037 9.05644973339423378785777446236
3934.93834780859944701920180147 14.9930704835220923296380106999 -5.61711923393714205336726829478
3936.44328611962616113196798222 -1.94360919358974099122994534542 -3.62686495596583770628256561913
3936.97423431365502442779244617 1.99721672340973472366936906881 -1.45884365559574531734054434815
3937.90538085355740136253789621 1.22705788035227079048742620953 -0.650961105460563223019651830095
3938.21461653686463249095000952 -0.147875186429611971362252801199 1.69119216646298837216484039073
3939.77518681187546746608698145 5.19180329152646353998568381079 -1.19405733380307809475688770403
3940.43463759668894858677339302 3.80062572194031497629351805494 3.84918079275857584591169146128
3941.63002964800072012995684287 6.97813894249627649140577873944 0.583231875299737007962253575561
3942.35272218777819103660801780 5.51685531429651642898796835162 6.91430853817140459870804995186
3944.03036280692911648477995427 1.28040657053404661074631378696 -6.12243371799997784654920118965
3944.65091565239571394920148357 3.83269266551856675417343551883 -0.864680999576955966909946444337
3945.33306366888709436605789255 4.36898008062681750852657300815 3.85041459505587918532179720120
3946.87898357057029878700568622 2.68020430057441415687880239158 -5.47968963683720954062980792841
3947.70386407457861183328675278 2.67840935169010938134685334950 -1.95950309879694280517558282185
3948.43419220048754659153906252 2.95025083258221598210002104848 0.467597745886931631825758929487
3949.31370582214964606994338653 3.10667385345376184759682224623 1.55972216124894729288843997618
3950.13237551108520932272516083 2.45916702246159256110298878484 3.58322551555963202157482223777
3950.85946643966303749435241654 -1.71553699736791991119593755088 8.57143383741546172985938410949
3952.94287015691717516982732898 -1.39762794619823206575904672533 -5.91357170248863151741278726441
3953.35652659126483106122071799 4.84665722345805248973590342152 0.0282596945421658021053980955601
3954.77862116459699667002056168 0.392634795855414479909966565157 -2.87373515346717789163507172757
3955.17654637273266158308633154 2.38610038550802314318371505496 1.07789571404469857918550862012
3956.42021719161413562282568191 3.07947050306016139172192146875 -1.45681377412627510705975789356
3957.01990177654263987050069296 2.46789510882833801156477870656 2.37941281821541639771815701138
3957.95471794709225354607452365 4.36762007304849656686336345270 5.45964348866878830468426228981
3959.47075550552951674465363688 3.39923810386144930935640950118 -3.85681862438208030814970161098
3960.07102875697726603113630914 3.51755198239780882700914947017 1.31806031214678988539023029926
3960.77053461447935970846616712 2.07840658419927568666778592539 6.16273431958220278190626439107
3962.16846192668797160777135154 13.3511818947724009782456022265 -1.59295396213643932470217838777
3963.47034886125627515168359580 2.95261239746565788432868537230 -7.04016151314901036860743843690
3964.31264952320825681424753991 3.27757451600359559620961070459 -3.03682636201380524643699792650
3965.13270709891233338616958946 3.75593894820769892995673268354 -0.956174684281859757069804443050
3966.13871499304440393386131045 2.74948016851989992337085912167 -1.00622285263997428200379959661
3966.75389410640417140807486198 2.16586959407218680631220910018 2.26380422428311467652953660666
3967.81876142117071309033843752 3.97974807784931323116592606105 2.25748229818124152933061870006
3968.48465360789603325114029142 0.411091808124841606684583664177 6.83020888370870690473436832168
3969.91460021966054006944936751 15.6480460168454633363556832434 0.654623573501636678388639752439
3971.31807021221639937730498965 1.80098561448679730895081417278 -7.73183646695350818711184349276
3972.11576026456026203684660303 3.15073875100571680042804132682 -3.07070896876720905595546651833
3973.01068150358587736928382509 2.19950654174145220698231053124 -1.24986724253435668288400796679
3973.45701478382432192366682602 1.17891655892700893077038040278 2.90719230640630192052546056240
3974.89341336828316005226364836 7.26841790166001438108759359790 -2.28851648583763522325160407714
3976.06618319567382616620545851 1.99363600686547012725728597754 -2.76230353252262567255718059547
3976.73141890119237399098607503 1.75277955158049501505040811924 0.0885688794108904351622373261810
3977.11390869497160006501453675 -0.958454827182313550857587722888 2.34716367803304651576905184942
3978.68611997925659487819426342 9.52694898872758489445947237978 0.278180020723812963229159244079
3979.49734117627825510425053037 8.91589001965543985564152452627 5.51824857198275279107888790019
3980.84409978223625053617364215 9.53341008058644578088416488834 -7.22174847228212937273512084430
3982.04850208684577532689195381 0.936386144376124662005115116990 -5.17587721652009924337625930957
3982.76406811653715165948502946 2.90309706232804924357062238342 -1.81426791092848937306666553719
3983.74979536912290231183512902 1.65746563502790650821199562025 -1.12643134744716299547151274982
3984.22743518115685157724376241 1.11527445777507405511845690337 1.75145451056899179327688165803
3985.09872524239949898939231010 1.28665950482373397171719457613 5.34208017441907925316900724166
3986.51617903818040727152715045 7.82298843122601516455725764255 -0.762063994892025990036707732592
3987.23070915477545903174514061 6.35021518511419348755796722364 5.78778655763685975203853157464
3988.71944926467564970989057484 4.35848101905085360775295648518 -5.75783873347112595915721041075
3989.35217580895551719671564093 6.05053504749078502992197645700 1.08297287576669234616175148697
3990.48140960734607366866342757 7.25496627217380231565125890492 -2.44562654253940685223940823933
3991.57089098517551049829350888 3.98902850139056583457110559510 -3.35485360555617445158381546969
3992.33110509982246180572004348 4.48221621152722396451884473921 -0.0490201080818242307791253789691
3993.29316373176716215510058896 5.20681610270783881038494627696 0.134956559338436276076530311919
3994.39587399845226471106971458 3.70220578820312031308482315584 -1.52739005515850996571691277700
3995.16845972306738772086844175 2.84166536971614446435340833226 0.746321308425036451932590610438
3995.79781341311116586346379151 0.796945257172276469532721918304 3.85961715257691764099302469109
3996.68904023302803162982792898 -0.686286049079575221198062852257 11.1572509937543190784966470877
3998.80929229970673201420332818 -3.63582621564924881425213408285 -6.66893394858677301881592499647
3999.51924828530314218090712751 0.944381390551471759067931506797 -2.58132490735952013634449872133
4000.01728517877081752501746272 2.70147065970813916388555180011 0.876779709039399122652886275275
4001.14425863462743850941486071 4.46618515454189473070861208777 -0.824832194721355803223800426862
4002.11234942771434389592197260 3.25595824349404927381946282501 -0.546550079917258769695760415036
4002.69571941477356229203604472 1.86302016407654499606300707459 3.58852152959908764849033602480
4004.02245139468244650510377075 6.49599152046177888901197867542 -0.323974856699897360438268688738
4004.80673102867447586364047863 5.62003110387885401524903226580 3.52039218826042334801308426173
4005.87673743733906410062564972 8.66934644494055403958915988923 2.18054114722504679587946136347
4006.93192081772356060311529076 9.69670384232753753715943895126 -0.184867788122147159039834894467
4008.14203089138443915635158049 4.10697339081404078530665353741 -4.10328383255586253356713640827
4008.68959625247620707528696448 5.07919828640034954996806822885 3.38963740429812422752382498279
4010.36101902380956045090648476 -0.406026716379716208958455777125 -4.18941849165329830970368560021
4010.98331128030464799788933844 1.97242858484652265145610401932 -1.17019602979117222686367784832
4011.66388154178693003946565293 2.29257195727251901330045099335 0.991602353781598242004596949832
4012.56891600089239247872448327 2.64150645573273216782061026432 1.91354669075892255007935130139
4013.23368880546668101798493392 -0.272663208144323800223627075450 5.37266219092613129555857744529
4014.65729481827742041332868972 11.8942946962348147560512302951 1.98172934949707559036974764512
4015.65765105164092134315059427 12.4407139794352387230195993520 0.941812056148222289880069930965
4016.96893801001680979799571686 4.88535540582088563511405048375 -7.92665781119274011235724706773
4018.02926845857559772982890133 1.00257859952131673799631824797 -3.63994646908275384921343726615
4018.77695160002006743807478983 1.28807626478041082252566074910 -0.836071981650268976627650590956
4019.10606504081216790924531207 0.131098957085417722169834737440 1.92155412020783383861421293194
4020.57077310366363936028039558 7.24016292338474055579749159640 -0.635560298943496049559012587848
4021.62801421737450230540548121 4.68188783230029202698601180147 -1.77089821409957361940739921175
4022.38010643760458809657668204 4.31830629251020671522237171105 1.57678934804781201403186267067
4023.42850497420528028214472695 3.92033304841946243604850891853 0.410687772467166798330718028143
4023.90515140008716764198488660 -0.716623032790388585678142186254 5.27159336186046769421075859042
4025.58319902672542413032584185 11.2522725912376142146820989730 -7.28488472340577966258908098263
4026.60275910159939367623576208 6.81811782102038560570861330548 -6.07109085600635886469988492195
4027.86629757192441522202813099 -0.242088713263198729401844959722 -2.45696703967252793927523911155
4028.24717291972747977278067637 2.00503715365942528388688837344 0.494391366277977960532451924708
4029.19555708054031520218639875 3.93081820743116302073432138296 1.29603124455299851378744785963
4030.38328019906182026906406820 2.75761364269525429232644293006 -1.09631342172427802560514544927
4030.91610778602813569500737905 1.41229590673683015792175485345 2.41233368595016981876398259817
4031.65431171594481868087718809 -1.53369069154873498552375792646 6.66785758805251928007384017296
4033.37447687737696324845674605 11.1924186063754970459161731583 -8.01295248094263461909196807377
4034.52082016219073999783715383 2.01995755425628595314769685163 -4.97459925015276957672717146235
4035.10559902992082810732887256 4.38505663368438905735408357102 0.290982655968343026972705705022
4036.07938960186297761469127258 6.21711175029494810584829558008 0.373849461504684308567491753234
4037.12601457102600998306051755 6.74433144207621026909064250211 -1.23918069108486217418380074530
4038.29069885927912848278528019 2.88966281145704114621920099794 -3.00692939927760180525087601476
4038.94831043430332526056648522 3.39682250616331260114506935421 0.725156541558447614475483178719
4039.85781922225609501171972025 4.26323914484385853328124289170 1.86047215370341067264535151477
4040.94056322179622539222703510 3.89927748820672890084621341885 0.204693135287209527589620890537
4041.46467764477437459163793293 0.347725848845658812308903459622 4.86670054846137891089407919900
4042.70248039631525022366898809 11.9185883532845213378996897124 8.85260125469366652943976480301
4044.32228700343457072890075590 1.01910066639662099738667285582 -8.93236738103325546424718512587
4045.05514738729092454397743361 4.38763323091516649012973434057 -3.58755502071878868938091828230
4046.21478482912403115755181749 0.693744100403663050012301699503 -2.44019899042498421888408919379
4046.73821081731432522019611474 1.89774416003319946033897860063 0.296720656352756424835572433599
4047.46804432597691623136158027 1.83922735930773592640454013657 2.49967325360862434895304392666
4048.38070982756317742120010305 2.89527164079439751787503426819 6.08118851609432962258251003866
4049.97370468657634263340988773 2.93582718404052713870608650477 -3.58055240977391567322950411360
4050.43139062420435775512989224 2.91066931142854610635991425617 2.86374627930782031048950503692
4051.38437955123379965667986504 6.42240478428842294285240925277 7.11490321314731213820355190648
4052.99762598150626033719315216 2.13664214439959231300181510869 -6.22284885500321929127670199897
4053.56627207793428323861531038 5.23084982926035188899100419341 0.325451039870211973943752905339
4054.69071287025434405187035760 5.33000009810875049956295967135 -2.46783376464873849685072061694
4055.47785250335704033960504031 6.15457261752825347886458245902 1.00355775391787222635617602137
4056.99636190322440255521116090 -0.0840673463841649695733687490255 -2.18508763828905113124636288365
4057.42890423352456729051235132 1.38676957550525567569022212053 0.185516803949455017781882940500
4057.99349353917555280131911298 0.300531256958005700780072665840 2.43493289485101217318622207424
4059.08542828818309524953864806 3.44273320477056212097841248762 6.09736948838828671525447292036
4060.04899600678281055685526277 6.15804495551765468060715765312 11.5448198151158349256467370615
4061.74393304963533811123801888 3.63613238619036177669372516485 -11.3918375585302973750246980463
4062.85028869290051742853300478 -0.304331130464226716954117367769 -2.33868527419991706379556730587
4063.15772545543265157480744458 1.96878137439890292809769897430 0.942689668170062978948105657924
4064.35838019639013489771427345 4.31003680701600261045257718578 -1.31984273406720447548016226522
4065.17847519289932186006752348 4.22509420188048174274352792197 0.814806573706416947368213872137
4066.10959265051931333987722844 4.87748290434254886708022395676 1.60983914190721178298257232356
4067.07410686881256402970972266 5.71576396436909416725527067179 2.01475680796497787864945313417
4068.08322382602438335997125802 6.36708439929179184065303175836 1.38718097784945117985550290922
4068.96929762607560736069815088 6.81536406800051424250324804585 3.62001345228416492840789812048
4070.28191256977793983409922382 3.31194109835879608345262209517 -2.35796858684030496783467802113
4070.60367764960769778227543788 0.408093149009936570740522641123 4.55236127407585386429722309723
4072.70512870619310897521850906 -2.29280709124739521183689782442 -3.29072004343674917090010746344
4073.12645017239200941088975728 2.51213101057753196006631815639 -1.06688940812161854669822150071
4074.08768113303370960680853569 2.83142501004692926298451944176 -1.10381146308006908404777818265
4074.81706451066576536064583763 2.91081108433837338356663304485 1.26040715353312063603003096868
4075.74134667009051496089957741 3.73892905309910689848742893120 2.33344651569881382218897616450
4076.71978186379205389587362800 4.32587744408382804535888069693 2.54526231414519016048419965676
4077.41334548452761314446742966 1.09332123563216055832620298470 7.60027821975788828132320871542
4078.92277136021175504452334431 13.7215615872065889250568947819 -4.51137529688350183046075760427
4080.10830448120156709593000190 4.40273126132199125726957526111 -7.08416174169545526598904118070
4081.06608342094575623852328255 2.23887942139864678749527379945 -3.29855562123958916653608981844
4081.69856843179795107636641417 3.45656862207735790421604374467 0.413385408982196263148824775421
4082.58834814111957917465547123 4.77725037412948251684210239591 1.90417463590017311259683066734
4083.63004286007103414853090757 6.96873876234091015710345064619 1.03536215320964082726541027926
4084.94288320291230796541069826 2.13194644268885048577464820025 -3.06186092136715967045576350426
4085.51537058582562610041899732 2.70629441638912013795920175145 0.911744425115152595298572621420
4086.37922107461225077579680922 2.75135947949602351673745881101 2.17432406442740482177566631553
4086.96747897527594935480646132 -2.01681572624358485108440490790 5.80604563148492959058792322099
4088.78188148315805473278826411 8.86680663930203909864525182771 -9.69618990174498719058808035447
4089.73028563765653480165257828 5.52319146092205427265540792197 -5.25426512961108720615721566216
4090.59126591027896524006267273 6.03756895089679328845344896195 -2.60814006028247009171724606917
4091.91084615921919372844894540 0.0648487521670101299822156437048 -2.15987107448496612581268426588
4092.29720646462493064575303713 1.67767699510970528803613237886 0.610897504071758803301442754829
4093.24836222912443053295062607 2.68727964543007881863120242786 1.16633093801037413740486370580
4093.90591194528912571931443332 0.664973330765723743397193418475 4.40138665982152910190333093500
4095.13793075125350417363470200 9.02338263202773284324300110332 5.79631648649355019881939001026
4096.51084729656040774454365563 5.00993718415238044929772133594 -4.53390800077698709058326678329
4097.06368446035329896077530037 5.37486571232511482475718279758 3.79525906050785034725707005599
4098.47518644815572479899586803 5.01451259030942758133077218021 -5.34280140508129970554340366053
4099.24484529362699247584779683 5.44063776060903906036285695582 -0.930628559012587948505997280609
4100.10753413051964458167028435 6.82563203134158033233322878045 1.21901092440249352140353411607
4101.57844792156012118895150541 0.368278502637405889136585092363 -2.98955986687529349856049556255
4102.03736253512558075971759007 2.21772498657828804557885930557 0.463851105212953405402229605879
4102.82594182578147725817386134 2.88110039397256696320385940240 2.92059108809927244374329228865
4104.14133120219216683306961226 3.28912244540128924877308035561 -1.12363661511442074924233977420
4104.61309857982891556250724534 1.00122165517479587765239207717 3.38755309295774476496456234132
4105.51285256922495893184262727 0.659479998099066838296854300746 10.6348054074088337974631025519
4107.32721935588222546353448753 4.72339001961733328867885343260 -13.3316094915099998965689166252
4108.62423343027830558159930418 -0.938805735441643864432927887477 -1.06596673627705421833033553184
4108.85244316077249484463767598 1.17472030541198108342920396337 0.128555539025352500162246022070
4109.71093128579612620082779634 2.88446737528407343226140018541 1.45705708290468088551919011639
4110.63431988672114168849720556 4.39338347146415228068623316420 3.11015592275527097674564974520
4111.85984544507771752754017669 5.51853756501924084144915486104 -1.20683783574949848645941152920
4112.66720601872237529999939712 4.63906069166941081831056339700 1.48034802485438072964011508051
4113.48598922703660104463230179 4.69591609749244458837209161426 4.79625238027228165223185479570
4114.68756783715896455434694147 9.00642345778931404006995136066 0.377280760376419618351431022623
4115.61577379847710316071092102 9.24561336963928222141951971010 1.62476674710246585455850788916
4116.81398089125740012251497031 6.73016447715047195865333742586 -4.30930335718366119145592280027
4117.60071073979716146192180197 7.63430146810781936448047724302 0.160927177558897792262768951071
4118.97435266945824131439887091 1.24981536588625840595155019670 -4.35925055387965162273197660543
4119.59633288364964545258640823 3.30607803501490000184309884672 -0.557079187666574874825876025745
4120.63421058436899429079282394 2.57304969778161092995247061805 -1.06083409596071010209406955227
4121.34865680278807464636299703 1.75486416594751905478653340790 0.812477249174116085292174560072
4121.79465878504165755021023426 -1.61412727515479103602947968048 2.58612524154684449589671054526
4123.24008666954431293507356212 12.2319658478788086085318401107 8.05963740498779161854063876880
4124.64882938019727376966731120 7.52430020627302849925941365427 -8.47651866585216308580759111583
4125.59212845260510429250403575 4.68795434751892301600933878999 -4.48093931527296002550636230443
4126.37806388052902169313464825 5.81950204524629319134790314591 -1.00186219737455496843551662357
4127.59337080839708311095663195 2.17754410031188828154120544688 -3.18429049033343012974550008063
4128.29816669967846667072848215 2.26423237666904390939323079568 -0.263017293453289028174286967066
4128.77767520257593113501218248 0.332633401282695044205776388470 3.30442122087932969555619386442
4130.46676378025975268934167897 3.45353549720741016169313386128 -4.07198093235378207970023424025
4131.13697989932196992327085215 3.64202521229194581857161329221 0.365055928075750991945385694086
4131.92800243278445959108740707 3.43074041170287733589756742204 2.74722074441149676890524096863
4132.72445130737654496453666121 2.56839073636045606733384580279 7.30807416967451244052695108445
4134.05064882826937584831541466 15.1035690905641109179934823572 1.08319536359267169658579959192
4135.44176002132896484119807371 2.37484220542393933338461402919 -8.57051330029378993148192732045
4136.39668887340951975422262532 1.06659158344814351953761816428 -3.29160601559322202811918300400
4136.97485348348213095906650539 2.93780659109206292559154118312 0.0237247699331652373192870680692
4137.96294137964307920623655657 3.58007135538091880652124238057 -0.203058840119941758213337292999
4138.83833955550239183249100076 3.06416208980788895781118065127 0.763456963373307218901900060531
4139.46409915523830814269016046 0.962154070494957808345924750276 4.39071251091218067519244870289
4140.89283011563274133837977794 5.80652363014953324272001672648 -0.818313004034019225786196754280
4141.37377532012817218106436496 0.912400934329531393501048887683 6.97440514882488245277937185891
4143.34706250045113364517165366 -1.43119608700947862499781456008 -5.57378269797963961262776645896
4143.89762485607148170599750082 2.96484607466348092820272051158 -1.49680288032831147839522700990
4144.60329879839041494105241429 3.92101077668042154666883609400 1.58247427099272872665278504943
4145.56479256800900943186052550 6.82683781960778946421153394416 2.92080780557716843975463841305
4147.07192227952515161418998286 0.867409349242992651069543325421 -3.79954161735548931718457039659
4147.59506954750504921059805962 2.93680785077470551229236281190 0.285817765273942191164022214357
4148.65252077880844189726759177 2.34051549487785550862172386453 -0.460231161747384314281467672046
4149.06945105076313334698103407 -0.0671369699045856206675548434072 2.90173308612111093679720522826
4150.44509795248515181595917937 7.30484812703449732674614916268 2.01800811823351503146705327900
4151.14685150949820531548030103 4.24141667320040768376027732982 9.05685985774850719779239076441
4152.76872526564334425189854965 7.02094771613971145204920271446 -10.7297029325154426722119717963
4153.83914674505212753037447739 1.34370488680205968983011325885 -5.36349149534717638055227643467
4154.63089900597898795258271593 2.28418715118487270776740986234 -2.14743754482381437128459102754
4155.33478726163233514440838848 2.98528641186156389272203218842 0.303905331151812835217794957135
4156.29630496283757262478759364 3.08230573357453659066793302056 0.374196339411487593637788772363
4156.91390799174132899744202569 1.29038557218431278175858900705 3.97451752174934169426668331445
4158.12933441381124205468513108 8.41963515606998652273724195340 4.08259190504409238210801954757
4159.48046169897982925766543484 3.29559800046757313613437803755 -3.35801333870214529252010707689
4159.92166584075938918715462882 2.80318144958471462062604280084 3.63534214081313974321390992882
4161.09628118212480324137276193 10.3806245923828158270508619194 2.54756654716236271385575512199
4162.37791459337724062475843779 6.10876411414746916151132078950 -6.04766534770411823135801708348
4163.27885305082916514938847663 4.82499934921968439773425412599 -3.05915386735449902501873858170
4164.13535144063147202791545255 5.06411155998165872776734130063 -1.05555606051709058791499256912
4165.13916295559575641190446148 4.56236676247809164959804764119 -1.53493265093959008914237667262
4166.07842806239882952561305975 3.73105419000050361379578178837 -0.889462429537692018290131938537
4166.98417340835686662024169054 2.50711594139104350963538060370 -0.0871076715194562578469719140395
4167.50987534577286835444279548 0.489247244934536922283002785774 2.82117647011443309128722905204
4168.30345362553348701735331511 -3.31302660852195690399794486869 8.01814925085630283997783582409
4170.48280611056401230046257881 -2.27196448678017136889925351262 -5.29495482836454735955452846435
4170.87511438164787787961045571 4.40943622904551038799890430398 -0.483107909232557091997983087890
4172.13075805154653243625723934 2.16907070424254084206127875520 -3.75711558776154290518757189828
4172.87696685170388398753422460 2.44894313655409013714079466723 -0.839383920680693678866441912982
4173.41686402280452125720659046 1.70458414632972301908683529725 3.02122396187209752196220708497
4174.87318187460724552923232249 4.26034236263049697545590107818 -2.51595473857828644693236355415
4175.51205225220784057243495791 3.93988616905842912822957959962 2.31971924119197107582210331638
4176.64307192019762625534345787 5.17413555040297376748444688088 -0.00864158895597860374029959310464
4177.32218862403980296490822990 3.62777566585278366255051889389 4.89469830294602751895464327066
4178.53030418317552279393773183 9.83258923472886601849275962598 1.46972655070782513360281582103
4179.57469943018685706777757903 9.38011785432587985091957198184 -0.981871144649312316685168373879
4180.50318176520308357895730548 10.3767097268205992459683510953 0.203791836223514720085252044007
4181.92249318446429724354298265 0.741618477264031772142599004172 -6.20667746585701249465612444448
4182.85079287909991325910336808 0.473371093601249635519883731927 -1.90798904951071110426614745421
4183.37750437178190555195105637 1.26966060548665438522057461899 0.129862846591027640749639578174
4183.84634445931915361983558193 -0.322448593798999731560168600584 2.15176500738357782015062043015
4185.31272767529283829247204888 5.75556127769418242379120095495 0.545223657639462757341538348140
4185.95793668737697907836757263 2.81586972056427354244136188239 6.10469440108878292495432210503
4187.20071884623424524458900622 12.5325027531597378763578531237 3.06785938010046212300509543372
4188.41997724015683397767259278 9.54103938791516272540798932410 -6.28074974594505283394858683144
4189.61527979339505843243659691 1.13455198016659322739129071946 -4.55569802965331386621465478690
4190.23326929090871386909355726 3.21048054536977149224198761081 -0.632052540566347716331494295915
4190.98591222567167100778556268 3.99140051327927088796571417705 2.18098962681682577667271056355
4192.10971234571251722507085222 6.57778176350213469144794279046 -0.0810570258902170386168703858891
4193.17585116578509897354513910 5.17300919094521518881522763132 -1.81471647388714562574760322963
4194.09224588213188927225297172 3.97076683622282569204554242554 -0.704771534501905823368254438579
4194.89901388826094143015047734 3.21151633325743387893584839108 1.14493953681697525707375727956
4195.54135165514376655106266085 0.858899881567615947477058153698 4.84179428371827241213698029982
4196.60454835580479518003675546 6.48677471726365581185703538621 12.1175278947708130640078731873
4198.42598911247924902780716971 -1.21686601656284308673121353061 -9.16634980661024167129232679217
4199.33519263116430486192962098 0.107508839155379506525554225330 -2.04339295840875834912654531627
4199.63300282963642188751021606 1.63876085934010056013665991816 1.25813852325430777849019530512
4200.99746346657570657006695783 3.40210477306663830060661075605 -2.54140442400242822936313662715
4201.82700223668412700966484770 2.53888226083924285731416883023 -0.509876013444662000270712383052
4202.41669874601443095961905834 1.52455985720979882072171165552 2.51180387256069425345533558261
4203.28081366013926936875644211 1.47438892735959093530319738831 6.76012656482318229782220144849
4204.73601107334132248178858738 10.1899125338971114633332106178 -2.45097493564412496868111683515
4205.62736526738581339112600325 9.15876913374075263865572159024 0.0538965068851594649421927971282
4206.87019188825731063890188234 3.12932186029737373595499096076 -3.90894004736471727863576403559
4207.35454210438776067238309845 3.96295247621162001899764879602 3.14047742224268322180098310410
4208.73478209832723102067145772 5.86670171696568645329576075485 -4.73260998249298029390614009615
4209.64290275941255368494091111 4.66486050922332234829644462249 -2.49929042221150267228516349541
4210.54979319404295299035339057 4.23836277031027807749444675398 -1.31568958337097333646636566219
4211.52798070003912815274450816 2.91148477112964867881289542500 -1.03717834290334192482559029363
4212.17022812972135267232825814 2.27842692632999673706435846073 1.95667005350031968496023998007
4212.96729323346915766497774486 1.68831248718820870853022935513 5.21196380716785094079642337106
4214.11768658357798081054012477 8.56725243725335652263947657315 6.58944063046616609736776722841
4215.17929328183077386073878315 14.3891849448826770693019975379 5.13096476924954712894882071809
4216.83213576385023066900698094 -2.01710061038841688108208287832 -6.00494158543225310944306214856
4217.49552425177111997769914253 1.93983904617623039087457608439 -2.50712553707736113084306895779
4218.23078862687556345035265222 2.79168085372989335249672979185 -0.461070885798871901493013055229
4219.08641035628966796201435306 2.73485616407729363787554066079 0.534824437129768735175579482008
4219.67206153121957036581396111 0.605776667953263085121611792852 4.22977447665167060278338699201
4221.30673971048343339547209589 4.50956625010435841812708842958 -4.20614358674989896433348235484
4222.12667144104502890088029148 2.53554962604640397826675765983 -0.723437996413183006183841548717
4222.50724370513799646323107040 -0.177188611158298118299914825250 3.27501502551460005615900089014
4223.90117999222045020445057347 12.0269389234384298806893835161 2.80141229038316477976512613420
4225.28236584636295164351261611 2.35306508687322073029015514406 -4.93502280242244339400217471935
4225.72230733287021775805450311 4.38885414514892796657744603841 2.89736075081356730224011796572
4227.21063050178631484479683158 2.76501013751689127171803795592 -5.71732249937713619421782293605
4227.98470507213628041811791776 3.69570181412582422571472382777 -2.01390608860024067984765365901
4228.98083410691010653488795580 2.15614440055247551389934113209 -1.47702507872570544058341879015
4229.53341149762916370647533563 1.95559091430847134316229347130 1.79216128354031108102622949789
4230.65784797515536500974854780 2.52471090759907022899688237538 0.570377760696607087537927548023
4231.00807975450310127757939996 -2.06200218199311232413276252985 2.69794811792741642792703214934
4232.66032737878244951324049997 17.3010763556743345365409351103 -0.262520224805032918399427205078
4234.13726075095480200568080957 -0.626445804333349280195162473851 -5.55331392028947967466238380709
4234.67218648542820950777383175 3.63140416449425703091310667415 -1.05820788609350655296617962036
4235.50281478464953055982351373 5.18615386919567335562218257694 0.799635096978991521377118927926
4236.70877808133355309336139309 3.55759509263671574855271812390 -2.61005916172372591776277793441
4237.34310508859870086596633366 3.89861029778704933504414380883 1.84832269644796858183347637254
4238.58156242921952408194925975 3.39418253858280534345694948029 -1.63675911274416376335540082302
4239.08335509135214942703718294 2.04072571795638677583171032126 3.62353565606003604248613689884
4240.60922327621987390711741233 2.82743018542674311047169499192 -2.74487248060347262604693247055
4241.10402429007978647120916541 2.31196896546640150767070323759 2.19426139372784086829216007771
4241.78375308325478629542257230 -0.835554717948849728814575846813 7.17465775252955840976589069089
4243.57365249401962585732310847 7.18052588070622201959312282691 -11.2406949398819413008842529242
4244.57582263299671844218649591 2.93108276738919775695544321934 -6.14162515134288843605101883592
4245.62105999554674379604257288 0.383543027787086821696126396650 -2.08784438114367923829407255052
4246.01096150189830090315236752 1.73252130363481085624523278012 0.906844063232267755412542581739
4247.05066636949443272597108057 3.63643483442859402710024995970 0.876246486743607932266166420645
4247.88286362012097274571145636 3.49810638457785933780225242874 2.75245516142187371436531204582
4248.79822992072609773043244006 4.51105863642107752956250134071 4.89121869348313119291625238060
4249.84236055078418510918802864 8.56509795141114826976882940477 5.43322924582793999766019363931
4251.02457191693589470245289074 11.1703829319269606325900592681 -1.63448690936776358629224704262
4252.06377037669282347121912050 9.14205484208122976285942493192 -3.75800516192690069410825816177
4253.45215704309497470976264854 -0.296936662817854480143635788938 -1.45001174331670390362285445784
4253.64194349541519799341614348 1.00273365629706327831368126487 0.934756965421385229944024827622
4254.60674124474083090605792408 4.83043290888547316699092542985 4.47981634394896665016384550525
4256.25397791507811694364037888 0.375817587281373958966294590707 -4.08503467505892011234582264681
4256.90391637989130384881704705 1.70907886082857513471472832238 -0.837679402971918764456189425696
4257.39842607086037355304889980 1.08688896452620791629180927994 2.00545879382520946661907375904
4258.41230949892380552862819238 3.18360495677314053067518635742 4.10508502290158808076779026711
4259.21997150395914923788191542 1.42311173426408495259369912459 9.38007188649797400146903567385
4260.82878040002857752582861491 10.6585571967738144467212595641 -8.65828118873538743863245241634
4261.80131615390530414651253665 6.76172951552611771511081661881 -5.82159988609886163011812609561
4262.83491775881813127137962777 3.46489434778610625113989858417 -4.73046804062565824401891114625
4263.85107009016165315723082390 1.05018451503347988183778950809 -2.11353083713994485172511547361
4264.32648409747278080881498704 1.87439541627136348846629332802 0.980779085919661929063430359779
4265.19775353023385489157446733 2.89826151675650797422320259399 2.88562779046109332357751128295
4266.17552629782877859772012170 5.10564312403575554136421884113 4.63419645382125995982911759031
4267.37501811587499530806736533 7.69852619420774924182158912176 -0.247673425799912281963867664654
4268.22303206395813562793398716 7.22183439679589244648988806056 2.59119306768658195128772840305
4269.31196338319825631650974309 8.27425152375160637542073618079 -0.534313525120614145863488940808
4270.22894585223726811327893138 8.24719351490034029613568936085 0.720023395783603170710322685110
4271.21935772401847429850666732 9.93903235105650438029892694628 -0.00883019991664977452017878017496
4272.62654668278855186395012306 0.599964884932786513366850372216 -4.86520757014814403723045441545
4273.26607037579157527565835906 2.82925356397992396188315311510 -1.16976627467353848836638848996
4274.00619848526749903654756284 3.50041060654204678604303367013 1.22193230713001509751422362455
4275.10673263389962807835356822 3.99098340949218492868483569627 -0.447653308475622746006424602930
4275.86364807041003929964444693 3.25829566416719383607478537412 2.04868576106977992111597508975
4276.73317634038549809267342613 3.18836977263886042779728695081 3.75587081286824746547061676118
4277.42004295942943360747719849 -1.82958177367063682417526638109 9.14439074022660933080932008886
4279.54886718812426806495848599 -3.29682021307835901072732949136 -6.60411229251363637705165962757
4280.16162552467823739526321710 2.37332194288556293740289131717 -2.93593469864429456432216311203
4280.97378769278718473109560338 2.73298093122520810989063870707 -1.15110094200312522567799723492
4281.58715976113000683405707516 2.82201477560543275164514323407 2.58761363655810694675812737650
4282.94347913862831770763409389 3.63743223241706522310058145046 -2.18469170305429276518725209099
4283.49372863265231198360235835 3.04686761856210173552369613844 3.17283134581332634747132638907
4284.84496540147074919012683554 4.77746986415756561161646595147 -2.37316928719039524763676644781
4285.62905364821492385774125679 3.39553349995213757644342108738 0.417859380096071624134361784030
4286.15810728690770368166469207 0.160799584162737221685159496663 4.89318062278759086487391036146
4287.68051817943838267824100202 10.0400314033175966339151902327 -2.97057830228822032442758909710
4288.50476627443249211242247021 9.92046440044413436077869582321 1.64699907832765038186360825822
4289.81214576064553007464350039 4.72641868093730636583538866990 -6.74880907281395407244021605649
4290.68382635764249028054598277 4.34844547413212245693785787757 -3.39331477165811812004539554819
4291.67491939378588622707099191 2.76071917308267040956425931720 -2.59885551813050415010478612259
4292.72644497523137654216386765 0.201842658757947060507253515442 -0.347912904426794799276454246623
4292.81726339051413759015292065 -0.0927575346671831408475903086396 0.397372630941240486276583601391
4293.81381495974738562562792699 -0.728795949604121063096005888171 6.11102416881222821350287760348
4295.34821144838197654663737687 11.0705854355982474079890835623 -1.97557264590859485534560683199
4296.24768755378220330788477236 9.59291283741108077735709741378 0.281412195910699641781559200171
4297.26966849269921299058272940 10.2348563935294500649061383900 -1.70101455829950810376242255555
4298.66317908963591585387558334 -0.00248023362797452871256091294673 -3.36759449094244506760614897076
4299.05494728290957330127704730 2.72721798573790718934670570044 0.817651194661131347067222720908
4300.08914837812123899679904915 5.17381277535035099963436077237 0.295437374246658389714021506639
4301.01205060930153627181626844 5.96243871176123748876230750411 1.12194266851488866526727062282
4302.14519488238366653414202223 5.25055578338805707396278499248 -2.04546680971196937436292114856
4303.18338417873734969445404324 1.77582580023941340858760720238 -1.26541724538689816636234014701
4303.53463690358518028273626642 0.446408607468380000968960762931 2.25976627171811350030471523382
4304.61752800102521288403072547 4.34368840972638867161737134941 6.50458305412526371702560012489
4305.61382371204814577757789117 9.34135524558342360861008601078 11.0919406740472384077542153141
4307.44907759905589690837077312 -2.57470813047843551187693982362 -5.94237379679573495291585415354
4307.99899175430645021842491240 3.28843641618601913215179935092 -2.41590276987821404215792118414
4309.17296497684150830183469198 0.255397386679579530843459711535 -1.01948208296589049834639329505
4309.35861506969570346187377737 0.377888266221660438561364776691 1.00168982690633704403800370260
4310.63217609721870178727712662 5.17233349055885539798730538960 1.01057802460314482748955372213
4311.66200724392219714877042768 3.94199806441389825578618393449 -0.112032424051906008652885516310
4312.22643012379073703269000661 1.40901819341023791187585393824 4.54186560104241023116110535840
4313.40137025852898540301467721 9.73207623630919880989730821843 6.30036337450198981274087168995
4314.79928316025533620969884770 5.69560780125552265472132071167 -6.47429839357121723691478325651
4315.57374180521098507786133542 5.90477805739482080577990692770 -1.42681462089063888655245153406
4316.46465630692366927165514201 6.30697903058285915997501723305 -0.0335594089354153022477638382209
4317.35619074026270066157717339 7.97591476866325394387613779579 1.81989973276988067483440370236
4318.86754285421318413323840070 0.000449767027272824539926932247878 -3.73157652092916459592194322459
4319.40682839203580186756911826 2.38428541733056324473791152988 -0.460131720925395599365538401235
4320.16224360236229935504696365 2.79341157804448976675289649796 1.46621583338453050167421628287
4321.07489162743210060729275248 3.66450135005082180586643511424 2.74927041680185165996424660142
4322.07616519002161727054273309 4.33438712694958964155829531094 2.44923679520455370949034743946
4322.66456648627458761877564263 -1.24690393663331610908793032632 7.58548588068961587439395025282
4324.54674800815074577211619033 3.20485469164297389379212287649 -10.4696599314356080132677361205
4325.29308572801814088625067496 5.92886144769135629553152116863 -3.80472168874402503414483413873
4326.35011858358482839007587305 3.36538734845528579251473141872 -4.09199514328459149016397412210
4327.39469070375896978165777929 0.623182490027735238745206301598 -1.40730099868684085013015740871
4327.70036255946128072839888304 0.825072959301802599630912866288 1.25413460033549785162361912028
4328.61576905441353214735423020 2.28174019849597364623665866690 4.95684393911403316164194526571
4330.02783591525437061735996774 6.96910334927110293142732750383 -2.41162567929212301264825980220
4330.89006579173207974533903674 5.59001857611087334661670201949 -0.0510311595352610461242053945198
4331.85191562210629632765860612 3.85071292544232168902371265290 -0.0413852581675548051978290589484
4332.30390228671946174832615907 -0.427289220008012826776332131404 5.13786980171600258008587731477
4334.02058108366257584528895392 8.21221127429274906775809206305 -8.71154473789375317544242952845
4335.06314737088452730044672864 2.35639357586270116668691751744 -4.41639820208098645736092759779
4335.60666716530504952408771050 4.68097138509244894387979656451 1.36897061984674552921914459235
4337.13366260566910682677963437 0.0128791120959344187337222425955 -2.15059286313167744858060064357
4337.45184298088365853134426002 1.63708556379297714732426121288 0.974192172572569604674134285941
4338.71912216257360050180740302 1.57403492375705606992624106355 -0.787543127986412668582086242566
4339.02706150697888193294061656 -0.189921810272787499473098587066 1.88707079371010815824199007897
4340.08783254090123423518306809 1.99375627730508386593990047228 8.68806382046678034630626028206
4341.41305096238379687553639962 16.2656170572457362001905934490 2.53693787808077375542229770603
4342.90161817499764442679835310 0.00554145055561881522607864696632 -6.92825759100167365305292188233
4343.56320120707448559852911177 3.34288673494234651377540602974 -2.24446667013085385146088593216
4344.33464149114047488563326439 4.22623496831313255666285396381 0.119278277961939060281433263811
4345.24965715456503722892513180 5.29843204722920626468930112750 0.954470642295626027350912145363
4346.24289621036364736779398994 6.55568529493540352473769778548 0.475400264034864079624970058173
4347.62803007228964080163849332 0.298311622028616510581269549621 -1.14044549157891076346271613171
4347.78873532177872010930884867 0.307951601471131084170483234272 1.11433237426032936977098542817
4348.97543085198228259118998423 5.50222065384660747084058902940 3.46848051971194912491203461002
4350.01392210554557168543666817 7.05744506228967228863343414422 2.24681948122862818174213111995
4350.87138435509555069816122432 7.30069841237080151571581021262 5.50225495553758545485499037532
4351.95251663284479969328420550 14.0427001291326396870313206798 3.61451052865371382590599831227
4353.70018973244653194802984898 -2.56577880809103179216099846968 -2.74760505520750242574421894426
4354.22075762500738286428603896 1.09993718936664783003976180409 -1.33844706441359577227025816589
4354.72459659027092234290929301 1.78569329233541360395391833584 1.25035266357351694805516020445
4355.89311078224781693412419321 3.20422512489044817494626282804 -0.222502073835537421165166098228
4356.48276640833840341212485546 1.57108319808399243917781180351 3.45167202508694219414847887163
4357.58759169304228168968838616 6.34755761993035352731131673964 5.04487378517853236312187933227
4358.75564313242028690967310539 8.21804492900597785826303380737 -0.0617760224655801613441025182928
4359.50018559781664677018844429 7.46440511503426999727394341597 6.26961043665468618594857375078
4361.19107681752224929191111044 -0.413577916452115252561053793218 -3.42249395759330366588244701835
4361.48673450267571909600795992 2.72334895465149926421939728019 1.42940342231205130812939693745
4362.76158318576439827297480352 4.86342703130427240268896430492 -2.95260330560712491932995934098
4363.52558131888212283895312741 5.24154605837414088625908301817 0.507487659131512596306734388549
4364.54690884603668529982777592 6.18856992089962894374189871598 -0.641573568953102137338025284249
4365.67199700855640889727328787 3.46110215887088951790343586147 -2.59164984261001557614385611808
4366.52730754268696973194069024 2.03373354414716079614826193707 -0.628225402134994844178726491326
4367.00051184906928565695488990 0.610296793920745728966282107676 2.14570973011901546579619079477
4367.71104842953431284373148890 -3.39940329830228107668191676502 5.67626877331727138108549630364
4369.53796492733717645734394413 12.4648807213301808472984677769 -11.0652229045657241763651954314
4370.73462750990566162158939046 0.414036842287585642159141587313 -5.86127599686576061406167554815
4371.36263302201482164563296535 3.69977170956815740968493929971 -1.62474436280765899447581734258
4372.22790650743243853775962055 4.71071172775188372221218937445 -0.490875945521121128045537764555
4373.43317829092176690945115625 1.46722463676917441442322754401 -1.87444932019845536595112307152
4373.86380441141844267422132455 1.47566063579922561552548968648 1.59935954543011854743413455556
4374.69509616070223720778240510 1.75113322666630981665031922990 5.20978211378713064478080930660
4376.08322391122539096626310598 8.25721919938464143613072390554 -1.29128041684932263679750074779
4376.98295329675994030745914542 6.52964526752436947974748859499 0.271737811409110721809282116746
4377.76846336228468383396082794 6.59063611955560538393762260556 4.62676991877664881627895517308
4379.10331587545753943098884193 6.17377941920199414855369875179 -4.36736101787461920721314706605
4379.75986452933248428278763706 6.95270472408550580252662007369 2.75098335308263551436540104128
4381.09102830986457228257016066 5.48550685285347689029414329647 -6.11020221117105378565190159656
4382.12594949867658928929526535 1.84829535168910584504849901586 -3.50559013541648497545011958608
4382.87574852326396900888917994 2.14834013734740936100595129395 -0.904897548876207177793970459684
4383.46642731829730740101003019 1.85927437237913668167885610106 1.94979909645752224499084576218
4384.41960113908131707449700302 3.57549679063561680834472512467 3.91069155641950315114457796726
4385.57988632890391049312036546 5.04154710365941754606248163422 0.880594237658013634545987848088
4386.08367870749444568601357287 -0.636143494888366474832659021636 6.73038294629850989140212160990
4387.75626002584135465962196708 12.4427064849986858080305471810 -9.85428019916832599533253984469
4389.02947839150933960271126574 -0.664333953406234160915634710869 -5.22401072665901771731621760828
4389.71963086888790831481166196 1.77233004656637893258269062456 -1.88283216305208280108811717081
4390.35110827522710407649217047 2.34929078599289271177375442955 0.620262970004295758608280910770
4391.02121306696005900949379659 1.59057801965292489871644198965 4.15684352248827493902207978049
4392.57433767483888663732637483 4.45448129886209677282990259660 -4.06121142049609844529186305415
4393.35866255260614362606240152 3.64128235494334740374374884827 -0.611094822568078007510842315343
4394.02851112682555284202280806 3.04336252842438291964234535207 3.02001595944991828121088954921
4395.06089384416313523642355715 5.90647145242691694067661223472 3.55628514568751171077707016267
4395.95109793061623447996246377 7.11392412937045645102511929265 6.86964822633367082586739627068
4397.22322268731735730135660668 12.6801893030755334635712990885 -3.33432432385857250209637899792
4398.45171963306975266328535161 2.97707084389736048747495347808 -6.46883275179374061378586438054
4399.17746730412348043670471887 4.98626124839854595017484352568 -1.96358437522153072041202477546
4400.27018003916039861228636625 2.82209491588799835623167936123 -2.98214938915609574526551057587
4401.17547154763258262185319023 1.34359615722694961856555250160 -0.994009200200869557333538292344
4401.53357408014202123228444554 0.442220470699183698017896233922 1.81288645893034703794536277024
4402.80823451690625516367742008 3.57844804420719080152896696509 1.09659109778595441610357835538
4403.23956992418855917344295081 -2.24028665073537355436950770227 4.57842267836900110299966103917
4405.21860463998769236968312028 2.10857562856159484207020894989 -8.10580851357696357339707272637
4405.83230399391580393875904952 5.54680369018660851097305097606 -1.04042770358116471353289364751
4406.70687641648876345897319232 7.25301433400066123020445573047 0.659504499758846572672187300016
4407.97318093961900928275407273 3.20243357613972232880158485244 -4.17843905185298975941651466350
4408.62370786340423726214526605 4.45381492994706733759237221479 0.416085921874897227805633289815
4409.66609713411042604584504519 4.95559997729301003479000725864 -0.906556633307333005405939383457
4410.49114198220528585520404363 5.18947503259457663644564880833 1.36429978531140089199259312733
4411.71520153078193013045573866 2.86740916353266555321567390631 -2.01508458403552924740243582548
4412.23724749071323819923588620 2.24063146664397739006352475892 2.39277887083622565953258235812
4413.21656116538074711445887506 4.08775736419494660613226173726 3.81137474466852154233867600759
4413.93404451248483955924192987 0.298753804611459558291012886947 9.89762404705561877433685799063
4415.85096182654995054966888088 -0.297992095433265557403645276481 -10.0800827767492835447943210456
4416.59399902948133121558010890 3.45727020446476399277934311056 -4.30450494044474416685113438658
4417.58011697568510429989426244 1.77144801937127509957857941841 -2.66822601945761446683800709153
4418.24155647283774939649365017 2.50104244578202851327688711097 -0.0279223434778861093963009288476
4418.97152479085810001450261308 2.53679436497164849843438509467 2.30564937353759808181592318736
4419.92245757336370211428332583 4.44168532823406134402007463672 4.24013577626486058164534196174
4421.14121799664373832836322370 6.48911866729224729258961566234 -0.594769346679651342261398435259
4421.90470120775741564219593812 5.36255029327363853732848428290 3.26832568950379188898172478833
4422.79074962097698783702256619 7.25247963088746952525565460194 7.23567209936439610558968463265
4424.33966655415685874855099536 3.34059254944764892690757707256 -7.50794195188777080225763656420
4425.24490957464161032278115201 1.18953665845770096817659075915 -1.76762011318822225544632660445
4425.49564873229799152923848380 0.540981676653820602034695355747 2.31327584919917399427606115059
4427.16472065621213823637565676 4.04120131759022874378460663066 -6.15438476436997379154104669155
4428.07317584268566494256365425 2.59702748899078234777338931526 -2.82196175817081408549475554043
4428.88180243163794304958454198 2.22592172972119551047368850889 -0.779260819398502960572730022370
4429.48800956699848587349506226 1.68276768593907826420639757950 1.79285205844700946489260636220
4430.24744879543933791905218018 0.508962161227377669718909073588 4.95109068616664145879056889226
4431.42434048308805736239668307 8.46374941273818514783887801082 7.89505721571369451286820394433
4432.57562745458516545385314688 15.3609216043770207930803213639 1.80160277653727468922021758963
4434.02925319587507618601642501 0.473435745531091853786675675072 -7.63144626275815149354797890851
4434.77910483607068868072299431 2.75131494216874187091600079257 -2.98723115829111329261848159822
4435.52908329257674380018234164 3.64905979468288771511136720771 -0.531410101476158545959552326827
4436.42373798362333137440656532 4.14681025507351536095157731077 0.260262396149344118311494862646
4437.39417367760604465091676892 3.63041669472608446720356130260 0.0774228586513656886445806930775
4437.97686962850669783968785625 1.52042012064075320522335294095 4.60147033471620173850952114244
4439.55756071441483232552666001 3.67217564912352549443256748799 -3.71805318445871657197678159205
4440.10758550901094606966251374 3.76294447235948908973334815722 2.28523317848233426419050929482
4441.06499626498878347765142998 6.03224618896520282331164282389 3.67136930526552085454267785875
4441.98494857835778628386959684 8.50566571216214872287273353136 6.74533343482746407052735543492
4443.36594187108381475623557840 9.15247132476577337269676813337 -8.00092401975359854252549819935
4444.56442411031340907900652145 0.282464029641753757382811933222 -4.53926023936570067700498101320
4445.23833854059388007685110559 2.02153376806580565541237314242 -1.31881097707056981094171364045
4445.77275824895102143402672509 2.14673609794597421864207635404 2.25584074884910881431830254989
4447.26309601679314724237045661 1.52001787118442082946754378599 -2.07267607503761854169537838420
4447.73296246168312722202402657 1.48285260335647625848843510507 1.15532046843409951133438952960
4448.30190106832450976831629543 -1.37619076138096974516142831825 3.59183012355758179279291999763
4449.63526812436761807122559407 11.4396736426005218641880725673 9.69700720293217638622843037232
4451.09812080030918089373367842 7.14717617806702708394555762257 -10.1120539011474471996789311359
4452.18808370513297160544010293 0.727396307114155901248480859620 -3.99575429147110911851653377951
4452.68070206604169439502333903 3.42734247699826096642694730135 0.462934820937933873880112606813
4453.73455127111563904957651831 4.49233059117859283885899728162 -0.829632543795563093654713822111
4454.46290544024953381501389581 4.64944586216884840260482164629 2.97112063424384283784192323311
4455.76265797255483853036501242 5.16215026230818520480701268434 -3.20433506967214638456924544894
4456.70325019351350728608620398 2.72845347043624434347742779434 -1.49426221102568775589943230712
4457.24582633994297353942886300 2.06483685849283080529998650550 2.39706109158477366906155260498
4458.18874933066911348926772875 3.89761630903359760134256278688 4.97665144711255585149942287339
4459.17127901614060720885543970 7.47904416778272217430782299142 8.06322046317080851304373422766
4460.54852928753582629885274119 9.78975975005200382243878321817 -6.08681976691341095974017730460
4461.40414047853719348907733468 9.68992238874725608995024172325 -2.20063671979820725096865270984
4462.73462219491568791967347277 0.688715732463266030462068262572 -5.64340993993941783892347755174
4463.64764806720690118586565161 0.426413710108844099651813639727 -1.56701793787707760926256328789
4464.03852325699012928245179711 1.22088556729635043202144281284 0.754018040846991166067085841116
4464.81271612762660109811318768 1.35212495720844334374668074642 3.04718914475585168973469090581
4465.80599756922265144435732016 3.86691062845219116019465966838 6.49384463627029559063108661350
4467.22853288300155474502931112 5.49020001464133014261203869883 -2.96536075845809599221163993024
4467.73981701527573022926456424 3.67615520220462676914811577291 5.33721320859443532121375664039
4469.17066273741031748413830475 7.82177391238002613757282641146 -5.22455998266919227580691498037
4469.97803283173394679041097657 8.02061076470619118019143758414 -0.791520556112125751165208098045
4471.36175725228780536644576747 0.124135319769328608222265480212 -1.76352871750322535565506684267
4471.55019559035203353213219116 0.912728434392220623003944479814 1.49365869304623539483877487058
4472.95927201518227496951262029 6.12301083673838596528832763380 -3.05942142459859713454053314578
4474.18627757740644036130857325 0.194379933000603930264909393634 -0.871342258576383729457465157846
4474.31709177897777174441900576 0.186706765736266004208446812709 0.875452806185656693861080605256
4475.80111093175964025796965543 2.88459608747908826885798543776 -1.12396185133221354261676425293
4476.24651915750619853133699689 0.783729968316983197205709679488 2.90391562500048893537761218891
4477.01585706333225786704138898 -3.19067873695341535277527914354 8.70866026559058389476713169388
4479.26942327633416234496907704 -3.81677153853723480205493993751 -3.95544059304556306455992611341
4479.73066477209281952035811744 2.45098259058688456560659583746 -2.11437128200578124591083692136
4480.53362973923556181004939359 3.62256081244898529898842864822 -0.763636676033813942020501645311
4481.41004022113804777576997742 4.23741504932112596372093368790 0.233077273134846665995276962968
4482.36688568895829564071530825 4.49081979913932682362400710360 0.239774482950280574874914265793
4483.23827746688432743897542137 4.44440231455233814335850662822 1.53403216618931630941184585921
4484.12362336934899149848778566 4.87936171716609251080039591744 3.09625565865287658995719294994
4485.05222610362440876313954420 6.63893334030548898459384402351 5.11362684435914969332302516483
4486.32721916294134417895981220 7.33460021491659618683437329193 -3.02278157110167450604230966579
4487.08419142781144810281274297 6.90450174352607450137592372160 1.86372233876092229576355499681
4488.07066724901517584449789639 9.39398651189340677548949719138 1.55532211042991101583977972894
4489.24089554754107852397069318 7.98981054496058713764525060057 -4.78246339692146179085409269526
4490.29550699485445566586497837 3.94245853330267566316800813276 -4.60781877049498502957719752701
4491.21848125242299078575546262 2.63432424717994521518262925930 -2.47543742059198858562827096541
4492.00827787896925303967378484 2.41301175483864087363801087050 -0.509342892697047568874411106787
4492.63803466921267693522544244 1.84304133552921141323454884127 2.15865675794609485772921695546
4493.53363473520837196156834897 2.60142384720812214284544818655 4.67014037375236935628161334211
4494.49375590156835703746486282 5.00427889985246550138691603967 8.70192527634441102654596888011
4495.81001802989735132721425612 13.7893345540486700715547563352 -1.87742242615972944009982449818
4496.89345176726507272933202126 9.57012306906204180257401549916 -5.92702864582720468764488249923
4498.10711204646623797166712110 0.835071900727643671663414584125 -4.89580937999014426250580569487
4498.77839407247285739601581403 2.79903550374528481531933384896 -1.40998140056190052089833403587
4499.58522310745814504281292881 2.77967290974998901390938138060 0.0639523785026848435877172386568
4500.16460239606965326238563467 1.26105193143084327417599344322 3.92865125597751663133808628797
4501.62718664398457488236200187 7.05357430547345730207127039414 -3.03086311916892805654633344426
4502.67385555359422184198826133 2.74164799166607001369127384096 -2.33218989569133860763790405288
4503.32985434571833264312359898 2.00944866069303867834885526228 0.578364518045434593800487681892
4503.71555568181067893549853090 -1.77976320308522730443180225183 2.69820496038756116871674816137
4505.45886709307267444299556770 11.3672545253586471675119073437 -5.29083417549377073949970875258
4506.31149672882497243299987752 10.8783999994378103664562506340 -1.06031546817551124331807053758
4507.74518288321758571285394958 -0.415905712934965273686742895070 -4.21358543540003312663339675310
4508.21143690268319148343536943 3.34618128679823508967592886393 -0.202927896744423824346330587590
4509.37144464812377183479094255 2.25198424754854837063766913109 -2.02765996554620843717707651479
4509.94366893714279663132293839 2.48537120009845040254645811454 1.44642672786712065158559519602
4511.04001402851982694739891602 2.75925367534656513934216207498 0.176045002762730580394195256270
4511.46271859694482530486660900 -0.851802273464647081487128164517 3.41323352693210975919179928172
4512.80999110719933329152983397 11.4005972129921886663646071136 6.62910640970153500732758474030
4514.07713958954161647539398840 10.8365183269967919330865178180 -5.90178161318737295588065978863
4515.19130676458930337706048895 3.41257472630720231378176528355 -5.57062036385771565690485092402
4516.08984521353894961717540276 1.42952653813026885114218966238 -1.57761509868517487472664382317
4516.36567104082902413786480547 0.418888206866938942092996939923 2.42661945606766339939064167999
4518.27538922243238886317082270 -0.425102308206125775765303179024 -2.49710249981182589095762338372
4518.58467921541852257992451771 1.95207643715078017694573083153 0.790827186184511535839538859099
4519.57480002045911783583989008 4.35340288981791015968926268238 1.20440000375574985996548028066
4520.53855500872693168418408882 4.89420310657224234724272307767 1.20555292350835095597161984497
4521.47548515327269169819083347 4.46544919998622332255883963224 1.38747723431941467232696453616
4522.14407772826147838829646691 2.01286532388411973721350550831 5.93043448209423139038783012200
4523.23746437872520062025840132 10.6928720650575979624859785810 10.7591891697849103127110457391
4524.97339716075577324361860090 -1.81083646803089551366302499245 -8.50711936249412421310274078240
4525.79088229690026787103314457 0.753937874117583453501164922542 -3.04774605514020508809907507286
4526.34858635878775187339268573 2.74089241378373577213116255285 -0.0588512698454729892023842754904
4527.35363312401842991845202292 2.82941118600861608274279480866 -0.533689217861812779788688035138
4527.94389354478558810972583999 1.84021457783555061490974324251 2.95079542031669932568642459929
4529.06923459200749825957694582 6.01617815519486769803441755871 2.92284956077772117037008243452
4530.02523317441132352646954051 7.35606325654913959599782524060 3.53857997492385470563643573890
4531.31896833788659672427381860 3.03935566574091457610745301209 -2.39270883677074668490801483879
4531.64357598718131053882504850 0.686360481317327061694876099469 4.14171198692877330385434762994
4533.29797647144172661565802497 5.85764210750658965083195151179 -7.31765969064225830278847595302
4534.13559824432134319250462622 5.08815554962256855475997689396 -2.84971538428130325711081651634
4534.93555600470228422794506051 5.74880180999959992193486345448 -0.00833073134596433991663118491207
4535.90756251672937651437959849 7.11641596353799893870520660354 -0.417720457619307544555301096085
4537.25256854748558741556565136 0.708959061131930713776575294866 -3.06502516446757652670484549160
4537.80609834388232993686283803 2.03515441489377371971797254202 -0.0481076098412688177138794612350
4538.50893508810817677414112928 1.72635567901111134729747128605 1.79461663446617050538080330508
4539.18886292370584981177203844 -0.651094136849670410505446712382 4.69673753751110035379743501550
4540.34772662345418812850024401 7.54650995411073023166557645414 12.7358759456794886143732545358
4542.12966625097863506953272655 -0.820529502427922582875881555721 -6.97777512125282376532008080234
4542.62048609800761237208396349 5.17393264044934445616400417794 -0.844907544883867144421026542546
4543.74692227379099917763100897 4.26334068249089030388619765883 -3.80176388275301131025253402389
4544.72027132087511038242149191 2.07250570059187124919506829779 -2.09490815910480377210209053140
4545.26334363648515445309809237 2.39636422544031833138016552914 1.51260373023755726750820315212
4546.14120742127197984556053988 3.90605016098138971998725192773 4.14185080212651950985036000242
4547.59341536872011418483854619 2.20827161076453149337742778435 -2.38864732406261543673634728660
4547.93863600636325301854478069 1.24081707491760319816144084123 3.01539813092267644639328944101
4549.28107182812781108635079472 7.16119033661007370826059112463 -0.702278700399866273153358645252
4550.06868887931421033614911801 6.26835845108406212017869822032 3.03287125018411279097170231745
4550.97969358529596261364376445 8.81031093092105000928429348010 5.93337320081700612849652092527
4552.32192616097028951954513624 9.32216314242008315591345919496 -7.62000934767041658374104408525
4553.53685028087925897175892115 0.121800799054305229848944640410 -4.57939279078628154804510499873
4554.19795105096959870663523029 2.26163144320621554973828092542 -1.48035768994456110984915195916
4554.95939148687616066791453829 2.43525929630557867956927085208 0.133087036615279414605264115443
4555.59547359920315894660129187 1.60144539421985903449746631850 3.15830308985593505947640749158
4556.89131053648450376865298688 4.93994290063723508524849592304 -0.120186841786014731288168263107
4557.53397407057799853049588797 2.75070558892085986588585655365 4.29139902324862027010316015516
4558.39662382829044155716198492 2.98414381112777032852630821206 10.8057249743909084079795320298
4560.21594109767128195877677801 0.202932359178393415496056947511 -9.31920798960480730998977402427
4560.99983350623156652469495472 2.24006593511820168526169196057 -3.40802271372392987635122237301
4561.62934660156966973205027732 3.79388450823828728395556870157 0.299675081454096614519466287546
4562.59681708926770995098916549 4.89576492670964007670877615638 0.165209854013702248756502703041
4563.41604626760442645966049963 5.65775573786466247506179120143 2.92281478354020753149139877167
4564.81595584467217759741591766 2.37622044762091019191695589622 -3.64390001077311522095973993916
4565.41695827224886414166333816 3.18062493658293382422860603236 0.542224238198073819470961003517
4566.25332608194652836271552229 3.54272126844073738699241407658 2.19773685612710813853344460747
4567.12145099062419484838515946 3.82312724497477380980624147798 4.23912352135340172310975479499
4567.94168647849741987568494546 3.04605930055467188720287753890 10.0439109677108278756197372271
4569.61577029518756295557527246 5.23774063400216774506750543921 -10.2261087193196857051666877476
4570.43332917489888033658087207 5.80130840907716115567166529673 -4.40523258855481381278955387578
4571.45789878556082846041924777 3.15260049850053261658680016443 -3.84180571040273660610305948437
4572.24986041858706039405744325 3.64437307680767900617995636278 -1.33632582703160956343470190897
4573.24617318739333375128804096 2.32080877252289767833389419076 -1.24598974372315938901972136083
4573.92413051197493976459196521 1.53543004500208706351218477106 0.676403815648222259996789855057
4574.29762138438867928011289756 -1.81437514231205052942390555519 1.92801884642855984127558508723
4576.18995439183543557537443237 5.72386659698236903707586815901 -5.53158694432681068504977106910
4576.79391779995807153565931651 6.16575141840705743116288378472 2.48395100212501361245536255204
4577.85911142986477547655952665 9.25748695935900629038052222689 0.131672175247055509950020283555
4578.92702583207177105765146082 8.07037192683668293406135713597 -3.07108953522805083149498867075
4579.95691785399865367779273418 4.97339255069510717123219837020 -3.52260896312465287594038317563
4580.71708450558565094938583062 5.77657854875731429248921655182 0.115242908012231675735871830801
4581.89418721345139506044544261 3.45181332493476457689740439650 -3.01594771029432113474059313043
4582.56824908615488819890756998 4.01768660531084904347017511561 0.821763165750630150997679532695
4583.67368792099387067301173610 3.54756099192881861603424646620 -1.09864452510607447840038843682
4584.38076849922668684400235273 2.59342472723987447971982886003 1.45259914848889083739455969506
4584.97725816543207735452999162 -0.556037815638679642881500310956 4.80707936047615781765028169049
4586.20776260534060876640816545 11.0161069809259631408460291582 10.7101021021686726212692578879
4587.67487707650827642140138681 8.97228111921656334006037990311 -11.8690010247154149430996763542
4588.97791422021689328813829351 -1.60244407961926225440658950976 -2.88620901477777568518711414636
4589.64344948950952583193069883 0.192241068853150498589054540500 -0.407688236513615854359695359234
4589.74881153398407310902752666 -0.0456928088725447030470467822352 0.488536983869706389629472420487
4591.20414651309704471615860675 5.66279971331318941446351338281 0.0425200984260219864530630188451
4592.04930908790791223036789596 5.44296212505462171996301437616 2.06462391365666331187689874347
4593.15979157276126627921432456 5.09325253550815494272067552841 -0.807822878250772607789003383792
4593.83689198613064638385965648 3.90961147695232433672917506859 3.65476294089794913119687286390
4594.78719056032522336317018531 7.07856619377449750126850742427 6.72577568273621995158710349330
4596.26366440122235207299522203 3.88172875017565730865985476750 -5.63039835887362909074326626821
4596.82990845907135562054255259 5.52859385851723398373556889809 1.75358421449464039571680002573
4597.82081234232988769285107751 9.68653880263424184331441483518 1.77325598158729109063108453192
4599.37367243986623110616734710 -0.880556484160791203036755932829 -3.80189535202772922328774074107
4599.90757943768990047033630292 2.16200406295440823914145315285 -0.959242233699993989074149914892
4600.63005411346324932871243102 2.74271713660515588073745038131 0.974171326702600214799892978242
4601.60296181719521077384746653 3.18708185075602127633633633700 0.896283082397131833123427735974
4602.25612351384042502599008462 1.29390799345425983919840897488 4.04903490686481285699382508798
4603.20969054508849440988060410 3.13186593343941785827436898532 9.68277431630881678656720760973
4604.64168140131843457254156262 14.4347196983523587793447333245 -4.84298079277634893420422047342
4605.88345169522100119726347592 1.85289209300276301689090275554 -6.14955271290992124606786735604
4606.46247240240822528682927799 5.32488417901009447799183352203 -0.247943029599186211044352038918
4607.75303258703746825248858577 1.27762616243589589626542417054 -2.95055022251340549692804410912
4608.21638094420391057033879371 2.58060358675106045117874404415 1.24951838666687236072699783736
4609.22416077705983646883294099 4.77187951930380027384647373224 1.31007046720780594174584295008
4610.08423164592748991519507074 5.61441933133284455611581538928 3.61567033877450591310090111352
4611.48467445768012868371096522 2.54852580667466623083811927153 -3.25489136053742104899667168408
4612.02859745863801718077852899 2.85195842104608540843797273639 1.34452964390339725691208533401
4612.78885401354049985726288660 2.45190449186406146496122407094 4.52048363686759420061916200044
4613.68430764133213574830297251 3.57499666896869129016765485938 11.1658558545211972711771712269
4615.53661609118192031200929763 -1.16746271731624497777391300658 -8.37760761230361036228782414815
4616.22230066164790267401144441 2.97447569869756324871462961068 -3.25378646072146104190447512682
4616.95858278083396203138683125 4.44870840821929873638462451430 -0.528213597967037282137054646396
4618.10767891014729518939893214 2.42265711964064413968345519408 -2.34192406431358475729300842171
4618.76717061881831444648387351 2.54182534058449816166590496624 0.506886569463310341512917458318
4619.46559389685668225163870430 1.93741452812451168368311181845 3.25276861348695960539186681042
4620.54436561292241119054225690 5.27153844087365452860791829036 3.72455259980675580926345985970
4621.34827921869686414098741667 4.37461170647086986431395743792 8.67187841357665329991425218745
4622.81932312131313315746832424 10.0449834115980263421723475503 -7.01759613004789528717541249140
4623.80561194419638881396770301 5.61419713866463941073088875296 -4.95836147959365552586430964495
4624.72627875509385319831669490 3.83179758444156282291860041357 -2.73905018780190603840630443184
4625.40926250168600516722432731 4.50445648761222963697790554210 1.23053391362432754380502581071
4626.34298570383336378829121010 7.04784690070750624350594103408 2.38464875470544794633099928443
4627.79022982310801539021443263 1.08692283689916532016069135878 -4.06229208549576195911271715969
4628.46344340188938242494489929 1.91344673370028441255370403530 -0.786648086183186600160373710215
4628.97423475726318902627630173 1.18844824705422653645774796575 2.14769854488105600799712452978
4629.88878293931447398045067125 2.36037855977822518781871253719 5.86036196160389278031723698359
4631.22640698897094689158646739 7.07616403662639973522342344772 -0.612704260472876321846411616805
4631.76240104394918696587782540 2.42609500399119582517071135982 8.27796945147946349017214290629
4633.56443899218070263325501187 0.465140957140931780537322724083 -9.55281296082154656986458728898
4634.30710541877199691066043118 3.72918899341804359932985507955 -4.09871614356455303715949274672
4635.35716088701011928789824048 1.12856973483983474316502113862 -2.57678194168558162312266539132
4636.02834396068384135149750976 1.37219383451892837440105920752 -0.324950064072254943644757187392
4636.39228074745298936726710824 -0.264008861176627226153437630783 1.92080994601605833818595960805
4637.79207198007196980412735000 7.30532276961865339462150542035 1.68656916724826539636731481510
4638.74815374789691250433934067 7.07057767787793672866950375159 1.51738269602209165799543215511
4639.71538082298512502675728612 7.07291743695958334926881783484 1.13417576741649911479348507735
4640.56173973095877281306382700 7.56647233143153322804660343467 4.18929664206602955271884746679
4641.75827238006869537711757337 9.22473500669468064991444114927 -2.89614249328996904409337232038
4642.68575817665256569298612305 8.27943258236229378621790133086 -1.90080769264100516640602680923
4643.75173586357258653419033923 5.85407715096272642580562083188 -4.04484058455820042705030866632
4644.75310552721135389325294538 2.97004873608439707979942369473 -2.88173570632088929267525822560
4645.36298735240496048336229338 3.91582883774907977497226999004 1.46027483894922323978783218041
4646.73948607407427810545044921 1.12757576544788814175546530659 -1.95650124672817215443709258320
4647.11726373246369031534415203 1.32967445939284946948231034831 1.50087695909048134913658405646
4648.11260817479749589706788700 2.48573393697578646335260318904 2.09227186025058642722794349077
4648.56488681658181112725837123 -3.68322342172258398100945600399 3.74939988347559935293518719350
4650.61433032830469331536232117 4.02110164699918940063835191706 -13.4899851564960529004069312362
4651.66412114586351716671204152 -0.130929746897544650142569896703 -3.56680230617010908154649049563
4652.08839912889272209729177369 3.03317146942487293183967119257 0.404174345126169361821240188611
4653.11915605523147465785313563 4.96535743451166025303811641307 -0.655214338941071797176091944556
4654.06894959962289296666947178 4.67322648870156631259835086344 -0.599064666901442824987454111237
4654.94732395791714630185614386 4.34982524113461828919156154748 0.489552476417671799374146408609
4655.72156089644040211673885000 4.29595416626609183566811419319 3.58645296677455596521339190316
4656.92241857323622993375447151 6.54850008643893301459820133920 -0.859292244028016962094585578737
4657.82089019484507137874245985 4.65580009196475255980894756760 0.197618304417932193736140775741
4658.39494995777520167108295273 1.74427831885452923620413098487 5.98432743503510640253224218910
4659.91868761041253354623287519 7.42972121702395578102570397706 -5.15086039899706053382393065589
4660.56396393425322667801480161 8.25019092550519995755669105648 3.51825833367450074963237253938
4662.08000460323019649850809315 0.733863555169183326083415814940 -6.92409577648428547027323735526
4662.94589091943468199032348315 1.00057755496803702693819520007 -2.46441591807581484910291266159
4663.50502559354335000897056176 2.19129457022328064832257467866 0.239022686850970507240323031312
4664.32289724628766309320477273 2.64271731366308752980913328059 1.61040700491912853866561714651
4665.14137595313364015036013389 2.58892749253448903020303442499 3.89223057264169121975282492422
4666.09079875281243079297779581 4.73263329763408279416852248732 7.17257580701055401696835008319
4667.42442826802250518211144551 8.39041647269038433869275574398 -2.40121399130933645801291514616
4668.05517775204500569273685779 6.95086358267684218882734224267 6.84953783454062589286628029629
4669.82951352214951934912833669 -1.75924016278382259900071875973 -4.47648277448547485730252374252
4670.35063174601670578686362752 2.38071018808442001967508610633 -1.38286440158103196276222187849
4671.03210649872375628176420843 3.18065116907892425358012986937 1.20696985586563658333414089742
4671.87784796457556836739290502 4.67782738844780331643182108871 4.00880782528102607243074115730
4673.28269052128886377421362905 4.25699064514627630315892969199 -4.33082746792321434468571474496
4674.12671604852015579080618798 2.96323869963713530528721223204 -1.40474863762599573558445307518
4674.74163986347233803338812122 2.64136383643454894321260700519 2.07539818036503975255041290126
4675.72756668642479543407693644 3.86301044781593779756228354013 2.35791916937474345617217904966
4676.33409581612600187831537445 -0.808946127081509048683476459079 7.09467282053198152186682999076
4677.93021914713976002576715937 14.4631773007894853781632087383 -7.00994760498057085510663179964
4679.08749104108172226519384079 3.73518730922233021306301624469 -8.04568021315750598364423049310
4680.08846885947668277700006332 0.890207794347055735720420584066 -3.26149867383483102573786155144
4680.60639711123904642949598140 2.92850285564005065683235869186 0.366957593374227196352615372259
4681.60489074666213723170162056 4.19769611523619372746587094620 -0.148982919394897197091526553555
4682.64866242513006899329454977 2.12986697705547922760640753458 -0.766484229895332418182606754128
4683.02129106660042570454268825 0.0177702363321008510919425187763 2.57902329141980125190992872495
4684.18691478959392604338154699 6.32037445357883105159565804568 7.20649009543335066060807095658
4685.40778964222669840141302450 12.1795513817350906734655154308 -0.550287602392220295604026181485
4686.70815514573128219658541767 1.46987868116681424605542434807 -3.82796323389164785573517565827
4687.07217797525637159801809584 2.88686523312861809661700605265 2.60165053943172057218944990517
4688.25260300642815632379371707 9.40124565478469072087070798013 -0.273401133415946708298323205819
4689.50506243730594708500196546 2.98342441467668895149741182817 -4.96852356610785859473060975764
4690.17884000710115626768544882 4.59314774888939299164640420713 -0.540120078945800421595514784999
4691.29676878871299869819835007 2.59330503724697289416436601636 -2.06841004715797403795909356915
4691.86210009080436418389145993 2.63123356263054018817248971569 1.79357583247274442341135788079
4692.86643286200541749404130380 4.56450082133991142752138415290 2.02555995320731444737923408243
4693.93941729333618886962802302 2.34398885761072015111962919087 0.0229637400042782806484905783680
4694.17394279332487912199272663 -2.04218989166740306113468973002 1.96459366123288599163003932150
4696.09584987281078539951159789 11.1455694111268511993464287526 -12.4570696840539961218134198064
4697.35414747154243757049978130 -1.11390742016839607372358698568 -3.71332869133292681002123472289
4697.77440376115430302225894068 3.05796931037140804662285829890 -0.340958018026070671960156778115
4698.92450420917243260561666825 2.02978484846648880752659302257 -1.98643817182792132081283742445
4699.49725223096250599639605620 2.14282311648729022633030411929 1.09380242524720932433795311392
4700.15860328091010710773766769 0.682530335333725631008194082086 4.65955931233381934381917241188
4701.84258703535022994504402831 2.65949898816978990415921717506 -4.18845139121035364980855480977
4702.43764569600111508107585549 3.06492585900619878606264068511 0.518254916486999588822289916247
4703.01517384053988416621234394 0.839146595490286999390696641318 4.80937134403233000347395667946
4704.33811840742874220213595083 11.8261624920414732705109973646 1.93126462863948159796521148939
4705.48213878204321279274431718 8.84063327990502150012724260067 -4.62922281290896934008695518651
4706.46857090325087360501126354 5.41349146806689428861783119758 -3.74531955065870920745823546539
4707.18717195214014553690415724 6.78984099784367519103814226671 1.08311056973334234050703197772
4708.59542745216951853270732476 0.941311235785482674099639239342 -4.41915263702098239658423413264
4709.33267815747753091787733841 1.71888253408837207604367259158 -1.33235904401514554309001436211
4709.94494034628521846124427783 1.69858834314440198613689028283 0.832631826607235007772279287647
4710.55224200502728989105837062 -0.0544208028130649522993673426501 3.29537488739125945273783169516
4711.69198018483324449498994376 5.39983551683517334433554160605 7.65539643168200683289973258863
4712.77779747703691882069742613 12.8002416742387154312407758533 7.05935371270577938218634580948
4714.24772310713732084900807044 3.18711299746184848347804424211 -8.71215810090534486084930312288
4714.99796282489163334472757275 4.99548323377543612169253340241 -3.14585805191530515039184116222
4715.95262172710720463644851329 3.74210185997345954499498045430 -2.45532802306575140385543655356
4716.66023921909165814825351179 4.42757067583399966029746679090 0.982572094255927205359351138407
4717.73340108152553958807340995 4.96979540152313700990413112506 -0.970111707062072560538098933317
4718.52989476679340686845905638 4.96078648538675140852630145838 1.59951343521300394598481627162
4719.59570416686295200248491421 5.37370817014835308259350760165 -0.404448553621143533261887151371
4720.38669437355036281685930480 5.03612234880384571552081970888 2.41799516448085392307711155017
4721.53754093996093521296846057 3.82797220465104943305329044363 -0.860719281608237971668688738244
4721.95456181957641235149077851 0.142985270428151929054362651855 4.58972603690287535262414748731
4723.23493493914644707477459515 14.9057727652234888296201276647 7.04976667315347065912944400607
4724.99642187765109584681991203 -2.92163731693601508257976427774 -3.62323881029027043533174680501
4725.48719657465009078272681213 1.98821830497208465730221768155 -1.78992390967483593167434704874
4726.27114385275738768805369037 2.63070459321223137968549913122 -0.498802914969975704879808623987
4726.94929582461008295291617418 2.74534257024598852547693819584 2.35245135712751061508916173326
4728.21160435293992333608539200 3.39741345172347850477902613312 -1.16463547370238676632001442747
4728.75050723011951096045833366 1.86271599453590651896901503057 3.07838692891457660336767091271
4729.66150154835726403811227329 3.33815156621350330859415316958 7.48284959796219655834819271780
4730.96271432350368102905832977 12.6553408481030867874604936399 -0.212054344814363164436351970520
4732.02190704492488425269416931 9.98857656823428435810542389837 -4.02750072776403966318978188636
4733.19376494008824385727746033 2.31163511028169491971385530928 -4.81347861223496682827005986315
4733.84409869953637497590387428 3.71593439787192139832538332337 -0.506879345322883115320277730316
4734.52781783289085148124982892 4.13120909297132630761000122708 3.78209528774789465398586309766
4736.04492393617817302609522263 1.95590262802333201748117852773 -4.28344353198239281917507229124
4736.59684006447801516858054148 3.80664813160054455828796652734 0.656888739796780827716004344165
4737.78403554789576776999864065 2.48880196021794962822149078409 -1.77791733204893847451018952680
4738.43258251682977280461288602 1.62119446759931263157322619103 0.634048796444229331645809587525
4738.79373331730979108373461411 -1.81007080793850247388470879486 1.95398818277446564399368951398
4740.33256597135120497450544296 15.3714787807825218140860608848 5.81316667420327307898576279846
4741.72188580441492581294209935 4.39363493801489247486389647984 -8.62733680990909586611380806057
4742.41403731037269195346844333 7.40232688429684218579981633146 -1.90107263428528962420326506658
4743.71792062916977801859153767 0.608143937024047361943744070553 -4.28848921003983927789112163708
4744.42181148369611983587371985 1.80841004488307051623309112797 -1.29267124492425855903437654365
4744.99685326985866760364197685 1.94715499157930222067278856876 1.37725882600656359579019395245
4745.84241903044360640987284235 2.62790310814737693787534904144 3.71712743166800853798164526670
4746.83959374293768238337188936 5.99406633812370481646021625353 6.08267678883730441791426385943
4748.33580668963429278592383878 2.06356442479395760704844757207 -3.38824401816494508332868709954
4748.70088112917287536783821552 2.24515779993886216073168860395 2.87638978261499965142559591035
4749.72810021833696613912582138 8.04995376179090941906412566403 6.06254132710525565374909411473
4751.21594905936705735954564773 2.49285580586950525075313888633 -5.47800992932752716934542651254
4751.68273257911066136939320388 5.02684941629659121220116326697 2.43356668107564949305314733414
4753.08402610148458617334222754 3.15711550881255519970709405222 -5.52691935779792136949454904137
4753.91883584018171572641375531 2.73523113519496506876422397777 -2.19873074729826917262280112046
4754.58956497589535233769540993 3.31609634541305528194555418122 0.816429728823441129258794429506
4755.58894885922143164941800553 3.87204837711524204622727286773 0.273389400477547536392591920326
4756.35614048957621914027531106 3.22248209517313896908917488098 2.54840044505954376731882387557
4757.22267163289818540210456903 3.36440159548245552389584582344 4.59118852604255093938356782086
4757.97066957323421156232775522 -0.329913431052296784440773907143 11.0965619982937357417849254190
4760.15859020930252164944773650 -2.70996141348945855935983009686 -1.97929660962263424997338244588
4760.44104805861356680824571862 2.41657784125619028472830772107 -0.762256044206882449595544398974
4761.51643076349939654303710647 2.04274344185549302638951218416 -1.82451900767529418947964764848
4761.98399380813450652786239999 1.98123881618663392136290909328 2.31287935173352061994454785700
4763.15818850621345489211599090 6.65744021879851797450738909887 0.743527618416801508154467744999
4764.27542440730648390377781717 4.43880682237522517635966113242 -2.15146245103677001317014928906
4764.99847680359394918218289353 3.97345330655067887330689344716 1.19849976114478209670352782140
4765.80325538490462151346886610 4.17015492410232660641352798237 4.01297917147567253134112030888
4766.88481805811580170385220149 7.85738167618104546635831886170 2.61796392011905359996425862612
4767.86885883106151028473804095 8.46860640630419402832159092871 1.71923673005196723246629353746
4768.72647092857100175784263861 9.93577397729908092849903226863 5.40343420817383809945641031218
4770.25649715769231921492739331 0.979616536780705423082909436832 -7.11460842123177375524821674226
4770.89128403930862422926123188 4.73261794709858467063746585311 -1.98663039888980485390192167677
4772.05749482920342045051781703 1.31324495808746922099456044940 -2.73615871764670417762983506729
4772.64493893611802345438999201 2.25764090579364248934475764398 0.158538325247953608478941648078
4773.43979777291197177046200805 2.21828325103721343642770836130 1.43945814349049737648731411862
4774.05661972554337305594563873 -0.448927927109472365552856885046 4.44258180498346375248384039904
4775.39571124946367044196574124 10.5786775399897687989552639034 4.12570005438358179887624861989
4776.42920125436904193381451737 11.9587718912030443643225195054 1.02667288481635352648586645092
4777.63567698327071103805271538 5.98706334092937047946081241693 -5.85754681790037133614175803455
4778.37412469647110416948839661 7.23559548749464259678848883796 -0.596589400099924770443793202330
4779.59615137834683267644934715 2.89534112242462737318014073219 -4.45222406347887039407733406681
4780.47912308900679445887349653 1.07987485013763755479604607438 -1.07163741544035811614018656447
4780.70858750244303516293932602 -0.0487034753346199866188795914105 1.73631637116927729963369649551
4782.35687443161348415062670656 5.00215214042540548106750623482 -4.45371275883511663851874388751
4783.34322412513587525525116687 1.41176102904297491377350309082 -1.63336554291633001976829045432
4783.71451679538551670216015234 1.03944114474047491635582389016 1.81954942790622696998345656717
4784.64096767860563103735941566 2.45130439847121643318172658065 5.06141733285634979679879562480
4785.52541533809257636831957899 2.88428579696921705532336808816 11.5976992675552871599738011047
4787.25267534616201326186323843 3.79964642967504073754378882062 -11.9156561642776743402451984482
4788.15257012425507638504905836 2.69737890990791851057198442577 -5.38383166445054639139284262991
4788.99901574048434740778503450 2.63410053922517619474052295734 -2.57111483829125920714226430752
4789.69834793376188923332573471 3.51429841715517506020190080547 0.168163822332295072602233293863
4790.73381586886053144215387743 2.97709650781876254529302229871 -0.749119913620593840736764057877
4791.29117082101305287145968553 1.76783420747662270925716905916 3.05075612456576402963291060891
4792.40882401861767778922947043 6.06019438366790605645877718133 3.14254530141076572618753370309
4793.34731965219851678089671783 7.03508299032197909789184607543 3.89433655025253528721979046784
4794.28676471521168001130293513 9.71982087253523378951813152616 5.68873916658896290186075963417
4795.78011783153750901058891569 1.73233733550912403743335091177 -5.89381598089597043652449219265
4796.35290343183080170195891166 4.27650600040513259087277827067 -0.189624996404007902200556921583
4797.09793359794581884040461935 5.42247602940017907385113041039 3.90889876587525980107764681393
4798.42084186259813558028535715 7.34150335418430947793256803813 -5.29189570220950298069177364983
4799.67321140429351021116406655 -0.157934460483339142410876835044 -2.28617265274634030782622726886
4800.09776761522869669019736275 1.54019327346257369936615038939 0.143064417632762743881725553339
4800.67100218603659946069594899 0.686845159461356493779790359324 2.81507894840738841854131048672
4802.18836950850432658080945588 1.55462815536498426366887108980 -0.982631690033417437041128116144
4802.37785086975757106828516172 -0.715350056184714248996381073446 1.80067059999147430309005251238
4803.70459267675720293873607907 11.3219146067350692737051218107 9.27482623094387615713002097428
4805.07221648005143718354915029 11.3028408359466420637335270264 -9.75802013637849747435781867478
4806.37197358108813966350970459 -1.25696922426897684611923189489 -3.86040875828334659407690084700
4806.92127059443588664488435316 1.94891608252904769544029959766 -1.24264723747890023459779186124
4807.54101203367323874076122375 2.60608418272483152734975505894 1.47983580133278994682870857002
4808.60449916922332892931488090 4.37535285889256716193124312048 0.559380931602201457753496072159
4809.34688031983490756318737713 3.86081527402348704190770107584 4.00647877632103142092026733743
4810.53188134333515922151678444 7.84046136168976326482991730143 0.0859896315331976048039322569917
4811.63228884452274913738921854 3.80867685475522119944988111140 -2.08679417472513287767699851805
4812.16077220360665808065880520 2.68423008640842288248994887123 3.28388263436183082151621615297
4813.04555212435805161645351553 4.59977232657939545357318692814 8.80031390394867404842306184668
4814.68155981752362722434153972 3.11160064974129694330608704093 -8.04905845081144373809636897001
4815.32427654957491583046525005 6.37064002475648148107661100684 -1.25600355283894295949923940531
4816.45175825697559792253529768 3.89251950352996967117385390988 -3.98644855664298123273035027412
4817.23287540754855444594408372 4.37914040071352558946459470863 -1.11731634475453912249009112108
4818.24013348446747453036602665 3.27578808649488224823983321442 -1.59622039393472645111616541072
4819.02842619616515341728886937 2.70904947228974484965211284601 0.190239668558590336099400679996
4819.75462816856633826373006502 1.69541551079545530423986074242 1.74494451788682293629849193853
4820.21003001720311785720031970 -3.28185574279123571986223465199 2.83654218184127641029453127339
4822.22116487270359167009142801 5.04556649448465034699386631354 -10.1493674755643882295453197479
4822.90572696931273212120863707 7.95236001865078386159243576207 -1.96032320648447674779331728276
4824.13753747978985874550672041 1.69788800939226046185593963849 -4.26327033470220426464788538888
4824.67839775542580523837164666 3.89445466853748444913081173943 0.601266064993726979578637570434
4825.73629550236244436378231820 4.78773100363635185815527017151 -1.06771929358595357204105513584
4826.49434121486111758758652689 5.08664774495025490215129434165 2.17446868815883470482821134131
4827.76732126336222193176908213 3.30259709355767888875665920612 -2.68906415084760843702562245575
4828.33794662089011312504192810 3.29195300311691699023157345656 2.07549768119937226362904527006
4829.38630991893385665159681891 5.09530905641765774554541673721 1.14583680436827841332131211620
4830.13682355916698701624257105 4.10764265834740052490827717214 4.86231524218409844294447992220
4831.18569320881918286343209316 9.02762036664984066402439118676 5.24260772183128559516588094797
4832.22486673087378021730438396 13.8693276689310175499254687780 3.02912345636376736949654128833
4833.66326395936535609565947949 1.34270552494305681107555999638 -8.99970944511841495473043913203
4834.66534118993611917376511539 -0.102547971693045294197251389124 -2.56227470163041582067960899245
4835.14402660966187803664857472 1.92831955249923325750158631170 -0.115478051872473335434229413570
4835.95196677630174455627557611 2.37281931438651397113163960434 0.994957216550079041214727472888
4836.60896537897649289701213165 0.909648467033358330296012482714 4.15808948938785978390796635925
4838.02670990739951052110262792 5.99767897819538332869080345716 -1.30546063702655834952172874550
4838.66048373296770455170564699 4.13321543416136607552286786538 4.43941501595773479633758876212
4839.64715811244401256332589472 8.87139986094115004124005590476 7.22796817689849287230043461798
4841.06472364530914801402494906 6.58799003053877162024681851012 -8.06604800428602893396426654149
4842.04350468777237935412108333 2.41645240999054250641921326555 -3.74166809777639724101203184590
4842.58541240011590051505486252 3.96312571043452861308733192077 1.41585499229889145494015533905
4843.62133600079244162959145564 6.90245923939297406633039907552 0.287315759804426291138620521895
4844.69961296935878373652716263 6.03398499336633405416217939855 -2.55690066732472543937793519318
4845.69673441916714959162176855 3.77043893213594891681893081597 -2.43584052320753196147607396671
4846.65776014351831342993375417 1.16508903555310815451008635350 -0.843206763035069173289929845583
4846.91604933481434383838866940 -0.134357005405000552805545390884 1.56310420910343565001234058685
4848.10740539116807167178708401 4.68228439168273470362078929087 5.20128240578374743625859522241
4848.88504190417096809728993568 2.13292621667954521586801510425 11.9644347823402976382399928634
4850.87151879220241142968503042 -3.25626675585326403271230905910 -6.00173218803605939846195901171
4851.46872299843176533979183720 1.89590984601679675495340409496 -2.44765457337776508695718120979
4852.00106508339463381121334976 3.39900230718891656199731997177 1.68410345238045948644312013715
4853.42581543197422955723636406 1.43085794168358886380955502645 -3.07494804070778147291508727840
4854.02700670602159925185097167 2.10245749053691486791890555834 0.0157161804964604531441197007580
4854.57429610276076460879375542 0.746876626681891458386875570536 3.03366134405837927355624078906
4855.71846236385004736504366503 6.60600893245289450816999064339 5.19811645479518776278450219946
4856.92183008150500267700522193 8.27987940804746535670228511748 -1.61827063930799632797852283743
4857.81538026017059084196994333 6.61686609733925082388349352705 -0.149846785851500548262397534537
4858.60417221836761970839616533 6.72587101862616225318382254255 3.63951081102644051556518589211
4859.68053162442921400149526240 10.6186677144966666950961913448 0.619772251595596889676153875147
4860.80933072551510773206763436 8.41176732873186826687063517647 -5.20266075783454047259390719895
4862.07665438772451846071590445 -0.129928396215403941211717899874 -2.31188421386502374464190161021
4862.35934964575022095662379049 1.82118483974456255589526070784 1.17891642249094176031312527751
4863.76015391976093258009960679 1.46864666223702526189125375693 -2.02221480263007861003895562625
4864.19194866756119115646880677 1.60132341670872233466772846567 1.53064626603906473642095840417
4865.05535127265128279254961694 2.44149232412195314659347036722 4.09167255652158470851376156773
4866.07157827119203560127151190 5.54221719630432904513286724114 5.64289744111166390800004197676
4866.95402126890562633571128313 7.04752483772984830695975696251 10.9969872334286785027595942660
4868.58832703871293940340239341 3.14858966895354328084580775519 -11.0685891764897139818523663261
4869.46663628599600358239533761 2.74939425402948005237445431973 -5.06714608473231339845489058616
4870.51725383191986304450135135 0.146102586033627552683132652248 -1.00852318070300734989940515506
4870.69656472335927688239306723 0.443833442993628679817098568493 0.912693417857491305064043282209
4871.70553953000627127222709428 3.83478711166386681317117802335 4.86537172255423801472444583928
4873.19318137594668488041361885 3.23326417187624626054249939071 -4.10888209475507986701253012088
4873.81844622746747870095785505 3.86868001706359222575173877314 0.613756199164564640943657357880
4874.78999678310919446241695257 3.24954073059359164013680028075 0.216904145622742094830991506167
4875.23766083714528236384191019 -0.642719930075907088477737144096 4.30893745694735059908065037930
4876.74314232745201273880424497 12.1136497267163833395853370700 -1.81136960694922677054411290695
4877.72529956770184636574107900 9.40333058063274226243451793266 -2.65009323690147524611734548520
4878.62900558315452160333774772 9.94002766238602921697108486087 -1.40108247919716891925391484512
4880.05812735888429752432234652 -0.710616408464348779767729604276 -3.84044744730213078077313072185
4880.60966100162955541940081332 2.12727227451402143053675597799 -1.02083585644967270761026555832
4881.31101233988010085268232460 2.69989501886852652176467293293 1.01731560318433060944740651769
4882.30446223510317203136080570 3.08566672338421207178199048859 0.612780444515664074384578780170
4882.89078593596167470465145095 0.743508417920324771231014532748 3.98800860089802638445879985806
4883.92741423429099455364702090 5.08358286472811126449392941960 9.47403523403441324057959969630
4885.36207472399006120789331748 10.1566950095557394078222780599 -6.29193990919731715243380949500
4886.27047887999581296162024258 7.50829281765482831429071307696 -3.50086884687562771210520047959
4887.19848064669972812969532216 6.50790852703743874125298564909 -2.62414695683846322285258416049
4888.17561083521817796705515111 4.75764454633218083894096506514 -2.56137890184342134219637109060
4888.90807934600993133694746080 5.53393915691018542693988306412 1.17826349520004555789956661107
4890.21445131618389622739774746 1.73803390112094475861695769856 -2.68828651578334954037302510483
4890.62775688826525144672544487 2.21377265156308635671505841273 2.14234291400522237661563847462
4891.78305607475602984111271236 6.18955628134677271017847663359 0.402877910501018763350517426165
4892.93497904248662369323984368 2.31875596572747793961341030792 -1.68320343729109932694005180904
4893.38833763576362576717906233 1.28344349050241705614423333775 2.01887118272431662397030823560
4893.96316952956690727676005331 -3.64765295603603219182010484823 4.68295583169594384436998170591
4895.96373954598589638277513634 4.05001510571000874134702299457 -13.8258897616080766812610324103
4896.95774669096367462545124605 0.620369146564429552895178222118 -5.26416970879462012196873405775
4897.65078129757731062334235970 2.77033263254049021802150161430 -1.97444063785936557379660326709
4898.45729176648354655055452995 3.02443579745415442357129606666 -0.496694254563258800461361980682
4899.16120068889683204803611900 3.15528132883094929791445569671 2.32578498878896603763598291041
4900.42956337925762968257175926 2.30843509997716015895054656307 -1.10449197892218514484203303576
4900.74288174649461958880680418 -0.231871689287129803315792956884 2.84578564805994601332717357438
4902.30720990289736383074180781 5.74577663472411628087426635323 -2.53203447513600107559676611333
4902.82163206854898302857740989 3.51065845955092025132135419792 5.63445124307693487816383103693
4904.22863293744743240591754068 8.87353709380942579640243977495 -5.19935289606768954593108169271
4905.14248908067325629604678347 6.65981351407529792797609933272 -3.06720793794356522424713395458
4906.09823814234599354403753625 4.53173053024006390289300612093 -2.31779173629662042011292191603
4906.69954197365949323782386506 4.80096576400319230382908140499 3.77516670501687207295470009123
4908.33008935121260106664095194 -0.207765427743375495610787599399 -4.03012228482642032790690549041
4908.91352144429598365069866542 2.07589501363635686870587584550 -0.936501133035312236843862353546
4909.62411171498389497084186174 2.08249489877607651103938286001 0.762947279457338672186147502905
4910.24508166745874814872475369 0.503938302270239297719785778850 3.42205847605453171029769621799
4911.29191010213793531690735413 4.24715716108653432359345652749 7.93884295029386484240350885066
4912.45130893610539013049321658 13.3055807243627567557400202267 5.00005953067464271579541991143
4913.66063761806629938367959417 11.5106703769649368667183737788 -6.69929554560567431085410277436
4914.79264583157387007128048741 2.99577511209606109929590477260 -6.80726829386349800304373810301
4915.70024068956151899817339004 1.80352093512658848230346146565 -3.05794637095160376445820896956
4916.33216447755881430176186720 2.97305443611488586300545940404 -0.00412850347378604585454339033748
4917.23078050424447090092007446 3.09675668062840631588316437239 0.457501824051789267671860972241
4917.80753504285011086079148372 0.932397639165212590871020706471 4.50938398050351393523867315083
4919.48703633709830336246174565 1.79272274245834648493561518310 -3.40925031019504589943568183560
4919.88932505207911212327891003 2.49461579762844202834603778699 2.16445579537928344581382104876
4920.84043054364046743290376288 5.52713877642559157022990154655 4.53868646909183674123073229076
4921.97059062764293237641197284 8.38137076757990600269985173621 0.534705529760267149277391047677
4922.71899137375667278875946508 8.01988313093199643797862573427 6.91787111974486919481953765433
4924.31709824998904952691298797 0.791979670556053535972277141890 -7.94669485172888264389175910184
4925.07760668932875359515582643 2.65391449042904469662664104568 -3.10733419360307092804604339122
4925.79502668142530562237250307 3.70108116317302722527346783767 -0.419610597413226500489255151934
4926.72764220965099525154024461 4.00268566747149640898896279286 -0.316828131595345169342390994868
4927.59795129063537550329848577 3.83963048017640533670783723423 0.629310892473810614411651536106
4928.52606480315837611167919096 2.78129076087378800827034404508 0.596273454614465211819697852408
4928.95713624570819232827418402 -1.29421742294344504643853835735 3.59624624822786419788535082659
4930.24031844293001820739362453 11.8915772141388429454396477584 11.8003260060946065697988506547
4932.03681277413772534164498244 -2.68315602242258963547385187460 -4.99085737829525920752355072134
4932.60067052704071859268580890 1.74803179056204940022261879765 -1.80611009208841733898789937503
4933.06812584381133493103160036 2.29349993427093459575037606438 2.27739575693628310365120534448
4934.35228912201212656536100055 5.81070414645202906417448768955 -2.16483068672175439035607360034
4935.20099424978798733972676497 5.41399446598741935626377553189 -0.237552089589157741639444774948
4936.13394952350574077036402294 5.64962373118363029236344863328 -0.0676142754769462225687853523422
4937.20716298599366562832410084 3.35809599615874734409682463758 -1.61263278235657745835494959779
4937.77036570021814278328888043 2.54992732235188765042037503509 2.71385318273459617701152607291
4938.75381552629291996510674530 5.09643042516108021224772432914 4.11999066116260875916108157727
4939.64172478470680175350604335 6.50192746573958739520951285115 7.57618307079170784305571441779
4940.85229486265244160091047721 14.6910666132654179782724260374 -0.477083696268668252332561294196
4942.13552857819240025508307991 3.53527931381579919120250284335 -8.31725342570486431363339658769
4942.97689646218956226127760902 3.72932965888930822802316144869 -4.09671340738954508090860395683
4943.97786673188665761448577200 1.51291979247431781014934774460 -2.50756686235022079626589004428
4944.64160302004977326980716965 1.87207097580271425889962081544 -0.186445348340283960977790695522
4945.18689851792817180101300791 0.857720473852205494739113989938 2.37514706472558347326366948377
4946.11925347864351789878868480 2.14814018315753021055632430214 6.62370028306395718287924395747
4947.50049032184755350548454641 9.19947731379496794180407974869 -1.92901063567870274870200759350
4948.38980879744180519483995277 6.83128897829984036275653095871 -0.208184689330511845537099050161
4949.08591538510258486575454200 6.21879026476184808448713315681 6.27573549079778491593567779594
4950.61581259125880303707195593 3.24930682206637294180226015427 -7.66988466036103216455630233808
4951.50238492928617379443699980 1.59683434875117657369926435095 -2.40658048128373119321125145329
4951.87879791817058558061767639 1.95278009983288855008914383601 2.46769528639864403396543992005
4953.20055566867474323122795487 6.87426986422614581721232760815 -2.62652270889668788907630370976
4954.25506767966477688107135782 3.23403734698813812085240726337 -2.95402273574942214995197099222
4954.97657637940329575293737730 3.32702198001120450829920953260 -0.0162641192469229439274908015246
4955.82225981611680572122993050 3.01293602676823327110307962743 0.985762554816349899207341444666
4956.46605527885565940370834679 1.07806831849737292359083016778 4.04889163953258217190922662504
4957.33188963029106020156629049 0.0701469424252872023000260601951 10.8331927430491844840583194692
4959.02898932063179711768450466 9.13609595769944663782583499294 -12.9032788345957993434024562649
4960.16392840769328092954360429 -0.144766606114578208701119646326 -5.16758528096029956729770910689
4960.75809026461947608366421019 3.22625556191313854004846942037 -1.51550775901137479780578883968
4961.68846294318669575851255481 2.78697158275863597969619083108 -1.18180233550886284784751476278
4962.26195244816261743894563897 2.46489265416043924577933649352 2.68149221638123177379913767632
4963.52611861748707596324795966 4.94828003026486406666446806211 -1.25360261577126792717004237092
4964.30703140516922906765678784 3.78654976499569282961926378925 1.12302325317365825423604130260
4964.92523508960773632471478707 1.20420224081020823250417481630 5.84206358454738196174317045798
4966.63321626986461171000563029 1.17422314538750047985795714201 -2.92544344441266997779467981375
4966.86864558716326118741699773 1.21379369928964917329716623364 2.84098312942983995302353033025
4968.39464092722577298415554078 4.10176365339096872155930687656 -4.07991889957422182872256022594
4968.83609465510331512985416023 3.86292153213553414023556439180 4.72986386669693124892330683276
4970.47998267944777277800634931 0.804353063060515130430214303363 -7.06778718014769285552012975505
4971.33924555621011740429356429 0.947751927120715866266384821167 -2.32033710539969875024521919437
4971.82499614939639921110415957 2.13800100858286465010893076352 0.750793106538342908950192990113
4972.71349161735275641288088796 3.42674053378773449183605003269 1.93709815147575712326401078593
4973.71157803245852937078303376 4.20478020042477448174723594886 1.41918694256145110528773117958
4974.43047814727094910969099379 2.59905316952901822286490039876 4.72711199858413000955336561448
4975.31099714241322658864176206 3.37565466395033828942056011789 10.9309534880969181143638632717
4976.96403407754915280854320397 5.29501589077608568279817559352 -10.5009284720993641621475488242
4977.75515408670772418114364017 6.30316924828488116550931642803 -4.33487233539624058661558016091
4978.84785575317637694961804864 1.97184647552909016712986043920 -3.94937086439174353320579746517
4979.58089232663799008336817955 2.34783568943818937366239484841 -1.02797688238327942814839117254
4980.11876252911904112520877721 1.90524976173023123093279175531 2.57441493583515991117743897911
4981.19270374771083264189577941 6.62007889589551339348645742419 3.53751848718396545825848514267
4982.51236152623862725086248168 3.87859726496790663429542680284 -3.77947999503610801828284337993
4983.22502731461966533435865423 3.60343486390805019498590708936 -0.0349560417600174084700788580687
4983.97997582991158794672615275 2.94588612644971714099044627461 2.06711191935370787227537451293
4984.56854357451919379686135066 -1.37893747221120697299227209184 6.22574615663052904889031908053
4986.25256683580526893318585374 10.4959873104563795220233104089 -8.68465180603953496848904595825
4987.18790098275509901223770881 6.87376461994776376538621403797 -5.46932104763577010403803162929
4988.19159730757435224203973708 3.49626620424924074972996383585 -4.24029997146261753609598706035
4988.90516659214715555394403345 4.97593727405571751774843963058 -0.609796429804268598480359833499
4990.34548028635610294760290883 -0.106493992232287303735269591672 -0.480260384011840282377595494466
4990.44970181901688667401380580 0.246009408891662084675971447455 0.387059164391693145762840629745
4991.21477440858708274205655443 -0.0715829221459018798760803528987 3.40200529064545454453682181351
4992.37946234142150939322702125 6.30419422511956035071287348609 7.10036502937126470660823224071
4993.49574898381460632637345975 12.1567329435529387332918982702 3.22210865680748290772035690157
4994.63274217226762821300315418 10.8377210259735838446720382217 -4.52869015981338981902588417390
4995.87924770465808570327532995 0.527577157048077211883502365153 -3.39270801376744174279762490727
4996.22082087686422107286307732 2.66992118574795653543513891010 1.76632279552270034946657784109
4997.39615070709983438812896499 6.81202900238556374245824278826 -1.37214885164775606030127338770
4998.37003019567172456051431342 5.84371369557295525982846787807 -1.86801164110403470805097073818
4999.32968137297309028640705791 4.57642585823413460090311719619 -1.78872861144041971009884414120
5000.23431693132781584595252756 3.25511247824098218682217593522 -0.838663326301505549806620123164
5000.83438143241261433107635490 2.40302963810528693153959629930 2.93897054272544642520679129249
5001.88977362719210274217287678 5.71789645874987469486273676327 3.13997502605421572317659067675
5002.85400289185825648359273505 6.01082567496139911435156213898 2.70851079292193733274649613711
5003.48494437831205601838763659 1.14794950586608326831640665288 10.0997840152554456309897900597
5005.49590748770825125902110975 -3.99021384011689355815902085049 -6.55486851578857724073008234789
5006.20838110621130589408516051 0.595236449479400958430613535510 -2.72658644045319355221204289012
5006.78855880610099705052340629 2.20606771760335136426778044474 -0.338469484961697910758298706892
5007.48598291985129814474086581 2.66172357045254577061460120320 2.06448781480979253574636126354
5008.62619965630191537488215051 4.17108740427501189113160269642 -0.0315401651618136986898043653534
5009.22904411722212763185912600 2.23983952143607452299718460687 4.62975856567996899772311506616
5010.81117254472876173738568847 0.750209346192840798673139615574 -1.23124570664803608898650893622
5010.93319810603991608810466449 -0.203433431498982867279512785970 1.44798854172275585452987202975
5012.39683373967723408099129024 11.7800018883910443374870701902 -0.445244717164426701761150770481
5013.53360587314840915778592581 5.84541998470918948977048663672 -4.86474780770261345117940243289
5014.23844205619771976585414473 6.83300770179163328116478149005 0.634656353087098461825450232042
5015.35792793793905549042124449 6.12006751572508496711105601558 -3.39241563965198568041130293817
5016.19254691432813585665089442 6.33788065058528178898516388575 -0.978697963204536961618709075572
5017.34775656816835243441809047 2.85377800000223753255952625004 -3.39335910026798295981357473009
5018.08491354767018809108106841 3.01294897781998478903068151054 -0.589204251489705568911902240932
5018.93983185046556923509838461 2.17258254232076138663534899727 0.199913169706714320755103918906
5019.39583147335761964981220573 -0.386440263271842499715656563245 2.76626733332804753688172004568
5020.35275939548380080646768988 -0.903377536845062746176429483725 10.9010632752902603618532715845
5022.20302298377987404856865036 1.84477097548254942623900901943 -9.98519394768979312289457214076
5022.83452601918762202688984897 6.52588340226921065418572255849 -2.43355989117594951379196162776
5023.90488914123234492003873384 4.14249035172599818117447410188 -4.20163193065214255798112066651
5024.72575259486762576918734247 4.24163378688628600175013840954 -1.76484126433731951897531686559
5025.73099359362787873820873076 2.14977898321023532814586877865 -1.51016823493833663164932630092
5026.18547688235238918947403812 1.50223969330511415242545637610 2.39299792432422743279581887108
5027.22156371104432402830742175 5.61495398169302453594913023186 4.62355720384171142016061717576
5028.53788682089808627294677409 5.01759645878329526687676046609 -3.21093629915396702070301198076
5029.21695693905449984459113573 4.48467960872927685789110390162 1.39960811532406114451913295766
5030.02693693853628542731736628 4.79244981571281289822098547078 4.34660568792850058357763973048
5030.96785818676895840865832810 8.38875390295087588247729394881 7.55312531860478842305943299741
5032.39906354091559753944811938 6.29274060235583733147053885525 -8.08869737231274979136560131989
5033.16656608019975230645005233 7.66227574645918898336132004161 -2.65663568157372244269607398976
5034.55036116301487664135044257 -0.628274024740576629479012293276 -2.48717460946533508044344489480
5035.01341640885163311389181922 1.47299849945176620089645034232 -0.336643697540090380423615722256
5035.52305843743079213845771296 0.855409133243815594789261662201 2.28847694723167303015211896617
5036.84166710700845392624314044 4.55165774559939837596421087248 -0.245006718148038800078855517426
5037.50069275688732812697701645 2.86570513475379898965363126465 3.49816361147530779244132944253
5038.32431963672280221146484245 2.56656253016922947537138972915 8.34156285118065817129252765936
5039.62188745284904508075498702 16.4210427201472535545558252391 1.24095613822110062942177311005
5041.04139899381119250349446252 0.314736146893461233021277263144 -7.59221607780004914606930970461
5041.79803452245741166627232806 2.18011973184304225731371362418 -2.85002548841895351934572042095
5042.49214971643238248850647184 2.62214775916042108526913897019 -0.255744986184060803522416064272
5043.01544539396678486745243554 1.10820703077431800611062610194 3.90851441078371689476430648865
5044.65679109131507868711380965 3.00676640656964657475190729794 -5.27337977172141858142470213962
5045.46713048016640285017214439 2.12197446305706631128126602928 -1.51775692046542472820472491251
5045.94167550201313249597140915 1.67724742077764159193796844570 2.26653745993923105033030852669
5046.99761743000972249970312826 4.91104615006071175720018613861 2.97023567127245721107601442396
5047.86308618418477914811073170 5.24013543534659850484533281910 5.30006596841572205796382853499
5048.79022881972789416993002558 8.53262998575254695479172132155 9.36511797502669459038403361509
5050.30845969916566882302539884 4.95374313178670688829379551924 -9.83945323641888718506325775242
5051.10669953368581349030853545 5.96157927850703088780116061641 -4.37109807411348745275907034492
5052.27931047294510330648825366 0.486394424628130359050924403655 -3.06126928349506990883537778119
5052.77215528967245226297102883 2.48213258689711683056959319607 0.198638960846604797132666005687
5053.71236531999451991414482897 3.11760170862818396987728987573 0.238933297167014992414411730310
5054.43454734336921892068053469 2.44757972193362817490219181755 2.53204180932912648841651238665
5055.19267247344323621870995823 1.07889873532159256980282172217 6.56614039865101389017836494551
5056.60581307988010772152891848 10.9298107744417376458594296924 -1.96327297430593301965654768759
5057.58999623589470449208914444 7.23397922564404698021532103828 -2.46618751340089620616141001917
5058.34540941707825641831108533 7.46231516915295025310640047441 2.19322041455223298301621725186
5059.43990581889851835315846888 9.25431892138931932052809079541 -2.20790051284574623716306874579
5060.55908091501984725884812011 4.22785807106479057133255488125 -4.68785965971969912181453017359
5061.32624932902833117035581321 4.59777999100317145354298679619 -1.23336175350216902106720728130
5062.16847272669055112150529130 5.22309358944396595679818348459 0.322172883347005513788431099734
5063.18271593744219253633300346 5.42577289023684943665642408484 -1.04542974825990508662065296911
5064.33381361917216837819452999 1.08017789398565698624056124594 -1.36208616015157433877179012681
5064.62897296849920519310588265 0.516679590943784760538610754796 1.57417003146271289568684476482
5065.48012496054373639359428553 0.141528879664997186040212401772 5.99332001019856823551357166828
5066.57653918477886179879013127 8.49249941296482649221920520053 13.8249829507091070924822400148
5068.38481523883657025583866373 -2.68922202281679472292543323053 -8.14725095975067970668986703376
5069.09593594400752176706984706 1.53141225272367152156227886848 -3.22758826158531812994688305360
5069.67554413852499827936654202 3.54089982669814390392620749678 0.262967433399471526755924420330
5070.86855126587538798995961034 1.72866522461746190808860004921 -1.69932287624693158076605619807
5071.24979727713787896443453437 1.18110954947427089198250406619 2.25786336205151759055109376418
5072.41037266058529197981651664 6.38463301922465520589329759106 2.30328386007496381655530993627
5073.48225617699365311925888617 6.18534889099145009821696766762 -0.618550146617176213108430893255
5074.35606204153351611290331800 4.52866504998172823827921640472 0.533648211598693709874753878609
5074.91147024294629683432906224 1.08338142748540482641210670919 6.27762878530623741326620373561
5076.59863794778064683305557976 3.14122222010986692317356709876 -6.26060496051087091682128501311
5077.15298953073756125707384088 5.30357310172441838903261048685 0.966537439185450080813010446374
5078.00110918325843852788878916 8.15453113099804419252775768902 4.27542461129708523507107587642
5079.61272616714065095062259967 -0.894051494326414716564196919288 -4.42039639700260062698698265588
5080.12362214401380640835900365 2.90206625960110926692840940752 -1.02341321805488419064724509964
5081.13009777061983051715066041 1.98816610090284077462696462839 -1.26532583866722212989430232505
5081.69434442982310831847166544 1.60536843776052796432195173801 1.31385877795338897839377623639
5082.31778151168549154982237769 -0.699842301795398440116364373272 4.08855339820418343353641596785
5083.76984891895980658022369377 8.19055232112729042530174104374 0.168331782375609471738474285685
5084.38743934074440127663534471 4.45707863241394124086622943442 8.63818662979309994758501698316
5085.94423078649655910584157361 7.03407026789252331474588630839 -10.4030506450325005569576574602
5086.99976157807561057665091896 0.896031175446215186256051309539 -4.37588362632825777983801291950
5087.53266893775924009762020208 3.70338680424496056495979745661 -0.0428448931696273899048371086321
5088.59890132201195368364045426 3.30289628794386393532938972050 -1.55548660149080403215635598186
5089.17809391329806996900582114 2.95797079773116554779229991518 2.82296438668859940426178902578
5090.34587681155812047742020116 6.59122222010208303570263670000 -0.0444486563618626780787650946721
5091.26295788361796924790929297 6.31351592489005775043716180716 0.403724769204363903501571401882
5092.40194191138829298927940213 2.62775486377811120017117824911 -1.83162459339630061007033805280
5092.83776045218225182764623607 1.46796564342592320017062510735 2.70366021605996340378960596997
5093.66888011062570074135090014 1.17961906333575115266497043330 8.42191317351319126863122689530
5095.08691306157727361536287598 17.2509995438856119440622238371 -3.06390911826746440021209520055
5096.63793318621011584800493974 -1.84670967722572454185870201271 -2.38935741886814755597173823676
5096.95942385632894212721340700 2.24714130837107164660750031902 -0.371744394577133024042670387457
5097.81442975890566209962522394 4.32052159915173033329099892240 0.494568743882851846436054635096
5098.95678900618616275604076398 3.04954502737946767701044939797 -1.95747327503721683684251360711
5099.61074303799441796547569650 2.88604120216752566949367243599 1.15448780716628130879466339544
5100.49146241619986888895459709 2.88581175312670600680696246041 1.85825190625783517871715910430
5101.03406304850108009785410573 -1.76852925130512360994880471035 5.24214655115640598719246688752
5102.64594861517203007538394189 13.2811072446137248336009305395 -5.02379771621313037683806049802
5103.72834125302524920857929195 5.00693773449613060880827682591 -5.65282372095289549559930299235
5104.41809304675945229153382402 6.56099452685693668475463922251 -0.0981760682215255469244865402120
5105.63863552642902586364827118 2.16688623021929571609547061833 -3.10996335216479409754825347505
5106.05222594979768868915723758 2.73342712535218086923423331054 2.77952303678118639389189651656
5107.38574012391064635899364469 6.25289510606429927083296561578 -3.68227079325688485960892436887
5108.44777014933052355105571606 1.83035351574530383812871701096 -2.55291567698787605807758876023
5108.95909669843306808766088445 2.42649646894860759555979622050 1.26222341807130601125575578987
5109.83898209097729099027417960 3.58166066152102549816285086133 2.85639355027552213074162299815
5110.80604167226714506060885577 4.79220470538185289561063262521 3.10290971282470104305422715048
5111.50312465446206302661587075 1.67604560734791451855062956485 8.70190998336539923169371506683
5113.01015722172519923224962951 12.3794222688742399401353434974 -7.21331659103670847639477577483
5113.94604288045438467877487549 9.69551235928090460519686098095 -5.57755226495087784767981205922
5115.37284295298960952644807181 -1.25711149127738267068956050637 -1.87408918258249639500905991896
5115.72676209779561618389431571 1.56958553537079383692278966919 -0.328092362286997937493251586050
5116.56055746371486706872255279 1.92038186016489200867162604129 0.273295498772517895243702118139
5117.02599341347769345893396252 -0.448663167586659901867703594656 2.92135523047148967130226163337
5118.53383876862742499437699962 7.57300022888208262656332610697 -1.44436809282746600162403766951
5119.36566916157129468225657231 6.17116221423479721855891571024 1.02962810626299856369118245168
5120.24002346648985809160102330 6.32321692835169531230179484038 2.50008629996936853543872798337
5121.08349015563851732898817216 7.50759798638711527110517304334 6.21100755670534852205006960622
5122.45478140974893233749114796 6.88345278680963927257493356489 -6.58687282263739914283057790234
5123.30289347792998300488675406 5.55058851068335733041781659165 -2.78115249345876189186151133339
5124.06178498807275705182914944 6.63802915515636749667982252738 0.890742485189227524805788617604
5125.25368675676829133189904888 4.94190206173781852210577181832 -4.33645196964455478946223941570
5126.27911801517137121408673009 1.37790036286642538156293663523 -2.22326366874405483861424194102
5126.72999329178376462950020788 1.99560223369285867244303431545 1.40733643695484343902380993513
5127.74171695909550653027128359 3.88783370201128191698893112695 1.48246387374955831872982336921
5128.68162497438748693332385657 2.33579720525505050456748518811 0.865924792839620482402137509461
5128.96448385867342625098374939 -2.76718489876950903801162378626 1.86578686983506757662291400984
5131.04389897358979638143846072 4.06458025509712706246346794378 -13.6445098693294106484964776573
5132.00716783776866004741721336 1.04586351430685189924634630159 -5.11683580967556229381594859539
5132.68313705400193814145619731 2.88362292568910751033997655869 -1.55264088450887445509978804727
5133.30657598965982448193250236 3.61302882071534648927676033630 2.25220517310051410041120372805
5134.66304387882215624308813226 2.45278284800145550743410414168 -2.78682343413761204971123619957
5135.17196407365600391624476822 2.78984635749090137943679948201 1.85237288791136748551546151897
5136.12993608209509504132522765 5.24009376875331527367585614749 2.96977336812247967128011222388
5137.20629139849465930596264132 6.60246533663816273797903456992 0.317333664422660632641322912411
5138.04295795729481422847210468 6.31499732457890934859220818351 2.55221039427938446780316636021
5139.12153096212012792436977032 5.81844557040725095253934138077 -0.531746846034417682227391012047
5139.67912564969298179322867204 2.76314829557919142447394885519 6.71860406342373692236971266933
5141.09662393563795224812239250 13.1613152792999318784321097410 -6.05803281989532807173466739851
5142.44790786487120457954736290 -1.01614633767686167042356404006 -3.96784797883575951685905554144
5142.90203222271967959023712148 3.00383062938830721242743051745 -0.618041062557250224774640710763
5143.93370053392209676882725700 2.69860430569454621759073446174 -1.54990031368284849489905924781
5144.58775260152789041169464397 2.69376734281625347209351460623 1.22450276282912581693025130307
5145.48044917414074648355747602 3.16602965993250191279873165584 2.04802577938387497714987625927
5146.14964591957047500698765959 0.595091671525447264801398683253 5.95896211238274585670800717819
5147.56279184000966502000323598 9.55086523799961881971699429546 -1.21975795750680939079960318386
5148.25352735728533592455922582 8.17043178794221815959222282108 6.84951563068614159703906993419
5149.76826028078707130771416594 3.06687457763709624606277409500 -8.97898875032375456050959747963
5150.70961496230625426950397193 0.951945456296876552662057368166 -2.94145799415331256280792962388
5151.14184958653794471856277467 2.64010915762592899262486565649 1.22312147495575306573391819360
5152.18621462306431068637365479 5.07929891172697804694618255296 0.366408825787726126568983859074
5152.95312729470274756821027043 5.50078257257956674898443482534 4.10287764002329464929417402435
5154.65684543916719414225159965 -0.494174194904405324329057811344 -1.30338025057101084014723268370
5154.89914379759381756790604641 0.964566248539152438994424485991 0.402713087629159196649156360187
5155.49336258253333129599303604 0.0753904496412966501035964648932 2.76429423099110708885664453786
5156.50944732825162633559551162 2.69346911481848418600986544741 8.87490769681451698400520711525
5157.81906555574559169622068529 15.2277836123995218497454028835 0.362311374453400954872212319581
5158.95482400082701314829229726 9.71817251341849683443831698133 -7.31710531431970933189224434948
5160.05773625162505280200599771 2.29323603381262207316081157051 -5.97714069496304494990169563331
5160.85277992791494071052246328 2.86768542480626134115052738851 -2.56937053826396399560984836060
5161.60539292214871568108228978 3.47015655069121043527438450804 -0.398749038699254256896892476197
5162.58718668520654731062580975 2.41437293533576161353831899467 -0.661265174661283588851331952133
5163.06016446837309830613812443 0.811265075486972018031425605754 2.78248235503239496614409536241
5164.10231202203283991919599812 4.77679240282188634951327223685 6.42517155069004621320260796648
5165.30677150540777661908260242 9.96681978695907341973081737288 0.309989534573630729906869099055
5166.19197290849319407895207351 9.97793245235167199222823500437 2.04320935439893762213478329140
5167.48359440216978773235487296 3.12372411374590166135015156674 -4.77200196543356127343237133848
5167.99082805726312170534864904 4.70162656534386394470540895410 2.25978268822958372168740486421
5169.07019456403190018028191315 9.11468136984362837850578651778 -0.300660110727789443993830282812
5170.29151608727292658844268765 3.50854194650708664701744900503 -5.35238778734879485995228401301
5171.23592750147358593494312592 1.11884527269396859356877557933 -1.81687230301773179285150176743
5171.58548117124223296336422865 1.29221623555574426472684739119 1.80501907916720639874292089236
5172.80168887679155819446801155 5.05764631070036259279336012683 0.0443193810322153905395565874524
5173.67502455631532105330642155 3.98310913677037969543456772714 0.885847900575275441915830741903
5174.35990113717841431555798060 2.27744797840198910586757282711 4.07791370689072464867124132143
5175.09312277701063859137623967 -1.77754617328478540700396398792 10.2961084487506854609566874068
5177.23713224938115439813045140 -3.45978415625087616454889247133 -3.76456101385323560623826890028
5177.60963002253078233481653022 3.32426965507835962846630788536 -1.49630134137592381765838658987
5178.75219462045008326749321933 1.13709868066084686543106557963 -2.33213552453474053828574017327
5179.20260639148861507423738151 2.09402281023965252144199191564 1.17768412592358809517494480551
5180.10662620265364777161746269 4.05254532631713823378331552914 2.88602709150974205074201956590
5181.18979240852029061804741326 6.41963626822517835033866608858 0.798842061367041843002690945325
5182.13091401658582911626250160 6.01728408511481467433018243009 0.637651594110624825079314713426
5182.99882632917920912852223317 5.94168262675642413573917844280 2.05561439051105591665637542023
5183.95030701323823533800994477 6.42306450649887097692358743674 1.84630970833119721995299435247
5184.68579503238903266097875001 5.49991209303865534055280219204 7.72203436381017595583872734477
5186.35574681016878493879605597 0.270618325244815564383955118443 -4.75876028638687185741418050934
5186.70947260094558877421672183 3.80747302525137885311542116717 1.79156009376238007311620302453
5187.88784776747307860091587468 7.82656907441435936202632505422 -3.08656491246095411962435239109
5189.07671961356714893001568731 1.49326861320009422819685901628 -4.16405532198742019645423418148
5189.85958866165787741244912763 1.47323214854981530316926279450 -1.27644736336669606299798080766
5190.35529112835982137984659119 1.37748605222492101121957118104 1.31689349003105090443723680161
5191.12680159802986197659087881 1.00332200480648206105375302727 3.81278183718737625927284407029
5192.04648695598015035105233654 1.88851640343663398712546522621 9.10816823585861700622592577883
5193.40441534372823754098891556 15.6826888568794899987203450955 -0.828072156742740514109858750924
5194.70748890157448902761367427 1.69173355873836867724202157989 -5.81724584530313251355699279612
5195.15916385373598390200726433 5.25577035243991313654397524357 1.83982581741623456152010401573
5196.70732419799359179298423626 -0.426213063410507769833089571881 -2.80178029961848784123060619101
5197.11749833167779739834844862 1.94531237258630078456974121663 0.0818842865912299005818543254755
5197.71832417615235010792150713 1.49976334371437711943563448697 3.49529917339828409197914161849
5199.22385819908914580674204439 3.57868479985164732085903755301 -3.33525401931662235518237625956
5199.77632922993436269036802876 3.80978779841141816199015051610 2.26054415937034037057503815013
5200.96131121304144935770790872 4.27599545734994144337859664421 -1.33963026241311912545944061298
5201.55584387424873191787939489 2.95991356143076786229859531705 3.30696760547031556788960721401
5202.45798972217433848481391130 4.91611579693570459639270487005 6.89775335031171721404877929358
5203.52121694964694392118392890 13.3338849474656415343130497203 7.65592443445629677190607697824
5205.09960699496229113613637885 -0.612184102334645179357580924835 -8.82095176985471171218877418711
5205.90059570482794099823355785 1.43141978415713471695929595517 -3.57195158720216898668875939296
5206.63316167867917845065403580 2.14006098716053566533049437232 -1.19534122811946932832648554509
5207.21506668222393020495742449 2.29820998039006064268024390378 1.84726048749760497318085142890
5208.28852293990766434439207676 4.64960935414310650350025981676 0.999822824613365284700575187539
5209.13823930166559828317047190 4.41778083475463101152684184946 2.40349821438773454251922972801
5210.01091104856690738084122260 4.72690184754868255892814660237 4.04253273034392108952500908860
5210.80821869983970112577181539 4.10514475856352290394527655209 9.68646594609432026735214769377
5212.41940446954187464534533618 4.88520060986239577310494463907 -9.66195786732592407560359731312
5213.31667424210303918357720830 2.58107997358730535637805389203 -3.81812863268185955644160070954
5213.89694319200838423339051843 4.06845044703960877215379719839 0.889300425631815162461617786529
5214.77525255932523055212216604 6.47210965383202873555767227684 2.77540617321939601358285394039
5216.05449135225474180610406582 4.93877515379805539403224663877 -4.62406760900786737454028366847
5216.93200934121654741441543416 3.44995947630946161728851594510 -2.16350745126736535940165311057
5217.65079532035448468544403309 3.69358649940646371514954496809 0.617647728112724523487892972682
5218.69141300838523435057515205 2.35705087470479146558218185773 -0.453913502310043127480814085251
5219.05787722009920432604197811 -0.417837754148026132759472057648 2.78666808888876539631289908216
5220.22085517418201199966476946 6.64616075653727899650620656620 9.33870042813484232119083128506
5221.42295132305939456276449492 16.6729985914258052346105708767 0.889544704725218849175983029448
5222.85878767309224908426915072 -0.412297623380115862378820932377 -6.78189348657005242562681301405
5223.43442893776441651124954066 4.31342643329249122076969056604 -1.95184461949848371552755510585
5224.45746349568448878281141697 3.12683225815449217592165997555 -2.75541506273040330859963980701
5225.25606509658514712598249815 2.97411241773734396805229024814 -0.808298930086681004636727977879
5226.14842410546528350837122438 1.22671846103145687213405734790 -0.152460509415785939561448464082
5226.35154038244658833296165174 -1.03871444434944397944745790550 1.08346616204620368898859286227
5228.18309867205661781301570289 6.62865792568867750065592418725 -5.36892712255771036291104496013
5230.89720970942375863695759666 10.6008001276010493864570450048 -4.24786333242427201454203543559
5231.81508358834297889564457461 8.64363082219014235915958765713 -2.91891015701850505356662426020
5232.88462019241792120245104071 4.58097984571756111755283540528 -4.53410147708110191366184622179
5233.65811509541919014873775779 5.16457112299691639610586398471 -1.26115451938955678861261210909
5234.64028988871868360261673531 4.55229097785155058899570182579 -1.92745195875316845309875287862
5235.57473516603345251440972729 3.16738478415623825079050304995 -1.34333448704192786245885630471
5236.30046122910202042405308761 2.66168887894802047268501415745 0.823544381464491997737744430481
5236.95743936485929985467363669 1.25267072883794064094928664550 3.55922814762482524293008045866
5237.80169540199509300005440097 0.323841861046860345283489570789 9.01060892683915977237106646679
5239.19278920816085822226152264 18.6762723812090915042142957368 -0.0321884908420785227180738175059
5240.60763604108559813521655238 -0.396352196852120840469539170076 -8.32179953781714988903190956147
5241.50282545977052099576727170 0.165532523886691911424773694602 -1.98261295189734619320505890441
5241.82272041635195846703104339 1.59367643417137701272328600065 1.04004456717298534886932961948
5242.79298538868830866044518220 4.74392093648987976072226549558 2.32964863766946156011630464837
5243.88254886862391434820362024 6.41136340826826452569435477843 -0.427488739084406441227888663485
5244.84545100142787634132411763 5.30074836209459026062388567551 -0.875689267961002366053882893895
5245.75573251757768858273198240 3.66506593789715775560322813657 -0.308434814873790030964875732468
5246.27925085691445585322054204 1.25596224971098564258428120226 4.46669584542010876151193067314
5247.61032039193315049742811707 8.87470797940422737239065644643 -0.347340700869452360231015650589
5248.44153901607535534374952682 8.08484033509684893291690253842 2.55744840191491344347412683702
5249.36633613165980868248447688 10.9355481102842172144777912791 3.83130608169018238163847943385
5250.67523810424872752867349285 6.51212312629107647086168081361 -8.63490007357355616516727391949
5251.79855862651227873800612046 0.0345529594330385883289746722875 -3.96667545245170428376639034468
5252.52203786670619052771183903 0.981988690614249720449040344052 -1.12794636074222232526545121870
5252.89057514844967620277795255 0.841214414988585500126332663811 1.45721665290469762253419521411
5253.94407049172671280125373581 3.84085393167978649154868615357 2.88657801058636772837164542707
5254.91263087091301988339880046 4.81018917668522261441761338105 2.80150381542532394388986616584
5255.61316430376163645811215390 2.12255912399187412884947879651 8.01758658423602042128179781025
5257.08118006453581483909424452 10.5832226996532639591601501834 -5.58775020504733235186463445197
5257.92494100752362347513393438 9.62498044169000828488879541851 -1.78377192124732847893846934810
5259.10832096042569872894136265 3.19534468452398816480195561084 -5.24430067706842819008140080054
5259.77190452184315442304674340 4.97391060585508846133876235969 -0.574038178013219530859035519141
5260.95919024601019654470338943 1.03546613783841872042356193717 -1.50633600547194868131866988520
5261.18047604718321831251718467 0.278102334247565502393358267934 1.93938909259787254137979741031
5262.84883568633171459510788772 2.30743103379731890611231956564 -3.97083951090381212663527913038
5263.39696510167781375444003155 3.50189697392732084165619008120 0.903802737039040989810487130072
5264.41137801764957712151235098 3.70664107371541693736404563024 -0.0730679114647200214920630300882
5265.08837453505777912851699137 2.18812649320014561622554185939 2.45830636002273288577201269275
5265.60593632746994997530415662 -3.94339466430435928999086156878 4.95280390890291886310663133418
5267.88536415147245424854733297 -2.95228150110932096581439083573 -3.39237684913179121380149408853
5268.19827077797071037425543903 3.34925197620651504499287855291 -0.673765574441015084174359108788
5269.20139302108883264467402734 5.12228952412381728510469022484 -2.36947150021958048510332823517
5270.25945450489314344834198008 2.28255075396758712472328676705 -2.61425315382141359042049391587
5270.88622752598025944962674272 2.80788598952538494741361346480 0.507573398917906681885559507146
5271.69696911517924393955531843 3.13548665929240548913473371474 2.10579208441693333237372068806
5272.51796036003330646543039021 3.31761760100797895056201632485 4.83505068972888000694172240559
5273.57873796843697499170816027 8.27771618907026745058831704741 4.96389550044236431734266716012
5274.69150901537324271000384061 10.1950968140167084401123695037 -0.655463099113075664314492075902
5275.64387887795556525209174838 9.18137226941003296710239809700 -1.18831395502946857777075607856
5276.68350302536940213991361591 6.43530112221319387521181601265 -3.40819455732147632476967115694
5277.47575950264243820231442775 6.55869231910347726375613741035 -0.0832450604801650129951832139040
5278.37939038247742381875881445 8.33908168146007682104410809578 0.724324969163330577751575072622
5279.77566771784223145347841494 0.387159524129482928805835641327 -3.93700496455406549304095035976
5280.31544598120170676288476437 2.70968980745043526627734338994 -0.405548139832645222882152526230
5281.23995068632665440852056781 2.06851553627574452591255285956 -0.248907110272303507327011547245
5281.63338006580325597020573443 -0.337766129106366828589956233054 2.65903627243890342774660041257
5283.16386855992222247976377919 3.70680779443255568343507347098 -1.20628070062964813899284997332
5283.47871918603501083735432964 -0.845382654097778414241658053389 4.25754474144707048658398254855
5284.92692662915306066656617464 18.3037756712310890323160396914 0.583203015068803720864849131659
5286.43716155758182125406062735 -2.22160168350536457792699660388 -6.25282492279908649599729830772
5287.13748220534080128176337907 1.17163075870018065129361905732 -2.47681744618480662643636319479
5287.71138022610461951950778926 2.47238380126021192837449079689 0.198167946868336095869551510249
5288.51554959778683023224879165 3.19803248007396598189312834438 1.80313848505278419922683766317
5289.35324522151054205588463038 4.12834124249460482452318915822 4.54904118523519069320044209312
5290.67497434799451634631635626 5.54480911340261796408785335904 -2.85820199234769291928845838866
5291.39959050931929316712532839 4.86665666142084299440585804706 1.11475285102667587263381623710
5292.27501639107782554879449235 5.14563244053243830465541152648 2.28749968106124094184856332398
5293.02435551483924270973219656 4.33331854554165040593865758206 7.31609837339670835735635549306
5294.46476071400673721428831573 7.33784092678241186514839795777 -5.86045491573263763517067750455
5295.12635547519873856016759189 8.59740618116766877373012138723 2.09680075492121475744472842838
5296.58105671918143821092301350 0.258002498931381711656559336455 -4.99666192999948552525125029548
5297.12539491959507252741524629 3.49920293143607139773620534316 -0.750275702795033957858469581615
5297.98118343935091604351401280 4.79053860834098758892644248377 0.228206548515283088155552554217
5299.27467923792975834721567927 0.653602985848243943714895877618 -1.53461526950394217441525324513
5299.62730031993298049521753476 0.884470638683788036813502256425 0.884731735926044431881417027571
5300.14473687113832325349585515 -1.74052663590206658201796706375 2.47335944267994715798707354819
5301.45813180921270479754495867 9.57608860364192129535067814350 12.0908569356136152075958155713
5302.98145422032949273476491207 5.55010940085896789930387455753 -10.6280794468907936075548543897
5303.88525554587851947846820282 2.94889705004872720064290680834 -4.52225749272032313713306599058
5304.50845785494030032077446437 4.88897853464942375765943769217 0.239507212752398864381595729216
5305.52633301208641583055939342 5.90504000177025416506337495157 -1.43848605774905870750779082701
5306.49876976744189095953480623 4.60138095272554647389892679556 -1.80509234093252251229835969675
5307.30038863624197236218548062 4.32968097041354880364485189805 0.289385041038414421030690716944
5308.07279049998174654537748521 4.70332457609178674383261152917 3.25729527469804128930354397926
5309.36175348189164325481373495 4.00580579828135464181364210382 -2.71709423925429597895857524961
5310.03276472699836201927981554 3.20086539581566351064455785911 0.935954240956274068049600486884
5310.60680111202783780615326658 0.403948878178189418287669169531 5.09644520148272171534629250083
5311.85904989171809297629951966 12.3551137240031123209701727403 5.41995688366070043893877308277
5312.98020915852301185557921196 14.7999465987558210855895242732 -3.36042244380547097042839996053
5314.43942679183459727631776817 -1.86332466125448022717979079790 -4.07828534003765970719020490942
5314.95479404951150295011537632 2.26059178982178454278889712891 -1.52886662606203068678325690928
5315.72629685932516677365058215 3.03610448706806496781152906990 -0.161691567266211791280226984856
5316.63925390621735667023586141 2.60303633518268738752301483993 0.0297595326084822803016172874659
5317.13973490588356771306690851 0.361920998816476732420323631309 3.44793868276609652749653548005
5318.44524095923063129297962884 7.90156471769042533917494279765 1.66465659486919693129747927956
5319.36473429788786043001557998 6.99818192631207135676107866351 1.78701353665661867951197863283
5320.10975301028394956274999529 6.25209220176955462875168102672 7.56918508236080504112703103567
5321.53669499769472243912336112 8.24543890138657989764859737451 -8.28631355210780190612439322772
5322.63328058493864492966537676 0.889815196201666495142369959025 -3.83363477015358473976292154889
5323.13723111214049395640146910 2.92980239088499395574089163997 0.294182460187234993648738102945
5323.79632787568875778668861996 2.89449616231942929507857452693 4.71104738055559684133789717894
5325.46641114299995805624690350 0.473006398114930781974700740796 -4.61190989210821292819099717577
5326.03851279213309205391201810 2.84317404203964102180060004975 -0.743200936906733081555270322279
5326.86776378980158459491380803 2.74743035942527051096190124159 0.248704088715822865082408140717
5327.48022228303637105316825961 1.40295798853130948273486562307 3.28401987257082470327281096823
5328.46384466527048681593621658 4.09131074344345848132154209369 6.26713790676004043520562528244
5329.37715859333000712680565340 6.76154894249267791252033329434 11.9192655031299430048436024205
5331.01505184838310009879651607 2.80466818283105655767132344918 -11.2273031901232076468217791744
5331.85503378266697176876907024 2.96312830674052805834219161852 -4.78793526147098713051792516780
5332.58244933887189225325349170 4.55193763568357670766383014473 -1.54765686650756693095188989346
5333.74634945266954420137465001 0.861947773849711873905044157281 -1.73936979394802803435159965304
5334.06121795737156485682902652 1.09001172542405283925916747653 1.58764542224514365159502929472
5335.19538835151631734486271543 4.64530617209662380553089338187 1.36733590796331632344259539471
5335.94792622723617669991586181 3.89052058786879896385916141361 4.80515063949965999721812684496
5337.05967276057885757587251812 9.25595074003867456631668557728 2.68895686469734712344933289934
5338.21427477173400703033735928 6.27939499344415740102802574134 -3.18480818211424921211232073570
5338.93312546485825552976312627 5.60828556594864892397206647719 1.41978519152499021708477031559
5339.67456498685584522765058556 5.74454183025791400797566044524 7.07840327426995533050343213010
5341.26495785860863936635405448 1.81456179958820947365201810782 -7.49005898147493557356761120745
5341.90771455688209523213643716 5.10660659755082443431498990527 -1.91833016279840607305528062818
5342.98668983352269407215857015 2.54235203567674466034380103575 -2.93464030817179550487033418825
5343.62335943301928053564751377 3.29024781538558476513057615275 0.454589776680388184511917432897
5344.50753261243904340718853014 4.13149970515219673949060169710 1.26278224890446431863212250689
5345.52829734169539040892788927 3.45186347582271367673029581532 -0.0167035133111413222665969941701
5346.06996561535660402041947331 0.988794789225304726045862664490 3.69997529160996903832880355510
5346.89093742184278774525938445 -1.17503231296075576603996429465 10.5247939970078153188409825607
5348.76966928172555293855688405 0.623210703258585130028764105841 -10.9463298128570880408369755450
5349.48905784014392170143286662 4.25631783641502717726049463286 -4.37477222540604095754225573951
5350.39590477244263903469369295 3.35667611568454772369350629290 -2.92484925176885430110074663300
5351.22541992584671317110074648 2.76058768391981818657782362016 -1.08214670257298694199562561300
5351.77163738349835480249801254 2.19300493182363972274273400589 2.91169527525515629642465518132
5352.90017820706968718505932410 7.55379845418021966422725155948 2.00540409657258161992413009182
5354.18520282931106519794555312 2.47670149535327262224073618128 -3.35126642887001176399782850393
5354.77347971404948615584805298 2.68971240657800791114399811449 0.608399807828228475041116552234
5355.34706367562320618271179195 0.615543512042513604482587627373 4.30559589693657412717719726084
5356.53886582870499115785507386 9.79954519590127041963450655692 5.99732365061815057902077352989
5357.71161989232472379553942011 11.2785917136496014797756165500 -3.07610413895853585530138933829
5358.66910644179082532222417976 9.08171827961327848724078704037 -3.37150392335694703977058593275
5359.63391792737547173219643723 7.94554414389436088323474080687 -4.03088930904364274320995805115
5360.87712653129412732027531274 0.187454837646355588772725177831 -3.92129240230380699565121469237
5361.63099729211967502263347623 0.697062030439425536962130006528 -0.925758042182548223734109829477
5361.91663701682846006317305537 0.396294790468033314051022993421 1.20180856720349000964608411087
5362.99040532663159764487804683 3.15395041592640705758132393450 3.05997489273685431771797999591
5363.71728047700477822001106590 0.826183669835706386475670355892 7.34987878280168226222163666668
5365.29626741923372887511702706 5.27928747365256318025916646397 -4.70914073268881369430262829219
5365.74225768061841797666651511 4.39774525382509863410278246591 5.63412411087305444635561577092
5367.38012385219165757996838254 0.558589392458375026744531813940 -6.01752277180430657738403258783
5367.90554311468126612185528973 4.38747676507838122906941482099 -0.484587233973462468138373848782
5368.81364160114009212194556606 5.85973739223624437646910450629 -0.195926467831453711278876764855
5369.80759645258569521008961516 5.69538982242823644240402907565 -1.43436338130382582527574880306
5370.71353981371738618307891544 5.04940114491331914445526093356 -0.830542876177706553506048778881
5371.53832975050997908369813784 5.31814384059112046969399813112 1.04776252281255041450632899567
5372.68086725824972382187047536 3.17547364092807533953521204434 -1.82057582876768429319139991522
5373.21997294719173078729302872 2.37713269921137283352130631956 2.45346465584331865013102435205
5374.11483521255571775803669681 3.56174105971478504390466243002 4.69706023234012153828581786228
5374.86973824503644976845994997 0.635377597245730707604007115645 11.4212603894793259309582491385
5376.72266365861711038912859575 -0.343756459528036580864171663180 -12.4223078785672736655302159530
5377.71973086892277886145262578 -0.738399840725401099540480726825 -2.86553512000832927636555050996
5378.20703813004627003506985765 1.79443896434853341885424847226 -0.607821742989190063875155254774
5378.76871372004869816517516704 1.85712453710740415114914713492 2.43232893952251364551726314173
5380.10373188279623551244543237 4.17802251884542605462095493194 -2.00296655378845776385912814913
5380.87705651077913882514125460 2.82825670982351927427079640934 0.236874399462065301753784006981
5381.34815069704646325659312546 -0.251725665356137265333122572358 3.94279275259545733484401098970
5382.80999337051447727806010535 8.73017657730784106577332006498 -1.40645673733699453488163909442
5383.52860098836902442074098926 7.75265549208303695518230073887 4.81128408436148183772084601141
5384.81976452364593291128238441 7.14084762460511542495901743620 -5.57431766945277168566930883609
5385.68978113358273490880800752 4.96495648632036786169664795695 -2.45412572745367577966808281147
5386.31104924822099643932067009 5.44410187192529851780052000539 3.60270835495345675386871402979
5387.70553412889538181820035729 3.80916812189526843056126995619 -5.71495106222834920222937878949
5388.44913749474256637256567071 4.72443892200636350266873083854 -1.73779806448292991496701425031
5389.60814649381912737434392920 0.746551660598934780099760675771 -1.56218475179065990621824448701
5389.90951356141877136061832390 0.900043148556694716342759069016 1.39812088839967198287666089172
5390.99226008300120596279855622 3.15645588996529024254049081495 1.65819420019194583647362451050
5391.50596562709809024752504650 -1.65880391507649630023696475091 5.01310125611192679051069449921
5392.98195968303819856522565201 15.6247034611002077734094903496 0.733189108710192908482769377272
5394.08371725251568324578460671 10.7429984706818703710882264319 -6.33420245833151586747154949006
5395.11666342758702249864934936 5.37567780028066323511629372558 -6.50372232515096893807280630601
5396.11585947174949763970058089 1.99641142686175892474135935472 -4.05700382869298230519330348743
5397.00342972680210652852638445 0.735836408341924680947951687979 -1.07363310846662986822660228275
5397.26196015786015640104036793 0.372423110586847791778207182250 1.33298572801721930557070755059
5398.27762199520837780830681569 3.59711328335201336865914851710 5.71603387365773265731562508593
5399.71250464047059096850887649 4.91689486500510161999707937781 -4.11125137086731222675230444844
5400.41888786829030209789501156 4.45027978555225006948101737817 0.262562922407950148818290528657
5401.19449618536436629266526793 4.19276086238205435720445896393 2.74908181408461859721156304584
5401.94714307456483503147916173 3.27448641283052178549179331706 7.93207695569481197836071342283
5403.38959011523765155739032115 10.4081955212185949179414447477 -6.41371002976566961937553109958
5404.28768773661827103357637068 8.32211473811452161738880999799 -3.96765167175992323206220306889
5405.35445332276911269224820861 3.90535023155819997075033714352 -4.99735828381671326841802007228
5406.18413274406512958585506310 3.71345298873042828864440128458 -2.37534280039834777101450257991
5407.07553799671108873611187004 2.83368315488093754956547657677 -1.33167503213900792364580070322
5407.73501438386115300014886686 2.74875852158786893849738830965 1.41021357361555763784026242231
5408.58871576754295296109492713 3.39327264362040018953269290179 3.04311404460860660758437862210
5409.57773947596161177189463930 4.26558127821876688259523358806 2.50358264210241377423196371453
5410.10187201724492620418421327 -2.46841275363851739949585956209 7.19529957520011065299350549417
5412.11966073880672486865927087 -1.74178509247831893681477655104 -8.38639970092884195802926673432
5412.75693186164576486917415385 3.06240968751868772296625687068 -3.07535475926827359417222447175
5413.44894233843456410873432036 4.42764120240543390500800280205 0.0688091455192499268495370663465
5414.39188465514572198890993969 5.36547198031969310663421222355 -0.158173900050822197265962410080
5415.22506296372357346130887215 6.29163693678082060824989097458 1.92136312773929865747576830346
5416.51181430912968851555559901 2.81079425235287828784093474512 -3.62117929639720306993164266081
5417.19077729303861276889589182 2.78170670685064663995191708567 -0.177789808348473352486859169147
5417.73077596648454186166988701 1.22107137704117449034461730161 3.70837406930691915553090615493
5419.14576936558778036570593846 4.60527726318921126311951896781 -1.88311960337001607386137946285
5419.64791401725861209861687492 2.43135612629825417411691740744 4.30036476969823393777541966072
5420.59511861817432238552910008 6.68813828395411832777687643624 10.3310094314484835073904918348
5422.10720154439465146786041892 7.96378552580120564155490667874 -11.6997458326914322491690270041
5423.36428503006845750879737856 -0.919071826153494294006134870718 -1.64304760074299243527834638433
5423.58283999725283786337383940 1.62409855440523086632083072298 0.541824726665490874481912545807
5424.99013750159272679703026536 0.314162626747460081762455975863 -1.10420608924703763266388387227
5425.20557933165694318706586117 0.473752292704679727187819508377 0.977989118667885501180779814768
5426.07747362145730659456272882 1.25419413625508171962152718235 4.77310621807879945049655976902
5427.32778726721262793884487216 8.39003247896760963100955844066 1.95224740674982396255331512279
5428.20079350751720982330261338 8.37397823663587443379889431141 3.72790836010705450190347686842
5429.30706947764846263676916645 8.95388402449711090169153401225 -1.62620717411282731792738684877
5430.09323239462997991285176659 9.44297419822403467283981390325 2.96256857151245848706752429810
5431.51855046193583488746234993 1.08566237757153820914497217841 -5.42761103625059921631177365610
5432.08130056369091850073164231 3.87011330267509453966820444726 -0.523625889725676434315312484529
5432.86706187367365486870243157 5.19587914914260186115979696882 1.89866512644486168957860629698
5433.93931465802281157227643595 7.43105645939653312627419932508 -0.998653436086882565804072436551
5435.22451066942808136618876299 0.576612586186897847540072890922 -2.42840346766698077703316374114
5435.61421416109506650533118159 1.80920639017921951056391700000 0.956144980773905851484012241625
5436.65840067212509526653322881 1.17801378084565085081454406802 0.114486340097672319516099203146
5436.82064493008793674891687834 -1.25341307196107679763278771571 0.608178206154216650355785211732
5438.48607790240875491769709598 18.8086607190520005190183196443 3.80455297504158514178901985054
5439.87494738183332875333225546 2.13692736673399724165462415598 -9.77813074948381661289215195044
5440.64516013201493788451439306 3.96455175475135539879059858565 -4.23857861584832967103112978080
5441.56505036055665207437853984 2.62461651758008493887901051078 -2.63938011147944656474798378064
5442.19719654077142317414529713 3.55166756762360206632522773325 0.777347201990713971499696023837
5443.28353971241986861938714468 3.10564530456287484905114590993 -1.01897471005149957159296721344
5443.79513732065638796559879872 1.70687286905766139822733826211 3.30645867202218779159457408219
5444.96695956991928141000672399 7.18544086569000089752736821149 2.00777282976709255897888934384
5445.92502709968990558458635478 7.11162346321393985141983860221 1.24688283375752625378307939994
5446.76524787276632286097865398 7.42508267989123844473520710675 3.80150082430053618882744298186
5447.86199830129985641215867346 9.59508022081530606175269769681 -0.914088608808357785210492975242
5448.90841328642824189341957127 5.35885986303011597463919580207 -2.87896062939194281530234753770
5449.42763016759129583345985539 4.51237673567190039287314861718 5.59683656299689975521022356078
5451.30940766043212597680385611 -1.85104333002863056210420796678 -1.94369282927753470953180182327
5451.66677561269195723114300176 1.58254182673056506900460674180 -0.667457307086332224984972678206
5452.33095020206611015670948731 2.41113679178129301618946195461 1.30350141331135600895393020044
5453.27642589714594198710691210 4.00415885209451349665522292980 1.87850660215902632935886283592
5454.23276609101570027967115899 4.39619424702050607999108953857 1.57918576821645776750649090204
5454.94855551058488961657992198 2.81474548140548537980451209044 5.07994631126536308410901154954
5455.86796398294448009437204551 5.43066724123934934831963257259 10.5607648942286907524254424376
5457.25433583156865279266071452 15.3964726618953542875592006008 -7.49738820263136773110976882950
5458.71564508683044945782322575 -1.74148892884987732521961575520 -2.13132124910853836149374885743
5459.06218261065924044653950434 1.78343289153255901933382577405 -0.526013319693704744430030718506
5459.71451394335242928471577177 2.72594118071399285832928562361 2.06174269497527231419607285294
5460.81554416475540251679435781 5.73628902752448179718686649770 0.365306570095227880764089978952
5461.68296883086899744093005261 6.09701029390424737579534004614 1.68751403445921550900727633565
5462.74500054954052495453180290 6.31405689824515915749693460172 -1.16307969600120689007598820176
5463.76455454369686177582253985 2.94288102480877312819227314760 -1.57235086323360799954806665903
5464.24387522683874615721804445 1.70934947734108396279175011960 2.83911655158077549347664731927
5465.08324150982538148894491784 1.99816450407176813330689819162 8.13562665464492710165187120877
5466.41830624583904940099076943 16.0057917898512849267638698970 -0.745818301791739775543396986414
5467.79044499202235593677564822 0.125520209396214694730387248678 -5.68438783199524052556779319064
5468.24453555376081796094917775 4.75725517263739762388518275736 0.266930890767496161261925911038
5469.48088838757260116216498712 2.67778515556961997310671855846 -4.05140590607313217070108767602
5470.22006867241649429304770039 3.18058243903567306899413560988 -1.15009864155139918814131496299
5471.08287314151253151034684331 2.66191538330171056401740475954 -0.336266473018319422478156345641
5471.76086691968778111103957307 1.78381867082886817606274859878 1.56807476092044289362121382467
5472.26403769318866333983018369 -2.39353648869480234664205809924 3.58407129400131632853242388297
5473.92520418839455779451099493 12.6409001445837421498930693235 -4.21185816345385945501609355203
5474.87145290157820476236932220 8.54295744344407468773704521475 -3.44256205158487252869869962579
5475.74943682413519874395811045 7.95377900598667935909945710438 -1.72444187277034245122499028799
5476.74889380135888441211582802 6.46669629247916449173819336532 -3.16552455318554265861317771491
5477.67194061874316070951438063 5.02453375988222228138369336021 -2.35540364658341117859013132407
5478.46343645782008588312182222 5.33982261248739989713947915148 0.126941168015334017786338618506
5479.39681475979301705469646290 6.32111654019972108803473378391 0.0348132058216457956403776189312
5480.65480580140219790438086988 0.956793377398248800593177270766 -1.93615025435312548163382808563
5480.95673320219220504502185259 1.09506975338185706220074512738 1.73423149284282898587105459485
5481.99373407774372398989354825 4.72358750545713874175392274443 3.50424668534545151549801817729
5483.06685168978106148860350379 4.60844768768596275577686453700 0.680415272794320291759341770100
5483.47314896838999987517664441 -2.07795726111376974152607081400 5.84185250393868880346461079287
5485.37953033492522756775291858 2.19365100072945933292135672400 -12.7698789643791115408703158027
5486.25095807856407001262733504 2.14728356375804169971073488240 -5.68676889894124591035495762760
5487.15864232572014921552257456 1.19404894147426169391706268114 -2.60960618636529769874825285104
5487.81444820313140106987947828 1.63509199054814595254054925507 -0.366933793828071667033752833560
5488.23946978652449397326617195 0.211520595375379331848756476857 2.36564962529204185949793069502
5489.53988631004414710111750136 7.21155417675317381871587918766 1.60968761729402061999453357659
5490.60647720243189512197782852 4.88760792118816625715875495416 -1.25171720974078988451860330658
5491.19848846175206805798454855 3.29795820063480226261774904990 4.03887976371849228372887732990
5492.13705060137372739478665344 7.19115415843946643140684254177 8.17180275928587831000910346320
5493.79246912676600456831137656 -0.148710825470092468730697768103 -3.31508093395677070540357959687
5494.03848058309744516261454598 2.34660067510235378175026206060 1.94774980030517895244049536399
5495.28087546248379091875974311 7.04899691735262956889848441075 -2.76164338011249392329679129474
5496.08972727541383902271488771 7.69824893223121912725886206383 0.220823757515289978714986965490
5497.37349039621855237730697975 1.94387116039565337922033721995 -4.68972542670969860489643753562
5498.17412394510111065022299664 1.57378644420064136901585033202 -1.46055332949123587271475356136
5498.63356530522543598251172850 1.49549621252845348775334159499 1.65935201567049453144559665606
5499.61279750867884174431879467 3.35566416647366430811414898436 2.61508514652018643780765380549
5500.35398364593202602677456982 1.72477550894183709267401770908 6.04727729491817670049495783033
5501.33122422335439832013213575 6.30588777454942568017425336518 13.1703260237517649738991230475
5503.21169447884615275931931948 -2.23689389538388450752598713894 -3.78744429239118799814136088500
5503.52253623929881865372605126 3.50064800389534715116724110275 -0.0549716065390626245541167469036
5504.57949104050679912954052241 5.37652858506265603100197943738 -2.62863200992126666912082531084
5505.57193582868611933858010932 3.21710532197835498873245256278 -2.57674971549079301150551622373
5506.33001148551884114461060850 2.85810896361587237225957505532 -0.292480463671432915908913390136
5506.90817989822720976499224958 1.79047728848443609904390205875 3.35706341714969294396658755453
5508.01700950110257327218530445 7.52687360006259700532335470116 3.78292458167788348331948467300
5509.29123067658130141190146339 4.18062633748600920022746128942 -3.59248464429401401706287498667
5509.94593030234555884465610526 3.67543719349414942661151473492 0.796733131307448642023948676241
5510.54426481334954767490687164 1.37640729607002504129453239435 5.55141275910725347227064676537
5511.75777387519080829718192410 13.5260273545668446741179165177 5.05401648296686304730491338655
5513.10995805623856557325000650 4.91364410011906603102506894701 -9.25268039142367931363045078109
5514.00184870436628385957973660 3.24306533552710090822558973173 -4.66430775862853461760455193811
5514.84446209807617441483143281 2.79218682674001391440683274662 -2.24384576397212289671758608962
5515.50148295542939753992485130 3.56606744826189085598615790602 0.865915053254536074598194232404
5516.62965666606669586606243722 2.69619203916031025741419187445 -1.28026694121933858076002518800
5517.16163341080562838593516909 1.77353396007419406273781542144 2.21432729705086756483169076070
5517.94829955642816644873467579 1.18967436755012569655097985618 5.87921451954306690715022872597
5519.09583760703051402283366548 10.2085364950536711097024604713 7.34564488537005338427766419347
5520.21539793882521981675790321 15.3933022798453411335585359248 -0.446117092636660059274962038035
5521.61420475315025377904225630 -0.360278783764171682941469304947 -6.26586130335951351632520733370
5522.24963099414462074977615867 2.80059437926239524301170093851 -2.08643305664746772754159292107
5522.97004646570631595673631987 3.26152048429699885030218692663 0.194456519274872943687331746108
5523.60135097746196200192628093 2.55945389646416633694018360295 4.58201065346058052117679449582
5525.23978235029661096867984648 0.899003529075764972703349055516 -4.01527204719966608800684239019
5525.71712232911707702683432723 3.06687034406107578268535744701 0.536105044476520976140081365541
5526.66276522368738013131330505 3.73434674862325935448622713928 0.409474525071727412703790608523
5527.35533246871642802766555642 2.68284875315405999645190208734 3.40290361198393782787383135576
5528.16641250178096047809953517 2.33938290691367446169185768940 8.27678384148805294255278023946
5529.66093402035672416410944349 7.36348971782010954943199910852 -5.36206779646432972070518374008
5530.20315924918113305220905856 7.33963877111853506772682169438 5.86321007066820131364898144942
5531.92961260277758993716656685 -2.29429719695200255758362053875 -4.55631942587980508392749073094
5532.46111736464288145558481042 2.28033963703544289700158660256 -1.91138580496104044502061218298
5533.27582527734279194039231998 2.54773761210016866787322119203 -0.838953047192024338800802170876
5533.95335847620439637909667212 2.56127828536546000983626005134 1.48834067551392409878698297831
5534.81078900736328692788079364 3.25091205323826207369140069105 3.09563384227736537535083942922
5535.65686832453749474595552883 3.81412852159494742119379915872 6.40783115851436896223829398965
5536.89952505613912040325555254 9.91281298609485225596095058420 -0.375553619501516792043611736043
5537.79090836900048376533875672 8.91307840421000771549169782624 0.726365339319479321148024804550
5538.74072731824015904083032935 9.59280402612690182214374645665 0.0218751353409177582462964480010
5539.81458507901423081409569952 7.30880539829473148068590321599 -3.96856056577861906277100659737
5540.69458314328703361363504418 6.31429341207358124839910781755 -2.23278348196451709270052032187
5541.57635154393916232965366078 6.50283561620652535975092908360 -1.23986188889177960040601117032
5542.76464605670939912487450583 1.31593956466067390102795558595 -2.44166281322524487075803984357
5543.11325667281710258914608587 1.77528425525886740447463893148 2.16026441740189425801951396788
5544.51520860856396456531140112 2.96823191023359862567165406319 -2.65584406012186963224851746126
5545.19299916319227682148184080 2.23963757903299169107774860103 0.254254262993479410338680903502
5545.66789522200855012120804460 -0.217740039376432970868515926815 2.96674793327357767319025157143
5546.53530457845434356906002618 -2.99021613900465587824491236697 10.6777487958500320148726773499
5548.52391966112332639869362083 -2.12310572291535634379893914666 -11.1364066422909024652936619248
5549.35883981448436455258301853 0.425290031776973492010528548785 -3.48675576865010462691842922988
5549.83482314245060636047401155 3.13285912352812501681238465377 0.244004661139417584579509739391
5550.80789977898255461457659060 4.90496310270521338415809120594 -0.399285095125415686731436027844
5551.92991174965837097653142903 1.47804851525316843316896795662 -1.36444648481743238302744109903
5552.20794711675728682383914722 0.256257116319148047155753278551 2.16602360386264876744196667662
5553.65978978594926758070534648 5.13968128512239227083957045510 -1.76144576288162897317007290856
5554.23859994379534861145377038 3.66206350449787062751296065049 4.15175569889285367242518134164
5555.40243079544766828231097626 8.02328208125540530782391315209 0.333543144681489062368541397060
5556.19924574383332695456409977 7.84607385702835465735041407020 4.08532124213563754353761242123
5557.36392245623595234758778024 8.94044384269753190579020309312 -3.05689234373427673731894811550
5558.20200449668758568890687362 8.78965747242163505268586780733 -0.273352032534290401817857134238
5559.24817860272621413393288911 8.22328877702903842841796367349 -3.85902962957941898858773911658
5560.36721177696927917353664298 2.56372998116431347163370749234 -4.96013060559243871987546088696
5561.31013521379716441869895624 0.783236949693578873247757111617 -1.75633971529738611754743203606
5561.79154879803232600905877174 1.25187982925507722826397246251 0.466783485190952832051386629078
5562.26188444633697534936732639 -0.804417302778555828182863196649 2.33414349818198706626678168618
5563.63787090083893869077951934 7.66737844031459492299933636246 3.02291756527516798426303831316
5564.43016255076475587634922711 6.67540925170852877912499382230 7.28173673926995723515628264152
5565.56621732697406849998239910 14.9796728471177713091476055032 1.73877987333825017148255718828
5566.91217725710172655975898086 2.18972625333819152226510352426 -8.20814285226693799633938906031
5567.64431865224376444722770939 4.30430425620848928890823218629 -3.29218555970117322157185722733
5568.79858012203786684287361942 0.105650339727772506364802895864 -0.736453581617662623953429741177
5568.91293377041905819151068883 0.181396287273526772897240813610 0.723744759148275900753490772509
5570.00635617331998096091764530 5.18096025931725046892483875775 4.88678407797369459094693353695
5571.43786777698101408512575091 3.11061023818036120229436377359 -4.44631390635482297595608713729
5572.17558120844487387212772309 2.32817830074370104848150803609 -0.777744594940678947691613834893
5572.58602422567817044517987040 0.438635557222804815095137050054 3.01252955207626083072718630646
5573.89952940504266552949404365 6.38046696463368239037524220968 0.703790317947888274194297588004
5574.44128388340002989567591596 1.30672142909191901574401699700 8.19805124421240959975153456422
5576.06476243288862429108707133 8.18054849001569163467768218654 -11.5842802026221871513745978181
5577.18367928128272288619157904 -0.177057551482763846279601106413 -4.27326148887744911460249375577
5577.67227682844452086937216667 3.33226253467071796920571977468 -0.432472079476965909019892808416
5578.64464437374565415427805154 3.99418059143605487776279502442 -1.18340675752500282719167634004
5579.49591649283255929779135671 3.72657075226516270657172283531 -0.134405300108925505502446851535
5580.33327037642769203448796305 3.31953336845014367810059602251 0.894174107407364550359789774404
5581.02557378357473799224295653 2.09148431691425410701265340277 3.68551027073144262325889876868
5581.82227719378299276280718225 0.720307400431278195789523659444 9.08542148922409243452621256671
5583.38919141845247504508458243 10.1942545436801475101170342163 -8.34596744618547503707505120700
5584.32374089081867939960375009 5.80796615997943662291633880173 -5.06451682464033257057512304815
5585.24457095599329859195110930 3.05640705766577390118020000547 -2.58335421251488944291128343962
5585.70871700819922965789191301 2.99168071187347275088333219610 3.50388505221152395352415143837
5587.16008127463904171935672921 3.89769198615961070756466071162 -5.13848257940722234243908881630
5587.88652528124067432586869795 4.45872315827816176813923636004 -1.12280921979475063383660167811
5588.75106118549847426943477244 4.65565651701456030992528703273 -0.188382640453940073689827042047
5589.69172717109069251213952294 4.00796278388077620868397720069 -0.372797178501800649506149281664
5590.38517313888627521574632125 3.34981722514359797064793627193 2.78900839773378725544008489504
5591.40096362390563442635838272 4.51187790733116452228291775421 1.83758437649773221341431142677
5591.92524079258981464744644200 -1.24876985037428806452288140041 6.96783680143550416727786982896
5593.55561702921475126875448750 12.8714939273615974364266689938 -9.71407751860091185964507231735
5594.57459428258698740889361925 5.61101629465759721410975444742 -8.10291595042665145420730293448
5595.71137471191189229179841385 -0.350692297898234971427411857411 -3.08657467861604247580765804872
5596.22773668209749044265287029 1.90565955078695381920981755978 -0.580904046300764393869550328047
5596.85661682959834863357717062 2.13654289224701258544157849034 1.83650966989980069282919425456
5597.84176895521861128085245048 4.12802197276682862643430283132 2.28717651613692892145950165065
5598.60600681281079856862693222 3.54832121372273532316924345004 6.21563979958302641073455179971
5600.16215030978695101764654997 1.82615651628470370197739982194 -3.51302573338530410616069442490
5600.54974704759045522471556757 2.42637894549311653120813831011 2.18790131997760148130280725294
5601.30075096657968303450921365 2.03524165322928344169934497886 8.10043787401808577199898077868
5603.08136265179467563651161227 -0.0652732664738393075929810550311 -6.01579954830863819654638609910
5603.56484005067741238045380565 4.19197432556665509497512923557 -0.345536093819406313526199725214
5604.34725434950440618390518940 6.27711389693625621723560171131 2.66682815740464395407777470397
5605.64465418744733785289904892 4.51477634380610139153106875176 -5.28283767966673657311140448640
5606.54257954589878394471262684 2.72844359918908367516312990767 -2.65719990607201308302438607472
5607.27317871941343405151835866 2.78567306435098722623414543924 -0.314374320420462933773254906713
5608.00540350310964563669472596 2.45496833289442644238846166405 1.47773981229972350666995742466
5608.69558216380705264659341897 0.992884914242187621178225954965 4.20367743416710408768257910047
5609.56389592498194735175231334 0.431167877432721404040542115014 10.7380874858608439300777629642
5611.14674375371264825692125767 12.1064787260484936123700133308 -10.3024449289812964612426552645
5612.15711464356210365055210339 4.78905804859703514070698231368 -7.39441905609439577171673549050
5613.12140028154365293130561461 1.75362716403576458201471804737 -3.72292460617640288071021678841
5613.72789699674625975811880086 3.27971176399397284490360632530 -0.162741490835871883593303756813
5614.49228791693374996337552123 4.28142754711941554330754993302 2.31086273851535868132536132613
5615.74102643799292161059662693 3.27489403412265225598560688784 -2.27078037756970086424226330755
5616.25452479616483554768400070 2.76105416280286557621269577220 2.78980691809388244328093678462
5617.32027143755189389745218242 6.61984801403495467273710944246 2.12750253526933818524095524298
5618.28908957410252042195787956 7.16890439909959342841562756905 1.16127355642537517423948393087
5619.26808201728830135831610719 5.94370896390146953632933231582 -0.145218046295566396780673580483
5619.90239451933481988439855937 4.10539700559932327407713113824 5.88559867030092223754424875212
5621.02339166096344241165140670 13.9898244002372606312660381695 4.23589278716256564681771456187
5622.48860414226709302504031422 0.232623464149203269366293736619 -8.54294579367781381800008489778
5623.41362584314574318460773380 0.0548050750384212248817235218143 -2.16984744194069526040226015470
5623.77712010669386078674145788 1.84336061975106015740486571770 0.695405329299500601826357281620
5624.75557913530636011250740484 3.73965082551409828889249609150 0.669132878965562576762770184534
5625.59218474338531797110103685 3.87629269494071925659486637603 1.99537959847503314239576885566
5626.50224271186495241383699662 4.29685774179950004662869573427 2.48320866291354585080687764246
5627.21318720819346852175664724 2.27431978018794329866393716361 6.82910224541355222624463744056
5628.34846244415872332562533223 13.1927539806041023041967496275 7.77135977182982409147847217466
5629.89064879794839079241261792 0.0197055811486564035798061906143 -6.64322002194928781690973773787
5630.38050222984303113006220989 5.08475897522682610118524347671 -0.465287132112722415888208705615
5631.52028803964412225289737347 3.13339624269504165529455702085 -3.38433825646045262238919429103
5632.19746515543890617104745851 3.51554735795300258211200187153 0.0558297219941405490670519447624
5632.84710000556717778152770950 3.15373154665060864403494943952 4.40287765816908862389931123285
5634.37001621193875601119251287 2.44209541220714757323674145045 -4.63703135387714613185251780409
5635.01625080758405328665075235 3.40921531435610262091664966669 -0.484885119213116052856677746129
5635.92947027448680668596492828 1.91552647050496637846888357022 -0.200243127893243966266353799991
5636.23669448152715657867179613 -0.973434568245570372273830064204 2.16686499844346896231084535290
5637.49023706251819558510159606 8.64236193953485805621455066130 10.3078517969985814477290811124
5638.78871445792316703924746081 14.6951694737536785342291856852 -6.20957763085920981220382621622
5640.13425259161646601737725102 -0.789103815541393712171910780825 -2.94240392982858482827212272903
5640.38571096642189439197910892 2.55035653057753071096140545212 1.24407659064424591161570107521
5641.87225076849685968419291736 0.386107006527026426458101340648 -3.43216444933923257758007174233
5642.46339909784227342998244359 1.87020284435488183808727100387 -0.634590589778230004055776591049
5643.09331944058216451278620234 1.61529571084387078621759870843 1.28672675561040270902151724555
5643.66312748779155415001295205 -1.22880475894108226757158487892 3.88952444553856691519291735187
5645.32811741493782904665359845 4.84078881937713393658411036101 -3.62709376937660470305610184496
5645.76901609528087312702502680 3.25280754816247592706622768824 5.05853744933679985969449940516
5647.16157657346779993949016783 7.13297264010917220098795820468 -4.82162492115752884077660094864
5647.85720697679551397647692118 7.58170004972080642767427405551 1.39263134102900921852684929318
5648.97446299307065653516668616 7.02227137646069517718190265678 -3.62130601650255834432856746423
5649.80075692536134062843328555 7.06040245277730945240108494076 -1.02749880975442815656513840302
5650.83907523286496533117200107 5.65977335233715460898193685438 -3.34687316705979250132371339571
5651.88341846284509729942741919 1.74974279638110098824289856839 -2.41670867976457221557633683931
5652.34547957918737021412701820 2.31159129301416460498572809992 1.67133878186007291286257442142
5653.40735620533951117109098071 4.47793035009695355909115341471 0.704922555765687934541568594995
5654.19215137350891309329622748 3.79198222935601322549583616852 2.75645621344774712834862367268
5655.00037276249333931659710026 3.44210185628534356541981486696 5.61999484566510339476165625958
5655.81925262368426706973073113 2.61072962337677868097790940740 13.3473790176065214167567348226
5657.86673871588368899249494320 -4.37675365521489008192663226787 -3.66082281850037043740817523661
5658.41124745989484550687214766 0.954565228898494280665239287712 -2.16529536136302529374604975095
5658.92121588858387886546539665 2.50263557652531477075477148203 0.642597283024351574676850299873
5659.89441287265896153301166190 4.00031609358396861573452673348 0.330799271053585472183397283798
5660.63042280274439298995560986 4.00732362578931606958799357937 3.51776036654201809882290108800
5661.92969676116533527425057355 3.89209227999910229536103899872 -2.42822642377439535951663075591
5662.45745114803328261874242726 3.13361640015414961659012094959 3.15283604543168605855763604051
5663.55724824899733868486130357 6.68503529457970939368753045228 1.27617052047454145915771004910
5664.33670825630043706983021368 6.30150342097975043364009796510 5.08016869116883972334582037892
5665.46045980187587440921768656 10.6811078552013303594760389660 -0.0320859302733367286563879999921
5666.47261577843150481882940524 8.69122385225795362195922173534 -2.73568304694028685414200529444
5667.31617046271900636043022423 9.21837509743600259100142289239 -0.307504836420436578615866796286
5668.52531560932049159327732149 3.85306349266622061512006473623 -6.07653866441093293008780445940
5669.47276790027548979587558993 1.39524442179025993443462372597 -2.66019860535033209388576070648
5669.97856381366036762804437159 2.62137692067854991146416655957 0.906292662279591511506627414166
5671.14965906822214110210589845 1.59392557924862712244713250002 -0.892182080828110902922405342985
5671.47995915430494140219427022 0.117659798130422807244347344946 1.85367897437250715588901879830
5672.29095489088822969208789798 -2.32456857634886384878620542563 7.04695666251362929837291303833
5673.93715839705119241693166645 11.6227914430452952195403888064 -7.46127643416448394951606033226
5674.81499512554463751797780041 8.59381935785090520494117558589 -3.79981024926222465959200861532
5675.70752874034545771147307137 8.41865654591844215538677063509 -2.71538596547020299479886569611
5676.97253652275957177983306182 0.314078356893654541029394697165 -3.28078727123727162546037609792
5677.38502608253997571973160767 2.66970992625776198505756549925 0.717258728725993049206741306888
5678.34790888179564535805019921 4.44010493379226472212452038296 0.567628563862514687187101257825
5679.11390398479181985163052869 4.70342727421721944802850555146 3.66417026483412067430076592229
5680.33904505308379882796553785 6.34567582934436941465310122450 -2.43362781102399262672280072947
5681.24156513718709142357406844 4.20890859353675687369319860163 -1.28506459769249124048512560164
5682.09916992470756723733446091 1.50348800608668183865095226461 -0.110930544525370204876160510233
5682.28815014684666781534774181 -1.36514608943215870835754244763 1.18977040131206420310137169016
5683.97050904329565661471647444 16.8067028785625634707762465724 -2.71064036162752943936064423448
5685.12379348479152288069366963 6.48000162877607383959654770047 -8.94531341573218231657178726386
5686.09354122554215540411157572 2.73973511918619595190190842800 -5.42607054837082106621341279464
5687.02451973112485466552823598 1.04710584225405703077982498950 -2.22346480157977511824105974887
5687.48185654801074834221704146 2.04711420584116240091074886057 0.999300764516531000817392454630
5688.36384447002680157685712986 3.69377099851431992875131434922 2.49104391447617681332660894418
5689.50863178729722662704076320 3.50457038168535823065231900497 -0.573343995420528716638285602927
5689.95269506155268460801006712 0.419920794745574029220209224054 4.05939374285787358809323411552
5691.14094577072416162870083124 9.65266110922660330185664581348 6.10699569989336537157607511662
5692.20521795883732682190665109 14.0196973011525170182828847263 1.15840660350959829724778948555
5693.58960869724863262569522693 0.513089080606146392283701109779 -6.27366243595058967482777382748
5694.31196652828006098017423107 1.44966607129814237993323049391 -1.51359894415550721133863339577
5694.60921746829710680557048402 0.615630944627175700740715520312 2.42903733955705264952605696765
5696.03191737201264538995719803 8.55498981300213680071730109642 -3.41483628157003633955688692172
5697.17204966828515652355551621 1.95426809705913865759700134475 -4.03947906752519501920624979346
5697.90207962501869225118651602 1.97258302814305703106687854351 -0.987965306138328597451433652223
5698.37474782799662138644130868 1.24008438839560523649063476200 2.25402579802739410734280685946
5699.37299319698924796835398691 4.29546558115165763732672616230 4.51509459893398242382913854899
5700.48101434811587109910266922 5.86549298480288278221152934178 1.06078486542165448375219555026
5700.98387239557574479317597449 -0.297877013579315034908888311483 7.96866487414937965993121437479
5702.73281144534882768291672340 4.70279984924999915784082580587 -12.3135135949309381027314396465
5703.61622781155833302519824778 3.20152859404345891303542157543 -5.88849901627264908859852195155
5704.50584061041598463155994236 2.14808056105257869104432985150 -3.07357571419604811715343859956
5705.17792710799648091229953537 3.10342770595166366699061804748 -0.336733785568366462609206390199
5706.07741432669022826952768240 2.74007768902841565337426539139 -0.0817910231679341928924994690799
5706.59607574801235830660365700 0.803543519213100951275532360229 3.50335443489789799864534437717
5707.76865225134363887278306922 8.12926126625718699374595310784 4.37121564313736636771175748703
5709.03942444366617285699657762 4.05681666463281392863098722131 -3.36998351154885035035503643625
5709.52036913219674868291411066 3.47268184848185494679992137543 3.65024853177551489461351044897
5710.60174093477090094070377991 9.13866223454623138116123770106 2.51645106495104866221943151297
5711.55922496929348204332557322 11.3301325788937151927761891021 1.70043250588714203478966765075
5712.81587122832883394736731566 4.71396580838566452756383461191 -7.18064304773417104834044880903
5713.79384410106111496993358443 0.975508611121503013723989887685 -2.36507217973544604465312202014
5714.09975469589140787320175721 1.63829355268897351190406085713 2.15128662071039029782882416953
5715.63364435869309127326324415 1.62786999576840078637999085605 -3.77446034681865107575932882722
5716.33356048588352338370233598 1.66324550590982860516868392496 -0.715664775543939137273102453029
5716.75027915226125031781060482 0.539251823787514223756222803338 2.06747043744363910232086580390
5717.77149660287577014262463671 3.09938352616297561677723720600 4.60392800892315768592478287275
5718.47233958172118215934278853 -1.66940579405016929812818794069 10.2485055440493562103095756174
5720.36338999922795189957697063 0.0224771929755198976551620249081 -10.7453196505054293578203232894
5721.05053473196575081003448677 4.33762277535994061781898405360 -4.19096526347798595474001048218
5721.96432348625164201849199528 3.04590271534497677855791920436 -2.78084675947362243279335664182
5722.59135794780258725262422393 4.08333267676025538579803097811 1.10932634199554990001962044693
5723.77904599377615434003601642 2.43466997503626028572431815922 -1.81207855188527515502975792116
5724.16335793543410793136462460 1.23959199822699385738253577009 3.11719945963744498577411495342
5725.67114091532103673048543574 3.24182550540326763473924442662 -3.36237374319074858837934813862
5726.23338687894728380425786273 3.31933222496349791984461032976 1.49077846014643600899902157932
5726.98874353599404245764609375 3.31931919383333317509657301528 5.05576074052626309290411129924
5728.12070025425698233517911066 9.55833482182073803619288681838 2.68853059274860900112773510756
5729.15237685310999294415084983 8.79409003332612618420824525007 -0.880906850564531793728361556670
5729.88319318722489151661447891 9.05269505317618083259624959359 5.56661568994206271774250689871
5731.34786211528419017781175363 2.57557517489331722664938673609 -9.22263458652585537707145368797
5732.34118914718544975148047351 0.0872991607597782271993074798840 -3.04045139906436258481500333175
5732.88209317983695285552372597 2.01612551586683726116997973832 -0.501749842968106156355418580248
5733.59996791007669418410080695 2.23705325206769754612331873410 1.08367063148069032641147271482
5734.28909268658550333899469829 1.33422113004234621653768285044 3.93716605987136844561707446654
5735.44899242015607171427218343 6.92941883281659394991619178688 3.19863882528462646179117343940
5736.32541694750827824727821495 7.22634966758557460427842452946 4.80634378651269311184953770963
5737.25526108091940467907643538 10.7223231287288430196358722706 6.71113960663651259080072473158
5738.60981984182376301125203410 6.82142244755635223880949806474 -8.88725226753012947596249682257
5739.56963443231971654177545624 2.71997255761477860116768144272 -4.70005604839069328028584855694
5740.31189479923197733654183393 3.02343715451435491036244838699 -1.40385204098390544105783460677
5740.86537218146090967422398504 2.91223281126788871599804499192 3.12259561880438114727032395632
5742.14669851328806783253115347 6.23272528238941125778133832596 -2.67898007464556541125473809623
5743.00606292209294573185377555 5.21206374906844268966110042599 -1.02314759301194863045893986656
5743.89199355573729649328687857 4.77109999140271808564643829439 -0.345823401674472142655033392452
5744.85753042718723994621631808 2.80374240953811121816330501383 -0.633825054853438481368332291467
5745.31639504286077378711548697 0.660341002759701450234166897636 3.01158091883469962554523533845
5746.10503729398301200545289762 -2.25427570558110280563679383499 9.32767627365577877725512266814
5747.94435126719117039113732802 3.20940836540649337898405272307 -12.5912444298284937255308676654
5748.73762132878080429364861232 4.61278403131896624982239285300 -5.62784976439977771699270350056
5749.84004559837690435383682410 0.122039406778450072919111928742 -1.75308988629942218256353107585
5750.07241894111382983747072237 1.16533142560724779771063181413 1.32123089582308557849158172688
5751.51067865752359044389743488 1.87470687846345779483699279965 -2.43306502401074730370733818841
5752.02258045423466016737111342 2.13657877708049000511479952664 1.11740630617574839683330892017
5752.72535341459873159578833892 1.43092309162975102416897485465 3.99916246146688024014727817834
5753.68843823230905172556229152 4.68674754759901274498081154789 8.87282889476215747883414062385
5755.26700149540322270271628034 2.23355720294340802980866231364 -5.07725544323633688697323196971
5755.66676850442113270563207585 3.99612765645987894855114946812 2.86507673496968084575866409175
5756.76476847189880784524581371 9.78267799639438411353928251298 0.189279026203149725844721797261
5757.94200797797063365811919531 3.91427232538050579040032174857 -4.48875130705566042732096441173
5758.47534072691799566790711219 5.34641347753574495152004536792 2.70998511390733162786863725630
5759.89668346530930361535167749 1.77404000000111368983917311053 -5.10810323992289309209416259040
5760.64610794837168057471326692 2.01211406398029907654138800878 -1.53215231863583818162918216707
5761.13164505440801573130799976 1.94381103910636350938452292527 2.14635671891246319937622701330
5762.45190674117929354629711930 1.86368010840039843131643361362 -1.08288250229808245035655755747
5762.73390745510363072350893678 -0.187422067700134854578226430443 2.26304848634568602032740582898
5763.83228094639439896932754340 5.08032761384174467079924976146 8.83212811106399560767200449467
5764.96355671508797799501785768 15.7319460261710723003242977883 5.42118356007182849880834788527
5766.30538909020065953702652870 5.64716986613001603175136267549 -11.1894311854396713126166538880
5767.38291892268777260239050025 -0.274708151594189202196315804534 -4.12657099061168413434457381416
5767.98509580608153048029962335 2.12418232849776819908686108308 -1.30160594399632266897189719263
5768.70811130726891906550075262 2.20688307107848377075513288145 0.278528318184338175766368042339
5769.21737948994303158371977876 0.144062633056127319801701729656 3.52322510744726904377055503978
5770.68188699237290229103627492 7.74504731209180972722361012612 -2.60372105862462117389370757742
5771.71774297269557573135706253 2.36843110721373101305317096971 -2.06229586958458042188898719589
5772.11031091359072954758993505 1.46337205075967203257027838831 2.77796497162286331212810068977
5773.08598622319935422230190133 5.45319844534975657772396484239 6.85825213374273629428495670867
5774.26914373622066154314421759 12.4568350271121484065714293950 0.0519725450846104727499512466463
5775.40490166643381827895447699 5.99516833750424166170499267584 -5.35540547083784014037133840439
5776.05250987095789968956888111 7.64310543328666231711103350428 1.57328194653904641663491488494
5777.40007638515051554574235838 1.84929715319179841933577791056 -5.62387988969886968903248381997
5778.09112175638353590669767999 3.50799806490078003111463481418 -1.77895016913697858700206258021
5779.00520110071335386524923642 2.65239502792522942344007404975 -1.27008862984337765347974356462
5779.66155549087289738902809714 2.38479117745878714012677762458 1.16813234718968395615839265582
5780.37859720356620127176795608 1.63141748107869044351161914184 3.64950000992789846136771941636
5781.25392195108590813620633749 2.20494920180475930461923886628 8.10634567120669992174201110544
5782.40046679472855508046093532 14.5603418223984287439392481298 8.61856485970628398800805545822
5784.04843251807901347101916215 -1.84093437314226657007867903740 -4.65356767582663507406319553108
5784.46846731567479663051992806 3.29791021972511412713753082344 -0.804539731482403552067298941560
5785.21289453442949523477145419 5.26185517854698397774064968876 1.99205849112583617654908349659
5786.49357540143161824411372737 3.22749443281474389358713787119 -3.80249704414064929165793731887
5787.13487880005665674430970691 3.95255828885198799792368025642 0.340712661509971084299091578015
5787.96944094472351718661195808 4.92844391275561251333710197066 1.96501011292243471948775966736
5788.98579982503477967928290346 6.28326759690651013965543950739 0.328790080129512575157051894254
5789.95435132114377380767139077 5.09092717772804810974970979133 -0.571312674377634310231203686296
5790.69226703069014574748740431 4.33828495861354247220300082805 2.43411113980308689998255590928
5791.54697621749347203462832041 4.83461647697423735544648259840 4.37638422583509705729722349639
5792.28959363521060305926680347 2.68577134666648167977372700990 11.5647295782937362022494560780
5794.30190778813900673943318132 -3.25688974441860817081772125146 -3.07806420573117207222082604631
5794.66878159615198999394532334 2.69314754731362983806324280261 -1.45420836189194277463848539457
5795.56393973783212143703675741 3.59648397771162115482892473006 -1.55925092494894598825569096644
5796.41904066917473745912249462 3.43345857267158789784060083105 -0.647522778117549502893770496933
5797.21783923613615801189255980 3.13098217585955403401900557856 0.727870058561093936165073581497
5797.88428219343183056790202461 2.02819851761021906399373458524 3.93612614099443466448909402903
5798.93966425474410547312951719 6.82987354700939050540095578795 5.01965772168724740116784856992
5800.04103027436518398150531959 8.25773785243170907571382827402 0.128220743367163133825635704686
5800.71927732053811324296955821 6.74715619095026422531833370386 7.55238993250516191534752818231
5802.37171840720998100305204168 -0.445534475989142769978233267441 -5.08487204658891574996567352469
5802.78113607459994041640231985 4.02503733931759442412356600009 0.345432232581219014240671193316
5803.87120625807569526603447706 3.93327828112262516149166682615 -2.12057404478970873664418108675
5804.40940903170579563200481296 3.61356129336775714894867739080 3.79271477347072017893961011630
5805.82018875375305698578351062 4.60469513145052521897566928756 -5.41026604007238851896150290942
5806.79866100881102586696220613 1.28947705191797377507157871373 -2.32806612703130870849126378329
5807.37394961964827640719629294 1.52802054458136211910752272180 0.172330170912359158140422349147
5807.78638338840162185418073040 -0.627752867668791148122317528745 2.22628154885877660170227133298
5808.95004954697389497684430784 5.21604763815883257420282693188 8.37524578745086428995860371105
5810.03320319133504355126874286 13.8297571310677969929147670496 6.79602605935965406974500739576
5811.35682117859581219415903530 7.25204624944651728434971935156 -9.55423950677398940309996951482
5812.20478829097682829047675004 6.43861881917467297477257509556 -5.16050558933263231209034076892
5813.34505156653139287239872818 0.513229282404704419118414302934 -3.57019296440054321147730163874
5813.94641492901670450129746265 2.02584146501079203970432059735 -0.716864749137582534636650350729
5814.49932731537987809951179162 1.77749255910407032848257997255 2.30184577704762739960635153343
5815.62471424982586074488017213 4.83086624947735501683799424069 1.03697146220160995437050741493
5816.29567020282267772756974424 3.13561146166371007596453728602 5.61581908565612907090515542976
5817.68714195580428518792567374 5.71646629196640595965359439973 -3.49835783013765668408155460076
5818.29215875706527971528329454 5.17284925306129794456992303547 3.00331838940914743452442551171
5819.26387366071976258127773446 8.59443606190134350232023431039 3.12497578594265126278276708943
5820.32307248364642718857387704 9.69971175084626948297718802645 -1.24280562641076492929589174098
5821.19958031766538170639682162 10.4767533252938669579365531195 0.212820836539317932066447155109
5822.55493236192865670897340647 0.554901419201237639785543131878 -5.36018215862900657992171572062
5823.16012059007173506681250831 3.30635697701995278905559727950 -1.37175458851335699060924134101
5824.03444619602988445918616276 3.08622265795218576600455576700 -0.749645329182314881388178685786
5824.64407075025468937901095375 2.68885121776335272882537984649 2.88660899254198271739884034724
5826.02241768547687332221103305 1.89680518185034152522153394011 -1.75312371795271887125920889501
5826.43716647317103977496106638 1.06016269763706827121263187865 1.57624670747832792052340404545
5826.89431362318237675427504984 -3.63479893949837574348904543957 2.39692828901653044418740258709
5828.89032295699334500706295308 7.00852975316275556801975635934 -14.4313388122267754838831537455
5829.88439734204815583899832956 1.21630658152346193273625446454 -6.07694061189355959568495353986
5830.59103434644347902273244485 3.05832500230475700094483790798 -2.30506240135584323540860186454
5831.34861982855817037733832339 3.39454473328399588634656065172 -0.315191736931289875764804027062
5832.01043799512538226548856122 3.39511685935343490701919303826 3.41176055035292227081162212641
5833.32074898773053476623589147 4.76071616310812479931519405662 -2.90228900043814872694548296311
5834.00077132614077490983439387 4.61159472164777631593881498647 1.27950489402563128280889646939
5834.93524201862124428121735650 5.70367269042672347704555777184 1.27132441581089043275451099080
5835.95259752772467424190655507 4.03622348822458061693742832957 -0.467503921926288399013400966714
5836.40977579347002437863212245 0.526347650884119004279403866721 4.91494245432409113442055684188
5837.69481693744039911204538702 13.3664120717419307635272553104 2.91401686562415579752459845734
5838.88781177063855417801901795 7.61428455011583571849734923502 -6.68373812744287786579756061478
5839.65714888960489425608535858 8.53594702100549527873907207091 -1.79998377196691185114697192885
5840.87074578008228640670865562 2.10729449384172642944759346420 -5.64459937604534964238933765205
5841.77324469656785075542685692 0.896425877001610923517437352369 -2.03636365402086929676433361225
5842.25734726106241682168445843 1.74351771584184233546512679629 0.599281450275825090573095805629
5843.00401616360113136137034808 1.80370406527373497915761171000 2.37316008881778588671018100164
5843.74550405707449610593516184 0.253460349825640293075212946627 5.97295205225874762514887212884
5845.04354077885096940960007701 11.8614460432830804191909444704 2.82367286770561856439266866671
5846.12234647574079468795870361 8.94726841382882058748017970343 -2.88407609325076760455329626253
5846.85896715362042288203590579 9.31236719475804797794432952171 3.00459331487281966696060924249
5848.18298741537607609636787060 3.79074716928366241084482174850 -6.95448835551395824838212984540
5848.99695834332839955296829627 3.27711269493762889482389574628 -2.83008128166416214184302793440
5849.66151737555267767474024636 4.03370867930256557908921780664 0.641569218448099146369012528522
5850.48926813852999508826837785 5.55558810731248322798799583865 2.82158496963964760053864479906
5851.71105975989536335822306684 5.40968291915312607711594704849 -3.42839495998339254698623588098
5852.66814558845968219778283850 2.09349746203758704558356961744 -1.74524969116937282182873055221
5853.09555459494091171518150011 1.53465584338100828933580188402 2.31608174387756792139717298208
5854.19153997203929184198553031 4.24950305117174224926384660800 1.70029487836942771183260651898
5854.71549177293933421386624154 -1.03277203274924819644341759903 6.38939485687239918892395019875
5856.09422889392465741109590389 19.9204873064634568460201895364 3.19965061695038592055531482933
5857.84380934143885555254698428 -1.95505339850326395695664731098 -0.971208329587601399970240266541
5858.08335830946399475087206212 1.52088339239459739576373176195 -0.568857433483832188139499591663
5858.83395306009133991078089353 3.43103340779713576028580857568 0.758160300103571363195585765104
5859.86139725198208019122760776 4.21271380628959017158657695062 -0.652725412954461202781057140108
5860.64938299976398628785046426 3.88900640601358784123144918747 1.17630985767638590974553363519
5861.43486898591713922672742080 3.99039477277667607799845233964 3.71488266567982789438193271835
5862.55742829767193026621349191 5.53644372372881277498029252704 0.293777073494731880797836120880
5863.09403851330020364108668658 1.47459533376514510381016319701 6.88464456715378841200634506241
5864.65676360640008444086039009 6.82656685348800287506584631321 -7.64826272769867055005170188840
5865.52279251062634311195909143 3.83917550598376625876584369403 -2.99101643325622200061250252501
5866.04023532460614505541418798 4.06177156232074039089566744486 3.49361579283439167759339621604
5867.20154698137791979918500509 10.4220064204539900079814245284 -1.24888728104538756774986188504
5868.54366097469438684304148965 0.0133726721306209662917522202254 -3.80056570019402816590103004914
5868.98691703496645888342130207 3.00267072779783506377805788645 0.175811752859107750459429587548
5870.00899185574083257932693566 3.34975164550658835806153193613 -1.01874720933348091239029529287
5870.71888464786467214200356648 2.85598624036711155033074165404 1.27059224559599695448109037852
5871.41972449756317391942678550 1.81978038010449281218743274649 4.21630732362558948793557915142
5872.40279485628976087137402881 5.30864850556851819887606900601 7.31179816122742058790422860446
5873.38759370641478284960242925 11.5103590991356061714753399745 10.0197944013218960856410120245
5874.88158820832343175526366096 3.69763361982506021397845882154 -11.2000281485890520664624119528
5875.79835815429125503617483297 1.51433260515278046106253562845 -4.49688911266362943320196780219
5876.37496362147243623329014445 4.15523545681142308564095637550 -0.318884538065543562461134259217
5877.60974860666830384773526601 0.752084264544079040141873311530 -1.71974692459476626103420393233
5877.93329391948930497387033328 1.08326087827877259458088331576 1.30071701156852833861377046790
5878.67621447865466833514453443 0.505746992604083352599433542072 5.36122940170290590486860939904
5880.46328472676401601872332435 0.191642103697827094036385814277 -2.51235471363305384887837848310
5880.70956092762516189517289389 1.54937062652544025202658028038 1.60964248840708709794021197723
5881.82502412058147257226660942 4.19015125412486439034577234119 0.548930845047156482437428618814
5882.27051617243772471616357052 -1.01848452855332095515706938815 5.69132265324770429119483153016
5884.03282624493641843835020834 4.18938746724960234149623615207 -9.10043528513870426038066973143
5884.68425004796671621302121111 7.19296049813661549108247015967 -1.65654447595789974677147802822
5885.74473054039617880706286382 5.09755650946609951413688393541 -4.40669074979075113251159844110
5886.62119116503069923108930574 4.13363302326717103950743336782 -2.64852388924168095569251516771
5887.48630038868037231983899869 3.56981483011365534899113182174 -1.45925017427836812945700663579
5888.38757653415682887777099539 2.11814228126049951460930160087 -0.725691881167314491995618013654
5888.84547052166869816606744374 0.779488970483816744004582147843 2.30622310316439209212101293394
5889.69829183478996247254215344 0.686037653267380135080380821620 6.68410557368987652160123723999
5890.84268935755741360891537892 11.6451023040327957768388213312 9.69858012566621024210972841834
5892.22584829350913314816951661 7.80563839487510915432612989104 -9.77010860365111024918803086957
5893.12109167004842915986282650 5.01902121576825163458282604199 -5.36230534952894820191075355573
5894.08561321984894220588160247 1.89032399937739756534535651707 -2.80219837991015780948899761074
5894.54441086341766298061155366 2.80771833090769850862532216835 1.89740532840520700102708116781
5895.55713365195927494681261221 6.97255805081614338197244963784 1.93231197401175205810894056813
5896.81462587413313005164273093 3.13493946928624201535644740852 -3.88081791576618387280439255564
5897.52850839518075329733969268 2.80346273687156817714046294141 -0.547171153974204969307001569394
5898.04561559284613771814987547 1.42615762415177676195316147921 3.45362481131339947043996150149
5899.33529440318338526012301262 6.14595206961667852395512331925 -0.572608940934816002020414911674
5900.02613076822036643694470882 4.56471643988274437867471556713 3.72451166431237024352917703487
5900.83288379579077063665308741 5.03807454369037273445238676311 9.09430294649470552564354884507
5902.16066021425404519341556475 15.7926606217497159799141966637 -5.54874305355594337153577796265
5903.45910433616580797294026368 -0.518988354572974943191575030741 -7.44343356006251856093622207588
5904.35922485004273792708851972 -0.0177411652702650091088817653090 -1.99259618966656973940863353330
5904.78664964902934987991310324 1.48635633444942847332015959900 0.147485223269878442140114281839
5905.37790429696418301458564217 1.00546752805548532070095990338 2.72002896267402949200691172123
5906.65429483434670062175876734 5.11234540834920883052252897609 -0.0545753535564663813306604131259
5907.30560448136975533780335071 3.41007452944204758872902733501 4.31032568625582540718662270640
5908.30413037804493643829165052 7.77539088410249351855359717784 5.61033282837856725495741071456
5909.43231600465336988810281711 10.3491118503180283847588828098 -0.989593347516819789878769896112
5910.29742863924611853235645438 10.3787365882530782233724824187 0.881857040841247042217134502369
5911.48917657697448649480303099 5.25185488766643786365092592776 -6.01949744189219811687114560704
5912.33241222092377749871634097 3.82215645290749307074253304806 -2.60680018335811093079930858075
5912.93529661250529463174980631 4.56879139534280661544815649453 2.37315345771677726300393740982
5914.11566654165647207059761167 6.32891797418882735966176680495 -2.82940910056671396480386507115
5915.01957675414438360603842981 5.06937226494755452380001537319 -1.98657335296023828739940832956
5916.08833258069001301925709813 1.28291594906303887157185079647 -1.58721175620875064385165291707
5916.44116912799757959171114840 0.979888476296239115875789240928 1.67906280274469686845368874817
5917.38089096815520020762057185 2.47894603170881683885838418549 3.59148146534738434643566229159
5917.97541796073666953561708184 -3.98279525578767724977393369200 7.25856664685639824610179712062
5920.05555086900454536687731708 -2.56402741085224232889098854204 -7.30894486619106562012377436723
5920.53847651150106778534754091 4.67289011788741926559129188439 -2.08789648729582205127652911612
5921.43841856295429296335514910 5.83978881960902441590488309888 -2.19930692202248244590396415940
5922.55208008776375375045744970 1.81299197602291476418509355414 -3.03328703477142096085108154134
5923.10648052755174551396149081 2.89621788869347496366927227769 0.620526180088525009908197297442
5924.02391820591225039141875714 3.37899105676241528095119358995 0.723649145387029810686564165238
5924.61256799704196453540702728 1.14384294844799143715958104868 4.79773541011871344713310374089
5925.98265211232412650800289405 8.31013216699207730865722362276 -1.80239187155567087655372524786
5926.86780689763150629097010841 5.66341476543827573197096349984 -0.587322171675054450172581050084
5927.47935643386860378934468947 4.12274562670173854738679490569 5.69118816947974981125418489543
5928.89916198459349423114561235 4.53403040906548652523268836627 -4.45921592256457985620998439006
5929.34538289749249208126831871 4.39953791838822042594375671199 4.87150028818106846936462008584
5930.86036289444514731217310163 2.79956831813936956065875979433 -7.43984213016161505362659088625
5931.57013486440530802209489493 4.83029886866230272412952365516 -2.64072423110858058025042402289
5932.73606554743787663136087657 0.376727376383254048134334209381 -1.69570050786941566266340623868
5933.03353655958204728851761931 1.15124701493627252661612983179 1.11748064092965388356700736847
5933.98789804351844626089883819 3.34718716686261703760043302276 2.50873531903553664223237358753
5934.82998130731489396450439193 3.84512674504775911502413037084 4.84915381168649746420539951023
5935.94834732759392396203425011 6.31104825351592461863654373408 1.35245013484625722025820024761
5936.46514732921385589050507072 -0.101608114144575348946556189855 8.74605462822747887644468385301
5938.28767998819927186617179362 0.623572127175324008383881539509 -12.0777297745319627593040500041
5939.26530326680717115818084716 -0.446313579507515664646224473189 -2.84036287297806268661279636817
5939.69583871139546807472480834 2.13207308025333099752819127763 -0.128010997811547377893369087898
5940.37909985313209379399745489 2.81296977213971647271808022310 2.57319203103735783512374845028
5941.44189480440614052483145623 6.71307189962505036394743356842 1.65351410798640893877207066591
5942.46773615384557713011173562 7.02755257523189586868272775691 -0.928713057013769540723152016898
5943.54397917450153969971850110 3.01504952833084133897080111580 -2.42351743416766053386606941155
5944.13024662425800976667037797 2.65662149607600978694986737666 1.30272809236267237654912632204
5944.72541337105781029863345240 0.0647388790606802381199417264713 5.20811969973291779097380837756
5946.14333199071051650675021813 9.75954327334807247790871372113 -1.55682726676929832984293173808
5946.82006265299982904593494111 8.61412232068717076728735215452 6.75055002627299556942027481159
5948.30161386944005430405581006 2.86754500819256353654058258335 -9.24849281356034096209321349831
5949.14242631263538888151191198 2.46504970839556123173457299212 -3.92150774200025076239484043746
5949.77770635152247526117668628 4.33143463491283323193839706545 -0.194462170247753630866930530505
5950.98908439299279003060198736 1.19998840817274967828401741006 -2.11276981938577457002211753547
5951.43012167438641250729688970 1.72430924289112372413341456525 1.11991107566334335122781852775
5952.26190258462773039570765051 2.21615659914619043114460044310 2.61234400916266044930204581928
5952.90261876810936206084537826 -1.54796622417859305673359286020 6.25979629139082273954897273840
5954.46599576065619757235772344 11.8919224222358769605091970161 -5.06702397549727577232461539465
5955.34213847673849856635396672 9.32126104000726849535607080169 -2.51744679786550398402735744028
5956.36591406097852295885058229 5.44985953370681381118752169173 -3.98023890634649685852435460660
5957.02769294934467417700052990 6.65063639263868917741512644207 1.64690379226338236188787403853
5958.33264010139182550747414779 2.23239648509505007948517817206 -4.25972726212486378825066312182
5958.86645749542500762882210436 4.01836134467692910406691892505 0.915186592803876934185541523062
5959.87651660498023697135600672 5.50982199190242251568525182848 -0.532655089410696614313332070060
5960.74069307610024688753414912 5.62579770123101455161678118921 0.469451586018333005743638963598
5961.78866254750149582058664819 4.10513078831004311461774474812 -1.57880136477196507196579971570
5962.57424588566000737078799790 2.37621041829469855609665744592 0.194637716429960009808098701636
5962.94355951312041737153284674 -1.18921241202914158583420029896 2.92105995646764750338423166552
5964.14653345961987410210579452 9.05575167822459509519650884190 13.3711509595701055286951587294
5965.73650916763637131077947741 3.04014113043506978028993700640 -12.5521693002928967535965410380
5966.61951514361802142776458496 2.05813359894438008407221106463 -5.59862926824470973928704477135
5967.43313323137315536005790827 2.26928847920950711357024969651 -2.66843352416109190517769882090
5968.17891874309524757571874386 2.34915315338012219750772597776 -0.678345374293943746688650034600
5968.73587878498576716372138941 1.80814077363724023731371332430 2.53444964519404618488148586093
5969.77968020667010843244157047 5.64905636995968540332635463427 3.19179288572593041172516396423
5970.84421676673622365066813059 6.36357134716711690087027403583 0.0400752306690597471509386214358
5971.60497154272123014766386053 5.48345162517017181664697901647 3.28475973089027476147715892847
5972.48536840506076118511568000 7.46280600988953268709922214691 5.82635537482962528984878664694
5973.62090224829210107706747451 12.3691230140596708794407301826 -1.10114141092856091695732369648
5974.88621117946375714100053131 1.38966479355390637912106464148 -4.73845655994799487499273780482
5975.35616322990847085858610487 3.85177096088399273717411730968 0.961912281251690100490076598538
5976.14190189253993752905313673 6.15260826161926752576148434850 5.10059723971045768134772340275
5978.02659041928976878030537704 -0.574123776358473375208802866020 -0.323368413385735552337811867710
5978.13930972579006281166465349 0.562412004015525940884442698795 0.0714909061666928372186425903117
5978.83267035279568039805163572 1.59925013322035705277996410403 1.97637224248094280333035051748
5979.86228857808549653476477101 3.88654628191140220882799347622 2.13037181402226438981533281284
5980.59261333337971376824751350 2.44219953930579545361944423907 5.29437720158609440297279666452
5981.50626079934824989151325186 4.96454256727821291343480900416 11.0069133091508966895332431498
5982.91497676373177778050576557 13.6373411341147034604330591898 -8.21706322254277492925232952361
5984.01261564001091090347871340 3.20022223554951743026304432122 -7.44813715165276478773282399387
5984.79281750680159264957855576 3.98450165392381478798623260158 -3.34998851434947152677504482252
5985.66903466988801962939593409 3.26167908366218634152540902115 -2.05661404796299020439407772236
5986.41914520507628991880021508 3.17543636457584973950859810426 0.0203249157493229874783258427141
5987.05591951770267844712907219 2.54397194874496173783141244135 3.66513276040494524611112117397
5988.31384146313519018179086089 5.89545659043438583794038693633 -1.24903568769490266747574647802
5988.97394825078274064775599202 4.99419985800084302984498417347 3.94639665456878956519208342601
5990.29428487358611001850309183 3.49383757943420927140105886216 -3.05425507172010420253338007672
5990.80975514291426225122892416 2.98623756295425501388532444471 2.29449609091805888384100453817
5991.47298543008549757707688763 0.386012422505674562152549896687 7.87305749094895773880773236288
5993.08465361464644041707581225 9.00842718894807412860122526013 -10.5681951467429812933138577565
5994.05723317467500672362727449 3.62642347297871379753991848929 -6.46403806651121867219365421526
5995.02453249448120914407418099 0.869466388545941082288595198446 -2.50029485339659164988547441547
5995.40954065114809957475682802 2.19492970677802943998571007923 1.45290683647050200198853961378
5996.60946553845386665562531886 3.97721059072229138040927037246 -1.63490546483554075057705657268
5997.39250568881581484239739458 3.10239781496598055859942030896 0.202899912780539314106210955414
5998.05291975265554798185056731 2.00273516893597581035574971102 2.74950979877778482165627554293
5998.73479494329139508592299432 -1.18920358784316492910227310348 6.81484559529678285091940217533
6000.12102099837439824243810043 17.6578784831321800665769275182 2.29645686291524768970805081940
6001.49551908992494914750362906 1.00380052655167077839694580266 -7.92641182018251900586817161901
6002.15458963341158146906641146 4.04485811169281026435435635358 -2.56127160838164471250614316157
6002.91483834561866004432173736 5.01664138359748902790821460502 -0.157220964266137982784805786675
6003.87851936519331955411774175 4.98329361019525905907758120404 -0.990591874713983815947400784929
6004.59182072488778312449220431 5.30990597377790108236397861627 2.88641172175753784913902162576
6005.85578494233406360735394665 4.52780014722736864810605948048 -3.79425753118149818154956971286
6006.67802861496248502174238714 3.17261164228073363673568912790 -1.25721040460108431480442542525
6007.32556590760613366659192554 2.64823175611941108620926516864 1.59588298505689620589544769404
6007.97828745778815440429900386 0.674788773207758260177524225125 5.29972824177881944310456970349
6009.20454037958643036475015099 10.8687143586702309179849475138 4.31360661263119431807136655581
6010.19082041043806119994393899 12.7529646139738752455895392715 1.73042553405972734526800098801
6011.25302542846974814046343512 12.5685755801118646601790052244 -4.85644802529830955482757725073
6012.65112263533907952397957327 -1.49997085726276658546558964793 -3.07103861167078295520841676070
6013.04724564555129627603714963 2.45412599756843608871075004140 -0.608369857774946162045655524194
6014.04237316979676853682794184 2.20298197279022937713250259734 -1.25150369383361718289418907561
6014.66386937940077231847811065 1.77994036242436147249870891652 0.953929779524883516772699551777
6015.16146730014128842122560181 -1.24213162939928543274592927262 3.35083028836384772043446417599
6016.73680370380270910580235541 8.30552670203125853938244926259 -2.93242039198660366141284544435
6017.53054289912092382183910189 6.11739103290765976870185667110 0.477386063551697753511390088166
6018.18047452954838078885722595 4.61862391318849917042903132173 7.01752363573281399499171820715
6019.65028583595224811275563007 5.95250916632092508804034029788 -7.73133462785203639786300044250
6020.48547716546745758401987617 4.20686847425213128237208226150 -3.13128066335043775090992154513
6021.07853368498021273130845836 5.24996244546834316945578788910 2.64068794149985132919893522159
6022.49699153704464400284090198 1.09126413966828079673416929606 -3.41394563988814247269261116926
6022.86608675098491457591304344 2.76990761931219090577338928581 1.94910443293286089110562155184
6024.23592862151119481008486131 2.12809516230743834556039321268 -2.96074778102595647156872833069
6024.76582215494155446563099833 2.74761678441389205478588965019 1.08140832819566110113119226284
6025.65298905880426658046060224 3.35345024302603569221081738262 1.70759155189567133870642408996
6026.32842936819770440602324527 1.38481277136538558812262881664 4.87093390500423745864389851114
6027.14998935502482953391342664 -0.555822655179903994428489560345 12.5812990410541994010182535672
6029.08387933623901035571276513 -3.19549968247872537891451303217 -9.90707812106401638879053318562
6029.87133649061292449519855053 0.418223945166636825899452421196 -3.30090128957626627427502909066
6030.36656554526720617968203470 2.84665076073229096112853158685 -0.00983892219573636135859913315171
6031.19055249381244529945775668 4.47693887019985100303443234982 1.42953859176762633859074506071
6032.27411480658376706824748792 4.92061525860565224071870825494 -1.36019274666421482856797433508
6033.14673133133761120769532722 3.27868975105243410902784066372 -0.409524826452939619283443535251
6033.64497720837344364119032157 1.08778567200120564227467638694 4.02040847434251968962951255088
6034.94213262986469686096644944 8.34086791699219534754144988778 -0.0488112508675321097815352002165
6035.78235760526026814324560157 7.54421780081264742911303399979 1.93127580796180090034803784892
6036.73510446416822154665684490 8.33036879472338149738894515504 1.00981966259194384571049431377
6037.62181497068877135861494253 9.13514108518692907129911584540 2.01733096362750059223168407324
6038.62081901011369617425413507 11.0744713887622338290105295996 -0.794613821168795559400656746649
6039.78018846211108717571563313 5.22209585687893327957057286210 -6.73696014693241885274714944349
6040.74792947434773527592618195 1.90686968731439146692486321376 -3.68421964460364202085101499111
6041.39824099325492385517703080 3.15824228389497211704928558210 -0.590746386150649691960602706934
6042.39765223723516730137783234 1.37055181217985745475314629679 -0.705869631354694607099640104074
6042.66864406446300980544670376 -0.286736223105556915124488263191 1.72711855404160214819521963481
6043.99501026897958333128853522 5.63779400121456311253957367703 1.87840907139652004135480254244
6044.55257212393644763385942088 0.179846826633326015920378184893 7.98013934444852843418714343912
6046.18152195420514332852610669 6.66180185495985110288991367747 -8.48012144388071368811654346383
6046.79693239624727902339880319 9.38184341920820944460370744961 1.15929723205505157878010224798
6048.26360736139785174651190961 -0.960148674637510296567541005500 -4.68008414462238410500672847828
6048.95264586448155459764802389 0.768129200408624260752608906076 -1.19182473583226972530798903840
6049.24114299161768134214517481 0.642974939706964438521570062788 1.44577949476866676414421212211
6050.24612812227504704583086624 4.61038847106231033133951010488 5.16277982514223661640804620512
6051.62697103390529549706599618 4.83695906559587945786363532791 -4.59551329372119047395752850163
6052.43973929370899498599032852 3.30724180654516195247253756773 -1.43815216024689164693517042730
6053.06741392432348489717646702 2.81118175804333136477966330462 1.82266756785150501870918547096
6053.77884603645776624503753124 1.68103167633675561736263557266 5.47447674170942578859895836894
6054.80416455804531128508688737 8.42941177077082655974235598015 10.4530561338407358034047612082
6056.26088623217970671844577456 6.79332694955702417058452457500 -9.92782384602321230661152980253
6057.07284211619397914736703207 6.40816366553760940252444965574 -4.56133209291407330269603006428
6058.00087627065018033175011550 5.11394659199891107343379736354 -4.01301980394206984145046484938
6059.13449378575858245889977043 0.295631235040199035105218710105 -1.92618138562468627580424085486
6059.46682872835224735955841586 1.44519951446400887448815610010 0.949481143860215474351002356966
6060.34162759301038468142074574 3.16441711832523860994064127552 2.76001631341786194930027237359
6061.49361982228442828964277554 2.77744325193163264111879023617 -0.276593796852428435662364743634
6061.79391174766737503032501957 -1.41013331219994053371466793486 2.99720752365395513601003460088
6063.25368720772985748519603684 15.7210831834155263832220750055 2.15700450930450179655819705692
6064.59339993261051464934700860 1.58919787303359084314267054496 -6.34726769840519879485094391297
6065.10444659421309587782500045 5.18755183545777111152268717829 0.312004998162556219530282917847
6066.14257393262341107431185166 5.50849385048755928908016677315 -2.10875553779891194920012104950
6066.82993437890997772523700054 6.17065301013521756223361905606 2.71126789064480829164543360377
6068.16535278717842407930889707 2.90495720838430837847531027420 -4.87568706730493355954693380358
6068.88437784792584994276144042 3.26843350354251674529069906896 -1.24071462135911566764849547052
6069.56970988149990897327524050 3.44316899590326801285136103736 1.55255573681418857304872204805
6070.45673094858647397349274016 4.82723420072051439111245380033 2.74372493201195866522817700489
6071.60712437968705386195890739 3.28970705817861303999111283967 -1.00006225021294406317515664591
6071.98703173712809349899290382 0.112142750171332525356615245834 3.73989304202123171709228150876
6072.98693028158509231038119492 4.63067853354371783726641451848 13.7494477604685252960234223655
6074.83575188102221182836887132 -3.31046277537476036012074481837 -7.91895993889469001802676373837
6075.45620988047180589171604638 2.60005046892160882162745612618 -3.69573451920785720836015001050
6076.31958041092764838465081440 2.10304190790649523344796778330 -2.09552511396163662378048322408
6076.89659542875652790023098087 2.82392858758907250700522668878 1.11056393292326142947786965916
6077.92352559785378360935415630 3.43817696871135147542868847664 -0.0464541112883681616896513417328
6078.46425700035878449656863096 1.29979762008471659696270550493 4.18164622601536278689946762442
6079.72537251482437976949970744 8.76256870989145019441063346800 0.668172772579190917691740273817
6080.81759463993486818886088127 3.38919856303330192445563412950 -2.01675959662748123398984582098
6081.17717065293389296161337723 0.869535821904278621769332446012 4.24527177211982699593391297734
6082.50108370697757357294048197 12.6368319649614247572191029101 -0.514793595602095636947137247447
6083.64401675793269465766293315 5.46283715395830097966134891579 -5.95141869950984962131799041712
6084.38300736566092036583330170 5.99316735593670206737119915301 -1.38471672428591561752561366594
6085.23090516235611588308134069 7.09834371696945621240183956994 -0.00288268835226695439800815563599
6086.32555691257851677747535725 5.37906354147249670843991088973 -3.85752317175850279628000146111
6087.27839236437264525880752358 2.91721454303508204355042683163 -2.75269908884817015565790796967
6088.14476807150719416010079920 1.34882011526313839458580886022 -0.909890835418395999432550450170
6088.53754140467828630828657357 0.556665771528384623202530237510 1.42224025534740420433226126612
6089.12861601971722069305903265 -2.96034590974248416219115016773 3.26625673720911813130027155578
6090.71715310707747946382033912 16.0499342637555393966991038017 -0.210290286534717633846810775902
6091.68988176849491234932728083 14.0592161504723674112903219068 -3.08642126505189866851597160471
6093.19233532556751779901373429 -0.610819737066864870760225157072 -0.771235433984829946558429736142
6093.28342681767773312760322659 0.784013773471546971421335557871 0.522368053002303087950007165451
6094.55026132997804158200283522 3.81227129154884757141650824725 -2.76090870920613076311050432334
6095.33119337999696507872168508 3.18991496606762003744473840528 -0.549436577619346209868000082231
6095.91172831806547667196855619 2.34514687034345598963366193425 3.45695543588190790134780217088
6097.09672848939006444726750863 7.35487962667523407629161458043 0.304243130466086353056603787462
6098.07149801046145162326422173 5.52589611713787209387477067058 -0.943924711720790582486465863304
6098.78688808089929582458656254 4.81318745016125215688289919746 2.70630084222906524905604129386
6099.66706524701667470058598250 6.50317813920225122261493001970 4.71034702221870538396191061452
6100.71393963476328191800402190 9.80588215334278173676463868063 1.66454361826680913175472914677
6101.54263601073152720309063242 11.4875690291522660429204659346 5.68730590552512605737301296452
6103.11106205634282335397964165 -1.58241202100103058877799055773 -7.00555400733621438917097583622
6103.89083600771337161393812936 0.561413671097373063208348834385 -2.31913548034038938967270661872
6104.36998654602612217235851325 1.99420333978719228917427478157 0.322447859078884834524889030779
6105.08011231856831765981885161 2.46051421375661677761125028829 2.85479592871127690722848850333
6106.42793794807778547204099479 1.80622057429795749442186197114 -1.33050874318753541277310547137
6106.69887078732014835115409480 -0.00931112777290412198859264225431 2.32577026462311999556597810524
6107.88839827954239560461279155 6.98408197812520277232655271296 5.03675460988862522970104286430
6108.68378071691088332650899372 6.78681579809915324676646450280 11.3135831015529337583309068426
6110.53101147598190260243224170 -2.19059106190478081000939473189 -3.12505109087627328491571729023
6110.83099615477342929058578655 2.95618909110062075394807175238 -0.214760215735750301311589345610
6111.84453284750767328833322476 3.84130149643762247654955115712 -1.70394152706570567118684190859
6112.46443538483301885902332518 4.01051263905670372031273338818 2.69440859806238887318766462647
6113.55261747398823081383179897 7.91553190208146460482422306989 -0.0818678331359173053515881360310
6114.76189175326990223021312775 2.00661591988330827278330212972 -3.33354315543196990258596606765
6115.27479154381219378314101937 3.00297069583771204871005629545 1.08974351770023670765783956474
6116.16749593062941590614035935 4.21558511799579720944388776876 1.87482958854358193450603340434
6117.09075329109707978435081667 3.78710700316240520706315830740 1.52865250857769142280421432465
6117.55235942771671098381200862 -2.14070324721253194380557938184 5.58061477986620474671225648928
6119.21599784241162592473646688 12.9750578014705430383788333747 -9.76618247729662312306010879229
6120.28153469736068303441553457 2.91114231091991636980191429233 -6.86678863526377567371131960205
6120.93330168641097601638285820 5.87892885749218495590557575480 -1.63214970721864276937938513352
6122.09439875850355329516025224 1.85498344405364521747617295913 -3.87538699392640167936039806532
6122.85742491964967785888049783 1.72349269087622148666276220448 -1.20019764919465956164057923903
6123.35660797282752605550373732 1.48700739558933864834215922431 1.57974200082603880218065191615
6124.13888322078107382530801621 1.43607524808134589432732610158 4.55507708544250980208756986232
6125.17261988017612828857129971 6.88435978521832770713353064908 7.83340075951252164632606108127
6126.56858651930737648841769488 4.94680444929099276568665007867 -5.22159330437383376654934531741
6127.13022139403224361145326632 5.56320322414832581310795955644 2.32873978206713335970585359219
6128.04686312975669476231634237 9.17661226977783675338338254853 3.70310188232747521692223832069
6129.26875154801351087187970815 7.50890225798214496935047304809 -6.07086032250759548861798602578
6130.29160646461125526601203333 1.83214658290860900426485101660 -3.25768352994840110113169847969
6130.68676864926128909659731877 2.91002574188519033698234917634 2.56847490045283743096991546664
6132.12168739709847346826454438 2.27092370934278548035850072266 -4.18635907293504279478182736432
6132.76235348679118596455215284 3.16734430826766635646441788673 -0.437218755073531779344666398143
6133.48989270420255201290552769 3.35708905444315264807461090151 1.83565062484527927166928524331
6134.45505166796509367812305766 4.16627016188491100747094653736 1.38080584536562309481013070869
6135.14307492204881088456465743 2.35685485947524304423190479191 4.55711522965358687227516540594
6135.89261320064842673606134868 -0.954711893303439617564284435251 11.2856682204439768419041126730
6137.78138932012908223352343891 -1.43012284538314152000861102014 -10.6274496048101450866263703110
6138.44560139025431920447942751 4.06789968767856898019432052568 -4.62426095849642882793609738312
6139.58934695878166051392266227 -0.0989772753795813135329605025869 -1.33487187704872687481616507022
6139.81323983382586076329037329 0.927123922493745762903984047226 0.823163798446703152800718339547
6140.67586338283377570701503139 2.99927792954225554789595040571 3.76557714867628602109095832407
6141.87235875623145452742394852 7.19317607027109160756944370489 -0.570135267151820080205519747686
6142.91145164028474805613198580 3.17402254600601992877298641712 -1.79475213705764245390859947976
6143.35666610317283735710741418 1.74911723437408654626996387163 3.38839617773278610663284491451
6144.40586720782149455356920570 7.48889939014897879071132647034 5.38957072746648556610717480512
6145.50536404389026139853037082 10.8495214831855748105398909326 -0.215898249656324862809584561090
6146.60432960466255973818911430 4.71511913240437375058006107013 -3.67358631229520721396564624017
6147.07002344759901141615241012 4.21008974134147142591358823820 5.05541884463703640611950804036
6148.59311394561102453856480118 2.86538234840110872877452889842 -7.97866476178968700268281896480
6149.39892523007550159151042037 3.09792368559278979727355273365 -3.59036930093409001880941087863
6150.27537410434017387015030618 2.03768434613270095053975741784 -1.84216605927859011969231149581
6150.87988787059466417950058613 2.23632779019845130279027865551 0.753714975649261727923078347568
6151.57250208130224927755656078 1.74129561078807321706462456025 3.27261400400553107310316777708
6152.58559902722755212169456619 4.69095804474816026138267645135 4.24024441753988233378992356891
6153.32636565324377667364674962 2.44818490813488626119466543828 9.79236771141982544686834392241
6154.80563842351412647430063552 11.2750468875121300618048080673 -8.15996356164011079347405751433
6155.70480990157757614108765928 7.95721562475740766472047677205 -5.22760300650028009841375449034
6156.73746449458981226481387732 2.96825601287662681882807995508 -4.58020512471080409707038269921
6157.38112864989563784939844171 4.62998947559093750912945290341 -0.328367777755277338837098394639
6158.39768617314267613444141098 3.93360705946743106562929223509 -1.80421472821732233739560452422
6159.09694719014722100746540023 3.77432281970989779942894398979 1.18155559888822724634731874944
6159.82946899575132419030823334 3.86629643503701627120942420719 5.10095050020905827652912852857
6161.42936894559825325137464975 0.370530008054535951152873254201 -2.96049773449777910133759885117
6161.82725369684516592675442324 1.91512912512689509056898350448 0.645187973185531690100584506357
6162.41556241244046214200033443 0.487228083483635145884042327987 3.71294166261563889772510540796
6163.37847744426290741491646363 3.41985382262678888898445873941 10.8487531464256384823133971585
6164.77322051761087728081030910 16.6061690025680145800577318037 -6.96049489378555846403163013387
6166.20051343459717235462983044 -1.65438700934790697040112075030 -2.41449260018094054842713016550
6166.48304899403078110055988908 2.38890355935770391418115254911 -0.00743533181911904934021421688268
6167.46453135939370530139796588 4.46101438796413984206502874451 -1.10246255141603279705569116261
6168.37980968024698888756357235 3.99656439745873354545205809397 -1.03528301555903603204553661439
6169.39473646765074089078501081 0.769016575953654572020946529395 -0.535189071299456178762487645614
6169.53815264844895180598103729 -0.454492481534154733432286808953 0.897465880653062816935453991656
6170.82000810907555644710009424 7.14102996086019465146662781389 6.86122352318279832525001415762
6171.92047477153795083509148778 11.4812147536591813334290726860 1.33798290485289595663556644845
6172.83993045811875666544205711 12.3770775720887816980239856292 1.11818155435358975277863173407
6174.23506996236121203265397623 -0.0188573401560906987025877206127 -4.86882939109563194942561823574
6174.74754241326648736814399127 2.94998245793806812974950353998 -0.593761340097137765333026864579
6175.30901370546620253455586614 2.58836253126272673140926226496 4.10834900806410222434081526952
6176.74416220278607560575786858 5.49203251206875372079185221138 -5.59068363729474997465439246425
6177.63040444960768719034591197 3.41189712219493851488510903208 -2.90979706328392630058652706440
6178.41028563212458366328418515 3.00782195908768591602896559188 -0.773084962553526302268814582881
6179.09448691762806586199367666 2.61512692626021842406706029871 1.54139380417162306643176326382
6179.76468161409567094603396213 1.04238012772184559387532406534 4.99343738377206613544110997772
6181.01282575528716188718316325 8.28003496497118658441761653718 1.72981458250577395182180602199
6181.67842074665156313465354344 5.26478260527244691810242791327 9.26597082706998444487266250257
6183.06248033470397866778518678 13.9350349309806046482441486456 -9.00062757405291072234045896532
6184.33631658248773167227250341 -1.42351619302035869765102783816 -5.56085569389028609645484569644
6185.07997486419563410286091767 0.599309120883458626236570417863 -1.75911631861852398414908033090
6185.46010370048407104602260769 1.56503036731518193173771437730 1.04610287220450580601002643248
6186.45728396807846937619274111 3.56905074616775529989353952364 1.08235984026855443568857885955
6187.12675072333139200329300989 2.29905216657858766910493872685 4.86029617260935996129497931875
6188.45868336036481982854612751 6.42276085260233463228891125262 -2.12553026307280660641825681194
6189.11802968164570374841686637 5.43304208211909615560532530506 3.32870347341674232441846276679
6190.16979588731040768730175538 7.64070974841433197337117343055 0.508842580970812659152568690881
6190.92666597151162719575590448 7.45246050852713377249269297566 5.09385527985662016337946936211
6192.09728602882321896056727437 10.8886464441391011645030112528 -3.28976498934278908680318451404
6193.13343114442952925747787326 5.78572251061264944124416651012 -5.10538061563557129859449430639
6193.90282419294934315902637873 6.40052527846228362861037049176 -1.52079415448129984390615626652
6194.96527409248851689580457124 3.66550786845999191731390791575 -3.44020113624542234474987765593
6195.67207899047212867105933930 4.27508213299162085730193250999 -0.206856765037776897975974655869
6196.66475212584057004171185436 3.47679692117699839997400197410 -1.18470020121970555864083391322
6197.38706325713076317522754852 2.78793432131364077351756564451 0.934421164370685851464740122500
6198.06538956070200104698989108 1.47385035105316272060526033905 3.09830456724231336813234084771
6198.65221656133164463286820900 -4.66355574595929251965252367566 5.82949939024355124683689542716
6200.67403446422928302916321796 -0.145875194102217425344465287934 -12.5081599795299659950690360155
6201.59308850877588327370213963 -0.0866971352595427873162530734809 -2.26081412021079063916955987653
6201.83256963944929618022712355 1.72016469447994915714123013295 1.46925847449713313432898344024
6203.19091073726166090795845626 3.28487923312300578713488687930 -3.62283010822204497490091079000
6203.86787624197504866565833292 3.65361680375020742821435436463 -0.0969447326515056217744201424010
6204.58565618687019312319425315 3.97522147664953168300885504210 2.96269034515075478643307551468
6205.73134233121510594285004186 5.91159452704604029190538717364 -1.00156004989474643808130538495
6206.51302568540831513397981309 5.20693975670490821346711514945 1.49022241875142480046594172084
6207.35367736698029675646968483 5.95032952812767326426276241238 3.42247321173103489524551209788
6208.56208612736778707846134886 2.78642445922473552424647249794 -1.53259739224601325782708817388
6208.81397241079579605049039386 -0.703141840547268282360578674752 3.47847368265414361249310019393
6210.47003016298567191216049538 8.16688518498148483341008756612 -8.37920553148176757392768557163
6211.20781654721815414305019188 9.50202067874837369531527791642 -1.93197806597223349409850058838
6212.54968605797382349275999764 -0.521940010237948127209909281697 -4.51087236284003366043327617599
6213.18797690049624302639140793 1.68348202557106782537788275030 -1.55387664317270989893048173068
6213.79999995736691471956209282 2.10313514209121646994358688012 0.617921136589479241145690806149
6214.50130472958162059114728299 1.83266524610675136865348030294 2.91160022740516243478508782079
6215.40095701678024321420092782 3.49614650937134979018437602999 6.06995502840566928421797120277
6216.66829216244982401327571385 6.64022874473128052900576501116 -1.21236774061785732059243644281
6217.18885890882319103133536324 3.00670754037578056962374442463 7.01339365975407775930709409216
6218.51711986355286921688731989 14.5993519051290979924208753228 -4.09285204320233171263961741051
6219.84422020332398411285894064 -0.618786387501090381448323206483 -4.46241586983688514345629880120
6220.27686616835996084876337757 3.45825609096210807911390166281 -0.204666910471656020765488676369
6221.35012756268715723888829102 1.91333522366293822369655295943 -1.36329275366096853833600412059
6221.64130096096046355393321051 0.144781238447910028041615450878 2.75389478191327666093476681580
6223.44770892740344585039882700 0.00108439047218843877898828731578 -3.52376818779641762460890479602
6223.85478695972442005058252442 2.58394463790662450843580912718 0.435692763434674173250061841508
6224.73244731254360694577593723 3.52432931099831299345588044850 1.01892470100938356522244489417
6225.47067808144173686011275955 2.83815452706989142573157361241 3.41023303078503020942576422642
6226.23288356619453699746379382 1.48373340207255833853417705453 8.08146841623597786143916645306
6227.45004532726922279758431629 16.6773490237692255281100970173 5.75657423856371530445678831298
6228.83284092751828224160101516 3.06343870211086242728096749531 -10.8644282562500410036514000277
6229.76158441835412912350855678 0.895861044650717740096180650091 -4.14894063900413357415203557905
6230.32374979614848681030827660 3.36244874036024719409024506955 -0.528171369665271586564413495671
6231.18698421413116944662918532 4.45699959731232207166338728517 0.0351980106082705682772858647424
6232.23423696440952442232687239 2.83732860243892029594514009769 -1.41738086015289765908590519750
6232.81149070078566648330088039 2.12077906598293999219148950917 1.73925961385734192582046146298
6233.43615063521062826644234999 -0.548103077003926060741989026618 5.31942408750986560927901848457
6234.90535602790765947796028219 10.1492566585957286012664333017 -2.63089699109746300609580525798
6235.69181152884452833142097960 9.24376772682837759675113170508 1.63096611783681868829039219114
6236.87179721375070644550037304 4.48686020235418775889337556602 -4.22094986246683083486683605696
6237.40118805151758685214928644 5.11628166680232427739356475606 3.20920359050993344851247986690
6238.50779015008246500565016652 10.3457139531442018168185255249 -1.20824383310975937966686421092
6239.72029874917883436043621019 2.49658542899070287095316404092 -5.70447212218892257242878940348
6240.51843248821175298344075688 2.05001020724410458672951196767 -1.99012037646055853252224364825
6240.98747833760499588327910935 2.33204170684088223795106838788 2.18378442134501646933396675577
6242.26374264833298962053733477 3.55948801239329980678839861193 -1.98941336351409177868221776631
6242.91612811037844345099674056 2.80571884985747486782931003716 1.12322242550737942716386688394
6243.53657120604871018813538800 0.836587428052632024155820660832 4.36491351607980643763008064930
6244.46750100712869422555083352 3.00347064546474022717226558038 11.2822198011104115938956165876
6245.84635379280050180555947720 18.2360376076454442939390537378 -5.76103778989358366160715901809
6247.22080389496888735495253718 -1.90589702856489769209528954115 -5.44382860390158152561682049261
6247.76590041263983793150652654 2.81867359891870240133947525380 -2.12995889474188866642540038502
6248.61759005663385701821210389 2.68298057192924071722546761039 -1.27877942780784333802917847800
6249.22356720248598392914041149 2.72438015650719686572855385929 1.88594573170233232111290326818
6250.12599803266539358759910677 4.78168189276036654042908443906 3.50564881842093868317182591112
6251.16083003850871503092266361 7.91088416816839391801153723765 1.62603219119165509988833402442
6252.33772168116111773745646030 3.45868308350253260553384961197 -3.01869387813430848682289778138
6252.96064162391112326061991366 2.64252528096031379578110139881 0.742862458873722503790866493232
6253.37269943302151951607463663 -1.78316116374604795339622576384 3.96493946655825906561930044407
6255.21238259308724165205842188 2.70676230038443516250466855618 -7.27896764612384437432749618796
6255.70999571493251521848321543 6.15047180088468662854807367963 1.30589520891743091676009293467
6256.73798810358666730397739414 9.16019936447670777288724927457 -1.83341196683320038666746122128
6257.82191376786379168935556623 5.31872429475989210028231409519 -5.44854363744776060052213418360
6258.86314220186606380981973701 1.02905392983903337163319016850 -3.09778455643464943734083472648
6259.51113050341909193199993771 1.60926903785141866486234102782 -0.578898974692800592832740471136
6259.96913448043475124424877844 0.742878676690685934762466641836 2.00057242515570574061677067612
6260.94186560198348728714472116 2.94471426396234181389794653938 4.57509821683114776534911927717
6261.77684642237356885705631259 2.98833394738517951142697870029 9.24090101735947923746255743738
6263.06590493171850288311185566 15.5850264374494911159250511977 -0.787634971476660503885007620208
6264.19927745135107636797385488 7.07883926745691292533848834625 -7.61187474209463965278686954106
6265.06089827704283485018616127 5.49936013056895011093798975567 -4.22185005674939951101918767083
6265.97212530605974162307213261 3.69889225418659026059437545420 -2.86553522609935636179600654940
6266.64573592249452937532324752 4.42661180739848068236029093365 0.699867932333874561228720958823
6267.56048657616331204658565663 5.94546479529021072465945452184 0.838662873935930261103138454856
6268.62526675462398146629674322 4.50594542332463264207934233775 -1.87653405659440538916507699147
6269.26735556647597596434979614 4.24808964601736526999469302409 2.48909701708344725645169804689
6270.34914887455612476574219331 5.82274855708299525253409311382 -0.370968168945603901006560287282
6271.14877175729780529257275173 4.95591393016351520834818653380 1.62563932294330876258252657381
6271.96436339598088426825082765 4.51293994229702476906068126798 3.37663297600596585538441213543
6272.58618298071554756198132634 -0.654911962116524445962354984137 9.90799962696120425301884433799
6274.61933405812403315373325717 -4.07033858169634402250368267309 -5.12170841071807515629147483875
6275.13398198445941151459579203 2.24191659131709427304525003278 -2.70044764764213413809843816486
6275.84669388832696153923081425 3.70357300591478835179559093216 -0.741114405968933280709736279969
6276.91616470813086169812362362 1.43334196887590391151928617630 -1.33301889680742191394870727962
6277.22919488268901994552993943 0.549984760153288347038496688038 2.07271677387197043607901889940
6278.60759570888419346931282046 3.98630152841472141267035604954 -1.26475237158492991496876832087
6279.12246209604072093859632197 2.03698220017419136480156094229 3.60313809997209906005481563495
6279.99314866539315105262430897 3.60988646840808497694196835160 9.03951573632976520482177155191
6281.40604796653985464485400655 10.4872828321172935667843600406 -6.39025795733034427581116570440
6282.27581290998058203560358377 8.00277152354391214392755847257 -3.47473875454070006130856599866
6283.22040790168343314101129666 5.82162122497324396307305204024 -3.41505822497138965540022822186
6284.05428027802793460594335444 5.19548490660629891183411481838 -1.43258567639803631018947749209
6284.78841111904123732581953833 5.97854361846011761314428978642 2.09380961172686722353626467392
6285.89907066298860854298690163 7.42930714990617027764873722495 -2.77784254485347255370660392611
6287.17374302435078325616209415 -0.0735550994603060685790304666261 -1.52099982299757176856545974377
6287.42595294081539861981757319 1.02957737365935128070404571461 0.784786246192856627008155472489
6288.21124540933005261268842839 1.72037271091125669247838080513 3.22142779659524574013633056400
6289.11483189308001650934671522 3.20402715466782252585426051174 6.30466085998597628062066793123
6290.03700659912978356941025953 6.66211915266868361904527214705 11.7953816089686178792350211184
6291.54965202456008896991434134 6.49745221184086009936757782044 -10.7505241945945549524935657691
6292.32991486859780931944299480 6.96681170354109849592548424761 -4.57481741571348963768714080087
6293.29733571986738259957199971 4.76353655116599570405968586582 -4.72695108545269899603239712928
6294.34932965398461346980896980 0.832021032975234771981234551062 -2.72344748256393439523988688390
6295.00618130597621440005183727 0.863187360593069286266865444578 -0.366977743559833541101560198790
6295.22156885719585741873461215 -0.477586898824875747653833083296 1.05615091248220710539889618081
6296.54659192777395885929178069 7.82130051232950302221901914238 4.89552527496220654259596778855
6297.77125586457313086978301163 5.84955616129156968611979286992 -3.43006486058412262672097432117
6298.45869016045338073391420990 5.03244132889112744904976064162 1.21083665009216836651687314821
6299.17274557449979034969459401 4.63157451078747761099685267755 5.96485129802161038672366870536
6300.37488738082256192240295297 11.5879309378704319727263766501 -1.17998733033804286117785444003
6301.38322087771010779229582845 8.41913666556062384199216153384 -4.00442078560870798367586758871
6302.23025973977973249082950837 8.47963385553495871460038346035 -1.97824285025908899385534230563
6303.49077161342840525276921602 0.471024185067773149793653218811 -3.67221101093267030020974798790
6303.94917938861732865649968771 2.97667173994508499464290167469 0.341827725398041748247108605272
6304.90039185170868359940695680 4.14148065825604562184017189427 -0.128630578531374625776116741115
6305.74785838610996654511439669 3.85619723711831374893199668118 0.709710749024088260412926964513
6306.55729134639169973744873986 3.20406445162732993627460089085 1.86202972897995199706487924415
6307.14472087552299545019795094 -0.376455495284052924821796956523 5.59162666273403290888884752614
6308.25382451585769368656725179 10.0850239268233655828541230452 14.0061352038170291720114991210
6309.93981002512797458792581356 -1.75990744365626758980249851236 -10.4069941662153747442288099798
6310.83775604510196367538831756 -0.298315373523999574922956326083 -2.29489688372857384766837538342
6311.20106575028375307513945688 1.85593991028914192896834838600 0.349049833552962930131365589659
6311.87939719540194170363827152 2.44082817860931171154550990751 3.66360865825783638426481562814
6313.32102146682531388426509132 3.03665166524689400152335699618 -3.51212508646346521632965972128
6313.82591194627071565283692889 3.64124169865807817216120729022 2.17608457563580629515765606489
6315.03100872321233050777007015 3.37945607480313294779116192118 -1.78084604330698404442912917973
6315.48397985627507635136232713 1.88010787946317574435132379095 3.61269240492332902826163008488
6316.76960086633817125121058347 5.33726756172116438607409676802 -1.14428321025653936227935742758
6317.25576009861584644913846421 1.96631622600873380140791998077 5.91687985651702719792977881723
6318.60314312699576639242354911 11.0973525948377234970256651961 -3.02191632395078594805315521967
6319.38247861186108572839437475 11.7405284916237349147958680543 2.15808298114669172909375975156
6320.91888033780521780934841101 -1.81094918651394735572849545841 -4.08949177068142926721624299485
6321.41549980214712602396597330 2.27692509024858379700187691207 -1.43653613531436970647634347940
6322.11818669431052662937534323 3.31910784417715394210506033329 0.500306637912575129127892581441
6323.18259444486789357370024565 2.42806328330586680853241386921 -0.993712865012471673391349511125
6323.68906122393647014159383387 1.33212856318040237528611507741 2.08490846203823344468711718971
6324.34850349378079498822659831 -1.69574991889472658324064933001 5.61560667726593521115921756611
6325.99115733188664863811149677 6.93766453017793899268109269654 -5.53423562030434096934991472629
6326.55069860597594534790244849 6.94831620437789162484536620497 4.10622799151859522589412313934
6327.70932959605754529835974044 10.7236002452789136082914665507 -3.67865157768924873101648300232
6328.76897150192393317278550320 5.00359086496647512557793618978 -5.72489399768352517088528426699
6329.66509549850768384096299160 2.76239734814206202241072307170 -2.89776958677136629581130551950
6330.24040635549564193629604828 3.59823642496397692407173738981 1.28537650171516726078485509762
6331.10842475526953435586116317 5.87396335730933260311494311834 3.08341322461957937138833586317
6332.34615110867692041003499907 4.99866213959422430938262982527 -3.83748098602728634188650334212
6333.19634614733326640335419281 3.27802936183864253512344057632 -1.59542388438470459593382339588
6333.91605092750132965448802447 2.47439364224975358038883881572 0.501569529708401120145020177379
6334.41068488173339236693645370 -0.210147340767806160962565384431 3.47578409192727035652541524236
6335.35689977155091868231639026 0.865170891825685429050092390095 12.3380241682059829351201747695
6337.04424881011940982811138189 5.00184518144085150863664414821 -12.5890392277166661846435003954
6337.82203819845064763681337778 6.24205817469577643895980389847 -5.70808631761151030576320627948
6339.04195746834752884027983802 -0.386580197649553754912946202679 -1.53219149928106317449589021256
6339.24880894911471556458529206 1.22028076283623358433995054176 0.849779082471963930937958034095
6340.44143965544036862995777674 3.24560386040225057014010812585 -1.27631489398452187144578461022
6341.02923909586605876219115807 2.66429652852664871038353929393 2.40386126256016056071596750661
6341.95415916984929724953619999 4.90202735517756064455280828194 3.93833910341862545847089623504
6343.02591890533525394858466221 6.37151213651739973316605342404 0.714339317427359541044273056404
6343.63957767662273204666637764 3.46628880919094997135619669695 7.36322028758501233621751187989
6345.12457235492861613614715955 5.89216801913878632869123958121 -6.89661601812939826375162925728
6345.81278159579447912653219787 6.62021762530692953557938538655 -0.681431401112965004235171157373
6346.70858829248320678829256194 7.03655529891741336573122173360 -0.418878069447563690895865285779
6347.51277483941705841158445497 8.52188314565612740068971457546 2.64081351797943926987978248309
6348.86477497565875501561326545 2.22054553627193415395104830650 -6.35225402995361127627065942180
6349.69465032467086134492882906 1.71528218941724634347372692166 -2.46860942744035512072032688969
6350.34936601813202358918181742 1.86988954554647188684725179300 -0.162569586235025575071714839601
6350.79790404310005005410361002 0.181227809127020869342421820125 2.68020701451930173335941523275
6352.12409564680843408775734093 5.95300759349785162584541036138 0.340910913961038873057046036569
6352.82404191645100419727282359 3.91190206390536665915501163212 3.85005341720808089581933594801
6353.48723619120502692876707432 -0.557665273013673689547323094269 10.3243152301589663037839875924
6355.40810787888906719585877356 -2.48721652565464992069394477733 -7.81461064576542851389716126978
6355.93013090040442327271743479 4.60395067761720625297828236180 -2.78069530494871599387860325739
6356.98410693288438986450027949 1.87222671068749658588088433374 -3.25003080595208082735240173633
6357.60685765845249757965483344 2.83593342686580000549879530426 -0.173565209232015875350935395694
6358.31570184761743600112548220 3.05142844088529829532544082155 2.21556652327948121928230936332
6359.16962381026123224733938724 4.65496307753153857467866780943 4.94062550747673977556160542405
6360.50344852076663696699844057 4.58569124204947227378553878026 -3.54578338989400552636240340719
6361.10811437122212102504463118 4.49586891932117192643923746216 1.85455288753131600139985709857
6362.08249905712608429527476287 5.21927625460729653075860378576 0.849685797894924111740427358186
6362.68536183065418158567926651 2.43238486070562361402706956369 6.58550648493253851704532264914
6363.90083954802947163599995167 15.0824906488637545916479707980 2.32219132628969118236211669129
6365.28358374435919103968710840 0.547655177536417799206508857405 -6.79473613621684069974277533503
6365.85232102101638182036953851 4.47049134396248296272839777090 -1.46576648675488137534773918092
6366.67135334536142404366523856 6.13616725457055613194271283676 -0.0580179906799563880852139075370
6367.95881353301468360667678160 0.722574189522108971151100220996 -2.85792471967090489955622324819
6368.43809421973943784678406860 2.13978752427428515967201427255 0.344968477353822131774069038080
6369.24588299916126048822740162 2.20660973105036967261641750677 1.22261160906378805147597803322
6369.77022902383333616284314446 -1.01787143309713290764661151139 3.79338320411983370493130552085
6370.89805044791082228773565758 6.81975864737824384984017937090 12.5019183544075494584477421063
6372.41568239379527733357941712 5.97793668693957378619709086306 -10.1681535373973415354629434169
6373.17315245214214587562146632 6.50763123772566955407114630284 -3.71993276961473489658517900557
6374.05353435854312636685810882 6.04623878844866984655860285675 -2.73441505885584277581007324829
6375.03240490886048304629739478 3.40875537284440870970158063724 -2.70668443231985516175631174473
6375.59919563554408165946252509 3.99624960659064626366020894153 2.22876252949966260970511018600
6376.76454917006252695594680938 5.35398299117266427358764041870 -2.15840730534878137204859055765
6377.51143994420557432835824401 5.27134130556776570437180371951 0.922072293382722633880640546030
6378.55014573009480937805180870 4.48132254471523395176718173478 -1.29144503473403116807215977347
6379.24662418877480511377528760 3.68830026716305132708789238214 1.78253960277083200526957011997
6379.95940979557889979560602692 2.73452387161854528712320326397 5.71463437260395096762567626326
6381.14366523217358081639409853 9.36959355051123640492726358405 1.57654065238374623811550950840
6381.84803906153095652192077005 7.90716629167794084603156584347 9.37263017139003655039092823416
6383.41023891206749891801726931 2.07769571187476554900264332714 -11.7868554652524239691548862804
6384.45921901648177762027644164 -0.873899387537065471769140765714 -2.67900303810518335283639043701
6384.92048851115778248999566054 1.74371850308318680259374106490 -0.619541928592246205614568025854
6385.57820350812593868613000851 2.20019803895104655546583953765 1.26922835547746288253855139026
6386.35707711874783979111235531 2.63612041284165302561126147411 3.83328184896572460640954715352
6387.52829410580373263990747918 5.96921144115965845474742530082 0.329470808158483560239180312524
6388.19785051672453628482937402 4.28470230900149071688414573449 5.16866094900408178575225131497
6389.36085336825093154109776601 8.22544218558208898580766937727 -0.0520999297718326101604219700356
6390.00615221262857167557926661 6.28031545463525336696636434998 7.93132071807842649747430050106
6391.68664548391679387044883323 -1.07835618711844766953774244599 -5.18502269515608617971680902657
6392.18732867761341041500300269 2.77992138239516968917869331080 -1.07135958285296823024912387881
6392.71857515785316311544384587 2.69089330278886762840377287761 3.64072973379050452733144200266
6394.06507388553205581712862157 6.82534447120844751216509074866 -4.53496898037526810377445110547
6395.03174070079824226318756716 3.15790916542866464398583710838 -3.20052870223086320700236288858
6395.66886960756035022250568414 3.95992584274784822192929460031 0.571332334030778058851179364323
6396.72925979733291962486296040 3.00048565849416101571841076639 -1.22295032471950995431278059836
6397.36113069252049311807856214 1.89083784863133234268537641329 1.20261629428984945732391323861
6397.78608117089703553716699570 -2.28678316143304572447834984503 2.91192904281921301431746680301
6399.17664034732941609041458728 16.4701580123752611213230151494 10.3868078824772317076299638845
6400.74623865775772150204542699 -1.31766570942998807593564695602 -8.13316738159793987587652314798
6401.32362592521988358518749375 4.25154077552348137620219398937 -2.84300640524303483684726091764
6402.17529062214246658957225805 4.79055245450707838121142186778 -2.01031210163854336833283863687
6403.11088658712226779299217989 3.71240180540279298180559274580 -2.00873255728714492079395213954
6403.86139751523326799803895793 3.72614831934961178277846797659 0.172749818214146259101122398662
6404.76703973084856477675424137 2.81113661014416710316390511608 0.144329648851327921763565538520
6405.17896194858376228528383786 -0.737870896720073203482607495964 3.72781944977967702398111474736
6406.74828385947906743148999661 7.72202891701697141681766814690 -4.49993262542279655350408547384
6407.61295281862051340542985995 4.05346928465097150301989557464 -1.62346611908948266303664822935
6408.07716091784682266782131305 2.06439906563462991923283462737 4.64733261836824993680362680336
6409.27902118990111734331854449 11.9846604591891822472524393295 1.58387199185227089900409774480
6410.35380133584315618576908829 10.0320961262589411616052828716 -4.84472468290377438557062204995
6411.38446932881987055796281624 4.72452646452891923320006816981 -5.69729794020684080447645282187
6412.24755844006453301444504798 3.55335858266064485404099256613 -3.15843276274542771598296728029
6413.04042005879804572980021731 3.48579558358165166763299625962 -1.20006922912898718361773184116
6413.83345137507318571034331895 3.35622025274117205535273580173 0.211246881386080504860921710408
6414.57029006834280303111358791 3.12706672227641630369743985358 2.38658705763238272581027449891
6415.46207613582506908327231255 3.97114728568231528476176842648 3.37286028620044009428886484130
6416.17590896068547183927030877 1.62571711641508178783381069823 8.10147199221555974423073347660
6417.37805285602088083176723649 16.7696312304717810004238897051 6.11466834846700097214231513231
6418.79259964324788802949643575 1.70006078545809711952523273491 -10.4456019855762847569591550956
6419.69202286110241579470998768 0.665541024193354347220867603088 -3.52131884055498162950631223339
6420.18257862768825446655856024 3.07440151673565677346542685163 0.178501390315484489300705528877
6421.25593582785427658984109086 1.58073873574752485453574399151 -0.903553959417246129659900860375
6421.49122864430891145511765344 -0.498058846751843513874916474100 2.06847826910619885252581157072
6423.41448617672950206168027316 -0.398687608384473766242342305463 -2.74359891148697092047366379899
6423.76450895382893808857100831 1.88243806681159880309911568686 0.408489564132539447577005313130
6424.40146160126535371647948230 1.52779119725420974156692686893 3.39798057700533783539346489014
6425.39974733520485433128633684 5.69912849245034124558694804637 6.24117716962458768427350848445
6426.48001418157498138348492298 10.8010773575035051446994720439 2.51888736884660503941503927880
6427.40152836101696006460570358 12.3065894205122380489481469303 2.20745711678287611638281556428
6428.58758373872452807475395585 7.46845433327344200282351850062 -7.55147388308324054872173894164
6429.46884869272288132044632177 5.83990577417334122130359359165 -4.95116746043031605677302564588
6430.69457198149500669308181975 -0.331370630886133349183062126186 -1.36296462368866046319973438472
6430.91818613359607545975762220 1.07565905474105425399107211052 0.670444001505316033439741494983
6431.98168324413988768267634449 2.48582180446285394567319518192 0.0332328623844707294230922793361
6432.43330308016863846924395326 -0.0605551322760628050527014590526 3.18142056377167938916977465280
6433.62238748580757872840209907 7.35803522809618094283951285036 5.14766890454090901177031822685
6434.51494402442073019121782196 9.48683559355002353849733763792 7.34269983054212594980360592681
6435.77465267914852079075598348 10.3231003369472195875214908456 -6.55376332453988637270684696885
6436.90518593770385871286633413 0.594999369796647752125406395878 -2.55972136467150319128802667367
6437.12340660330729666745938927 1.34944428083905077482547357567 2.31396552597880697217294666633
6438.74048100452041711074670170 0.590093739023747627011420745771 -3.89437312852600736670476783224
6439.14061863467313446533422307 3.14808393283858410106174013948 1.09327364673834223149027867812
6440.12522642081011056572084762 5.95748119401190415354843915016 0.375947187140326012152733526938
6441.14057384296255586547888251 4.95247244966921748505879484747 -1.61286423627213975420148260739
6441.89409940638330265651704819 4.72891059414844915767486678635 1.03165943600741229202559992797
6442.89753367315323052785451893 3.97109873995900159433366648982 -0.486515484569612355722522881830
6443.56526618088302408947834243 2.26621731224266738811903118782 1.92834619553819117282097709997
6443.97837208708844197902222860 -3.83452606661050272505855672065 3.41097908004989356287588466125
6445.97151528360678967020183905 3.44846344498296318446994540162 -15.5994379176746978022969681633
6447.02217412304156881210771627 -1.05415469075785828313306337658 -3.62265490739324800922677342811
6447.47461817175357965459582901 2.62556778970418639780313865758 -0.757527399046916151983688202897
6448.24613286630574067729704339 4.03939801860877061080463741783 0.760130966706281492374516676518
6449.33205472396897667584524211 3.19525924137382883305248436243 -1.49323297232951624020559149916
6449.89620878623933251333599007 2.56855644104789419034648156055 2.38581195087602189253560597150
6450.77044903141065390528087132 4.35130975894957667686604658255 5.04537132538201320615186927032
6451.96507277446942244100981712 6.97488413260759017550971055661 -0.991045358829826840582434269333
6452.61680938804246374442337107 5.45568231474949689098783992559 4.98930255414680743440261344998
6453.68178566765082607909952536 11.5399337425100483179460223489 2.21766941891886499702664356277
6454.86130737518852052066457537 6.32486804553543991624860965150 -5.99124090230995736189846366757
6455.69082062238199517140804990 4.46941772280581237970126363029 -2.40099918824172048390447544997
6456.24375846823942233126637458 4.59494516552490951670046829179 4.12324239468981029718350677804
6457.65386788211139657808316038 4.18996133348844205860943963072 -6.77070425506609787927740385417
6458.65861107235205685113690573 0.496167217520298892829572745907 -2.30873159094930424652657574551
6459.06782743039961744665792372 1.85364958693565094338489425704 0.705050780690705550015866224291
6459.95283132082370423343330199 2.63172623895862941266846056862 1.22648374793478043434270845715
6460.53463947621220571309556002 0.0458566694999279236497250926155 4.29695689257515477181075216506
6461.61478419128354138493745807 6.79867995060522140821822453210 9.62775118736495075366201556262
6462.85281410579844368831195102 13.4731779558391882292939403853 -2.67302080423915577664207842622
6463.72409714599453206043939086 13.2437750427200506772331115043 -1.00682555735418052470626718050
6465.14372081316305280308090490 -1.45779216939859202693022000452 -4.94136597838615816195860267236
6465.74387396687253766610456439 1.75275050636576033740572211363 -1.79576628186296221288788003233
6466.29573370045704236806984101 2.54262170116402865577466856136 1.16641436450870166078354769933
6467.19344782370307135696475519 4.32975412697940083157462984336 2.13533856316955584648176295471
6468.09279095641607632610180012 5.91499795610596292968358007164 3.08343818430328413965175908967
6469.13112519051068145282042082 7.68092775043685665909410087089 0.159393834391149204871141772266
6470.19735732796305091969581839 3.67787685325534052415100006167 -2.18411073409808943629778637049
6470.70107781667119015376215038 2.68632449842900908241636348611 3.11099889822584435841240957588
6471.56045747909334482959829616 4.69444419886863836354951803972 7.63044794849600565023938400980
6472.78020159024765618639120908 13.7185821893444638461572417794 -0.962844511399974667727002696305
6473.79864869670705427910191821 10.9716606396966561669581064053 -5.45296205375432976762461708179
6475.02149349302081896012351302 0.0482992219996398120390340387239 -5.21922553622633229422399593135
6475.72775460596195534241119102 1.35182525656864865643118635552 -1.60212099774032799289733892247
6476.11312392247526584480456421 1.46513979685933480797064204151 1.98447007866654675661405218082
6477.48170576307262909124854650 2.76972386257841638437081268776 -2.20003664050081814483916798896
6478.02717662462637660628470964 2.44675676064103358563019295830 1.59612220855133745635361148778
6478.83134293271410424269743876 2.44116012257529236975301003253 3.27203352323617612091389899062
6479.43113921803292651327704727 -3.19364143243860911500084489851 7.15567827786732483656999648135
6481.27367915749280906650837709 3.74281735851702602321654240980 -11.6605571837023783725029151391
6482.00279037131540010090928452 5.81678880801534895423245466307 -4.40552610650448770635101405492
6483.00670460986743172712234494 1.99402632083217447570910734777 -3.03619053432752881708924769473
6483.45018979424566809184035016 3.00124376373176375283509074975 2.11200119775518154746421928689
6484.51932327732386027763681346 7.51492160790905538734696135411 0.340889285916651485811903640624
6485.71320932658341262228159336 2.24414357228450867984055548791 -3.17490626774558685459283101639
6486.16337426158269900202489463 3.00685166803387236158673883143 2.16543776831423654266834052240
6487.44521526241574344840592744 2.38350624193519212943452473895 -1.93549126995440205294313774978
6487.83021681324221451002603989 1.32937090391428493145676020750 2.77213235622131149174088666648
6488.92662078088131521135950942 5.89376840399524121757162139256 2.92574688193764921536810178859
6489.62257593101699962128101485 3.49590104843842523096910864636 8.66684614477945345894424500155
6490.90609787248292600542321280 16.7312037608460645322413954783 -2.10155190298774784084154524722
6492.19021043344830102976110007 1.02666666142337589218134833704 -7.77290823607735020681075459522
6492.81348651512028963114385102 5.12699902354362192582741296759 -2.54535958378884061210415955715
6494.00471069334228793565503516 0.317626251034655361728991141672 -2.68771766101837165022275110170
6494.62212531858035893952569315 0.837356017905883169998867163928 -0.408886897482894904080874003474
6494.86645409569087693433654160 -0.307224772150008186704937531568 1.11607569782146747416656823610
6496.00797472486446605821494462 4.16617164113424307583926260106 6.77355119786660770737306326550
6497.27930827757064906717988624 8.19741197366673359131584044697 -2.10450808661478730631393872445
6498.03876946050067669506609500 6.79066673124007278823357593910 1.76623918801925437397797848969
6498.83486325790630916062886512 7.75327611935206272089803784568 5.68913579585136797471982273650
6500.03168948068005188277408402 11.2657382437424093562720320728 -4.49071765328051155917363327650
6501.20745399177978579252146420 1.14031806726569458093328070873 -4.42652243458626641604935965633
6501.66518435213694506331973914 3.74434622230143649884689804068 0.893181187559546711276409774544
6502.56697222088462682369917599 6.69948380900957569306488848537 1.67964740773080307108137094222
6503.70154349351129774905703809 6.02722457200429515753267432698 -3.70317926075212437641678496860
6504.73250979622335469068628963 1.77252962931695249652877381391 -2.68906821134119766881813057125
6505.40872999413247722881725765 1.22408562464826706433731000030 -0.240155385736608979810912235402
6505.66790063189661211466428742 -0.728967126338916227377747054469 1.40909579431751807050480632693
6507.13702007643088815098266274 4.94494858434005505011342199220 0.446261140428056536842748744486
6507.47775262787079773961776770 -2.84779503311087596102656086740 5.49720231176436670499611499466
6509.61825280230038009019332373 -3.90172167158578323075096085182 -4.92912256672966042096356016956
6510.05820813893453673377903979 3.16832041002761773758132664515 -2.29133049059779750611291620069
6510.89205406010710631601708176 4.05861414349332905844665751885 -1.61801440420868209744502554040
6511.72622319247406275047730298 4.25135955463891307406242957809 -0.572044691812833497017613453714
6512.56693840119987990852634111 4.32822490695002760372223558510 0.386526221053115360199262772687
6513.36094514827420408076528076 4.63213059683913428701455898802 2.37631241927005335929248887316
6514.38262426953424963160233592 5.43867168218496653406446614339 0.372679987400721501709871134905
6515.05264785949639812731437044 4.10143893643800644667731376076 4.99898719843370003680115820165
6516.17129028917417926448612624 9.87430110270316316015287358421 1.40489169840301850496023704627
6517.24033084465042352584661945 6.26429362762683306235345147997 -2.86474673784943132468100244470
6517.86138784691631581320803044 5.79664905201754725570877206876 3.60396713221436421219565143856
6518.80819745083687382772377398 11.2335984902857788471624831394 4.88622326495256061432237886004
6520.32049265100405924056463796 -0.798298998322826934319347763465 -6.17638050839655716312468021796
6520.90996493985765754440844860 3.13901527139874650325681725371 -2.16896053426316200652253058810
6521.78887238633783491792773736 2.53972462754591992889249027341 -1.43745129304285693897788982014
6522.37159708094518671247506618 2.58308016308845524735790299643 1.77867830192200033055496467019
6523.37731912621873566311794736 4.14061762087580307807951416060 1.06676772758224719511103768763
6524.08912305295928959605185212 2.94644677757602511314864157965 3.88466692358007463775133698749
6524.89876404425478114043659953 2.81609467805013766115735111368 8.52720393574688610014886869500
6526.08256269072425241249943385 16.2839534608391906984736786360 4.72353797599214696168265072009
6527.43176636398879939264531353 3.05915300248755427544999569448 -9.58066473556926675163948257168
6528.18790446522222988396526526 4.44786676633518861319314124906 -4.11199271344061824625502059123
6529.10360983171626081490414909 2.74878040660037561486565006093 -2.74586567109065290312311221600
6529.76102394034115016359242378 3.18949884446400062232374428926 0.234724891929902192795821542405
6530.42767175575618299943953582 3.02257293908880300163534091501 3.80646118740249266554595066085
6531.59870750185063566280247974 8.27972636310102090686582643810 -0.215211762618474097165270723183
6532.69356713780811111632890525 3.99535926579572800496956624858 -3.27860055721655664244382110001
6533.49142940602690431352581380 2.19317515419186231891657774111 -0.719168004814281045300582684657
6533.87138707246425131131823679 0.174098319114164736684334969849 2.64119975269152537036323235062
6534.76293701205329227929308841 0.216752714414525055441722659127 10.3184800302072221476279699516
6536.47005369835789934748824649 3.30934916368350806627944494830 -9.58687124847434566251938082311
6537.05465021374026478045346595 7.66373918393469619509533800200 -0.982492137316981991388733406800
6538.14260040239659928586167639 5.67871088393824437372155215261 -5.45328548118770529352202139561
6539.16998454796027235086553817 1.32865556221634239396289432348 -3.34295046538871382212450686902
6539.72496098489846511953009432 2.90819153648833326949912303399 0.0616309066953996720953613034914
6540.63890676023229760130704223 3.13037775912161107235003135311 -0.0381746883997779213435708494860
6541.35465915519031655232315299 2.23582257904555165800786010688 1.67471925140470793668210092652
6541.86239458309759665084956684 -2.09119380794635169846990471430 4.33137879209499971759196391328
6543.51765704952519030708105070 8.19268195223682818491101172343 -5.46633131895709976210626318820
6544.11750886673599124238269484 8.13436729391019581385009444341 4.12381175950805588940792812672
6545.40676130551131793016080316 5.69884913892946001162668955639 -6.73336161010870624218125846115
6546.20385314352675765419734539 4.93380389589790159340135917059 -2.67107872624231046099078909179
6546.92618718661910587913467721 5.69651083477920353862283578910 0.777825114135153116531583324749
6547.84936075713495692821156779 7.83921245750253197515783502348 0.547726054827294235986413361736
6549.12986310025603898983602872 1.31576783954892545530948204379 -3.80450566606452844765239181502
6549.69178935355455408076114038 2.60142860510896276906383057283 -0.126840590619993185081989278940
6550.28344919585196590304720785 1.99343271955309053912574505890 3.37320839098616482645451306563
6551.60675060602288537868790581 3.95615341347390704533480008037 -1.76429289657930500931318468091
6552.13791365126448987707587476 2.41172255644310138947447437123 2.89613302707783619543071761550
6552.82268678568406959011162692 -0.544151119165213591980425413240 8.02374713222468828344592657323
6554.18869683080665040125400545 20.8775728756638209648599903922 0.695502583014222451243129609200
6555.77686667419258593147249543 -3.45204671675476827828704180839 -3.53672443129357824471722740655
6556.29016415759170853613533442 1.34508638899974463411975852440 -2.03287363138003674462752671014
6556.93278760316100302192471980 2.26533573385017802842922772419 -0.176826685381344973824004133395
6557.55086618395927884252673605 2.12084631375952920360504408016 2.76070136462307961421015573395
6558.71026569609095841179477601 5.58076653703159080147537202127 0.156706253151172375459579367223
6559.45947309369739873015648874 5.00540146995049483900584910743 3.17939958268325008855454527901
6560.48523624845385135600904326 6.71829520984518242732453220758 0.964015897747125472745830248653
6561.24637594202838852902824855 6.18678182707657900999715850436 4.59450970741791059702780952398
6562.26095825534288922667205420 10.5676342525979761066829988956 2.74470134994684155572755746452
6563.36942199565997969668512081 8.42849779521659583730296667727 -4.14366567397901163790543940699
6564.16600419738318814962885881 8.31171441792735545770932118420 -0.700089774771979921083589836996
6565.22589672542633928771586954 5.51049955702927790460641921040 -3.98751959730740551874634994210
6565.91646367886160293638165274 6.73745825133895893226108659553 0.777387525990991465922284984290
6567.22212370421383350523118239 1.18545088215059453291343572144 -3.98889635776049683928377495636
6567.81094295857611720653821599 2.72676420482414955975678593421 -0.516127225989469702462824831910
6568.58511067360874159018345448 2.76778177508064159159866760817 0.746586806748825422898648115173
6569.31935420684840575201202146 2.02738641366854628165966729940 2.32067115068465955861294525114
6569.86628905511253248445786916 -2.82149407837262904428534209904 4.90156488759489763325257470407
6571.34939708013333167989752165 19.4190925650146088832636093745 1.53837735630504561457850496189
6572.76854053847006193980907935 -0.798788872535362591734928008268 -5.58743487234501933075737354986
6573.16626373942139664886183781 4.57303085413805050314017159082 0.211164427831352711724559849521
6574.23008464536764972100968196 5.91034693457928526205759583242 -3.31076553319974129983532592529
6575.27936426842375506131916195 1.82494297395514647515959629173 -2.95070790663461446789872564377
6575.92104173628615612311885247 1.84462494583764012152750403417 -0.196600417918004328388969355369
6576.29000773285941169691305992 -0.482025769512464744225742454678 2.62143115133007028869579210166
6577.84244472739352769222033579 6.67612790734106776429612274171 -3.67474042879768321530066737956
6578.66834054497910938543960151 4.40455180467405018150315245746 -1.04559280990677870809833841395
6579.28172676658035118410479264 3.52899759776649074283142727178 3.46223076067115617630058494032
6580.25313247548698629718116131 6.90714703239839145710140719375 4.13962389341486539580891684153
6581.10672679246419850813426743 8.90157894354722703190500300952 7.70645001607041149714384841034
6582.36623501742240210332757505 12.6733012076089269218596634649 -7.32824188740706500651107149267
6583.64798989345826686493101786 -0.998583700084280883147868131351 -3.62538094639793037080239134468
6584.02506523671367414354819275 3.07546934425491518196883733205 -0.0281893288014644428192978862841
6585.15214925911586021001004276 2.25823863455355914255304652176 -2.26452407738939600053066057335
6585.76606574925330147293030430 2.36623681404325881307490591275 0.529109861896323166797083547736
6586.36511760764868369193581087 1.10809547213072903621875012507 3.68146504584042304063871955802
6587.67993501904603309962998835 4.66516635768810983268373563879 -0.715776624509765526041843902980
6588.13353451500002342977770685 0.824518217235005759407653687759 5.14633470454478442503676766035
6589.21021019463736182652607521 10.8430403911479127358945421878 11.3732841804035960561450984463
6590.86320527739546212719913072 -1.73157643089734498599028626416 -7.49655465564830925509311795818
6591.49104859295814992746604181 2.51683201775529016031400935475 -2.80628982535671831898987732812
6592.14401122869627790121865791 3.51705167697218102596991916926 0.108929923794434580870274252580
6592.84595001005701836993495895 4.09614595640878410103529876935 3.67515298314263488482349511831
6594.03506242938221850304472240 8.17116807111567743818510598464 -2.19852508693338993891289129535
6595.18214138157058738412790485 1.56838277296744027085774432075 -3.16606537275178578692695492155
6595.67277958398908324896701689 2.67596932063948850099014254577 0.899377482083740920815687351381
6596.50020452265402423189283393 3.45515424808977192909796909615 2.30289986857918770543381385424
6597.26517031966601214867337452 3.06686474121990911774564938429 5.58672102721020499646574970124
6598.34069548369291739057377099 9.04411624956523002595644507365 4.58659992508163204459379419025
6599.17604676840773305594140134 10.8041908220299984163303381975 9.19789898270284016720189750965
6600.75378045466054136051690144 -0.585868135884306679264096334440 -8.30251204274863169521673317457
6601.34745798437536059999942481 4.65201862656901172275624631556 -2.94772388247433216533818080215
6602.39052798864012596889623847 1.76334514964722455865748486987 -3.08576618222855927687451211983
6602.97775348165671305157299156 2.94567515142165752360726954847 0.139100088280078860537938348336
6603.89713883714829688524774028 2.81431632704747883324099363888 -0.0267873181837195769252921733944
6604.42716713900024413009298821 0.972721025458900847946411529131 3.35019112745400184097320324483
6605.39955434027063415405623232 4.56725540521972340347852439277 7.90757281257877792274355188946
6606.69458078801830513673542587 10.3358644074016659744628265383 -3.38727731396500546390857308564
6607.76547418911370845564677594 1.63421365817643495586423279899 -2.06258143348594790682188315799
6607.96778178913274546281414268 0.0954640882106858521267191279507 2.82288753008547020132560046898
6609.74191796622534615250348500 0.374918439382411552675024689546 -4.86550010535056267914977049977
6610.09441567730912025693295255 3.96349082649759816117698223325 1.77608469865865068137143789664
6611.38679739599556193002262482 3.19154406271884254465550072413 -4.31259157730378993545082598616
6612.00797526700975652025707924 4.43459635534037426415321208947 0.206799914383680251404415413472
6612.90797750180939704021406407 5.78606453014149565166369793059 0.328475782780826595322868724746
6614.10382939038786830235533999 1.48603308656781755074704456117 -2.13464979298289373200940141552
6614.52535435174477825346331233 1.60918847032584216551226862196 1.38934594072697231395974023513
6615.24560467341684827492264126 0.910343316773623529491254793749 4.01111745425008822381943576944
6616.00132109309380285784713005 -2.96967797868963891700866227611 9.99588845031202653519738976417
6617.82312034163044432583308612 3.15349427659255353595005519776 -13.3146997102131555569769348863
6618.58259875425841794219274935 5.25681534574971593593617951959 -5.85898375311950030254736329361
6619.59820388031584808760203501 1.34282156997382866109296685038 -3.81248050511336289814814623809
6620.24365308176893940867461955 2.41222898024915379344999651970 -0.844363876942957759870461000374
6620.80184622044541815722090448 2.22019572457435777358329058106 2.59122493023918626819719028974
6621.89759344435285067421537082 6.41566632462025177110970045625 1.23821961109465633292782341124
6622.89615026372323841748720989 5.33971036072210111745249275708 -0.768267142866214326037767003042
6623.57496835380382422129831935 4.60522601089480097319703897662 3.40203433295420590830337745207
6624.66371946291832676058689085 6.11072240448976187291708154021 -0.0692621769058519696450909867401
6625.25012579055120953292360882 3.47263784767562934999924584466 6.64687221783740023447823599516
6626.63628730049630381087470284 8.40893566332993193936817862949 -5.67297810640404549729978713877
6627.46024176198533155572835015 6.12292821860180322284887951802 -2.02701168658211224226561441477
6628.06183665255925972521539238 6.20500836838027992534223357130 5.53067728547386736990296260466
6629.89128110341552715364757128 -1.40473261379566342244370345913 -1.05355730303728998334408761069
6630.11041842995293070322411762 1.38172509435549654717569631036 -0.165564247733162571949920591057
6631.03826821650214869417524715 2.16541187051673942154289574638 -0.455451720694925662144460931923
6631.54769818333669289733548971 1.08529707748633584197013354680 2.49872114285521029665385999727
6632.54865671179737731194856799 4.24403109807487633009087108764 4.53382705533751651241268264216
6633.48400202072731242017961913 6.43759776047282548265713280148 5.46742694136970173520968011574
6634.35259813455937205102049350 8.69732679770723071731246601419 9.35967731380498156193650740219
6635.69677549074587212832150061 10.3143315724387248266668973913 -8.96615913511558107725046128901
6636.65428733826620334183172484 5.02759172552700244701254371974 -6.43132081644772231650987378021
6637.62536368134377268312623251 1.41127620424109492745380674837 -3.12235200373375302968492032029
6638.09047385053032018156075264 2.96649245324089936837101112908 1.17146516925903910850791589815
6639.07575337051583388415336582 5.10073973763194604977426849450 0.447731221848323021593760374021
6639.85956243556238973787183448 5.62905690772058131645946832356 3.07772620046369018000193593983
6641.05512083244053749516607453 5.15997457750091002222978547135 -2.95734615517362988575870281298
6641.78622864186604110475394321 4.60719615461296097176197460193 0.349603761426382051862257528142
6642.64428363371249225059248095 4.20656843246223462226077453592 0.984373332848870544532930293268
6643.29254754233294269174364816 2.36790861507329905105264818146 4.82284187355834068580863611880
6644.11990286844342794215050332 2.44849781426868374311369079018 12.3659021280479526900818184632
6645.91840237215722036357157653 -1.71747894628165282919867552344 -9.74577754495627075247744790851
6646.61179553847692616364971425 2.48281623329410737565965842275 -4.02439121898788350712540822727
6647.32242386321277021374805202 3.68360583505577192686328040942 -1.34813481964584782108329018635
6648.07791959734685668424609708 4.75342853759454605861203745567 0.767391994303503824828514122591
6649.38408993355721778366876565 0.494608761736359965968501833192 -1.47197553766499563222796422926
6649.64735197654320529630474202 0.765710857436916803527226197091 1.13727698222097886980937314786
6650.38313497986101180733266987 0.0606914680378800740635077869098 4.61264447544364809201645894063
6651.54513943376441251423999086 9.01181764674989347913343333542 6.89016334795826401713080370826
6652.58366100999344902550706505 13.8900644105019296063736858398 2.49605439695972950735178693393
6653.94124067917246240639845582 0.872047370965489928390938323451 -5.32143851026581193445688082482
6654.36626848623088008048569561 4.33274831610975787358041935357 1.12038379920731915231741161447
6655.33457344850963587645825294 7.77200835327078240574045020285 0.174155533374893471827498988669
6656.44611467731319301362291855 4.38139510987353962695621314342 -3.74432712760498540984829526542
6657.05375549281134668937496491 5.43436158426670671543843467522 1.78987082959324663660558296592
6658.33570722937475942955088390 2.49242597797064595322717039281 -3.92518165847905608356804236238
6659.05507783164334437699733802 2.16840231160301897217610607797 -0.838434684528003638498655055312
6659.52184232074763971207038756 1.12618839259282177768279732841 2.49584268709236796934816865101
6660.50355559867057387633572695 4.28172948298027712245697292143 5.06710337018667302112425729063
6661.46164893337222039400690330 7.37709792124564143608128124773 5.88901130730777575658407118270
6662.34672063163879262335023433 10.5913069362170221580094241497 9.52528495353236591834145887119
6663.71902267830847016943866137 9.21893662891330306867133718862 -11.7613368646428303650127761568
6664.87291695047561724343266558 -0.972846344695988668915916284748 -4.49837331042301563941553594019
6665.43291695397920555497542865 2.38069431039965424628747195727 -1.60397658024021057982701734264
6666.23609792581749237815735637 2.36216627922774566745860910491 -0.600954267855946213274023281720
6666.80835308249645356055675453 1.78836512087380009282036255302 2.24911770020159205234490820137
6667.61635089931302985145671410 2.22980465875663365378495902563 6.20723149191780579591482220149
6669.09736226983757176227235609 4.53621759606905286658181071461 -4.59441129008909072769583721148
6669.81000951760737714384539217 2.95455953022977225505733348745 -0.394790282729681989622827610183
6670.17570231396453090322601422 -0.647726613446236701293854720670 3.91454795027203628058819335141
6671.71377880894534195860414806 10.0902415078088009833284424720 -5.27891648039150946815216120177
6672.52646539513196371908004202 8.90822523785469391449893153561 -1.54515894898843296437726865551
6673.53941818212945858175181481 6.17329063336147464403703319104 -3.86393949299568533548131627588
6674.25435955393829244019882650 7.38838131264343096476235853382 0.677574917417726593742559721468
6675.60812723522630282709699478 0.294642759200700890391657959495 -3.37214076935472948855232554090
6676.02107951486538095044293358 2.72357583834358550598631863574 0.606609938701101970791780101036
6677.03406207067816479251600065 3.61440656716283530539345608161 -0.615717632985345460579566453570
6677.77360231343479623698810784 2.90775022598356925469152891214 1.21595850369762962100323236476
6678.43819786894426258785734969 1.38677878354720618130301550128 3.81314533035272249711850367812
6679.14730042294439084640662397 -3.00750570676292819256857131214 9.01569853055661257237989210540
6680.89009803818846692252188370 8.24079532100727720061472765053 -13.9881782724293233019276269455
6681.88512724156857608465926182 1.28438465973011326551788854831 -6.12509833379364780406591996407
6682.56564030669912626718015260 3.11374123694240570952039260024 -2.10230364900044601630871297665
6683.18461781149967520865543423 4.15291052297482727414695762296 1.71080048094049350576275129463
6684.32308714498299791488030445 4.89017642890281628639238398159 -2.27212649451373233757075851458
6685.08463736541599221709785339 4.56788303722089780206558654551 0.241180803904237579509481389035
6685.93624431948732488169486610 4.62016169092388559207755156721 1.06507274339918718013301221784
6686.65634975151753901290244882 4.27367738245016088282440445900 4.95024660280680665127797105928
6688.04074192075512203941210796 3.08698952943852197903506393277 -3.33811852611451797037488997348
6688.50350213519319360847975271 2.89970397924447688302935128882 2.46405571979362834919943428249
6689.25993546176211031733678123 2.87380322817815117855023678713 7.60856275055857739843462965373
6690.50870752853846499181469710 15.6770541775541903425868274571 -0.0159821532008405052401678684852
6691.70492000925484355576239779 5.58153003364802335133170480306 -9.26562597434443864929048066954
6692.64754125474919421891033114 2.14527008220734069111762024569 -5.09750035747987048102117073916
6693.49965187110169102164631381 1.32536264861413268356033213486 -2.06806869345883738823258453411
6693.98151603608772913751896399 2.07856975407073959114169387350 1.03287216102559002136847753532
6694.82370288491502133082723996 3.38982876431372667170336918605 2.67054095833690221726031881821
6695.93898183628882168068759204 3.05698184280129890036835570977 -0.240816613479781297303498916540
6696.27231064692002917174694564 -1.19662550099340990891928053485 3.49015286689268547581740520286
6697.77900468645168594107421835 11.0281116342069634381204296177 -2.34252875005966677827322279908
6698.50767962290520853188987745 10.4380846149839320301311670053 4.31791707171804155081198789102
6699.76163921812827945608683207 7.53158302979890138422952545066 -8.35841429126638093215293684292
6700.87136818145374113866993755 0.0217129653504247208513617098024 -3.35613694790138067635334789526
6701.37579823687154413964633415 1.85614387004737073482458910365 -0.340093955787535427382263661746
6701.78467833047305666574530397 0.108610483694628338509007224345 3.03073869681665101932077533421
6703.33680667793998733189628786 6.00180633026306183539345559593 -5.41926952669666681174632572124
6704.27058949342499444280946101 2.44755074227843087427129161622 -2.77642218845685126892627632579
6704.87368601539701602422791538 2.82655744640359742437298732028 0.545735154361088747890245338088
6705.64010616569050970771896795 2.58966383733193560805407164766 2.01103046575844070726369497558
6706.21407599779814973602927216 -1.27888790324868811939682990167 5.46267467167962364637830635493
6707.53516863261387165051292151 15.5800153384754306246825013896 5.44757195668427952211448176442
6708.72104868968116597214284886 10.9705260615234586588235695817 -8.45696999391372008306948514427
6709.72699169926488730860955612 4.19152525611950708564285446983 -6.86339542823762496492211131605
6710.54517638956191324880937326 4.08326346354603063660661505654 -3.68187324892272312998694639644
6711.50302465799716167238404468 1.80800437256551263686028776520 -2.43444908338454380476659493116
6712.08990386812218885257981379 2.33754544360530418928035255264 0.384958705772042315220548337068
6712.73175992954633237033427277 1.78573352006077498450101815193 3.23727475090456364459981602484
6713.82534538544599569183662670 5.77691924790831118232372745516 2.40841169449302387182482797049
6714.55246389087270477952227930 4.49112424702768997882962434814 7.01124137507456128042070468066
6715.86557638747494901009414044 8.41596764857671188522451220206 -3.92421415806436214466833101026
6716.55836597257172920015862230 8.25033899721205440964742512791 2.45647927846237329698624917726
6717.80967501143126675073441650 2.89218780250337258966231649189 -3.89982122718974351291488504682
6718.18651971251391640941424429 3.13396676855870541365610440037 3.90682900568400646154817732872
6719.55968720505193660705843693 7.02570363247030476480060261560 -6.57749266406968994152870634659
6720.62619617309286612477279591 0.771535726901230272285546790173 -3.14611550721906347619436885816
6721.04342931970170015925635580 2.69680391333723929240639880746 1.00329477112193685038386198040
6722.04766824934759702018799758 4.66286825750606176542922629429 -0.0215611817905699635594683410868
6722.91417025479707925564879070 4.18161403483039665710354711241 0.482582793262028166648501755959
6723.64978494509988920081466619 3.58538975696127833117384635711 2.96438003880666136225309975912
6724.57328441851183613333008886 4.16828702424255581510470908360 2.92253701839252524074116237841
6725.06280124041704929823346356 -3.72481497051835908546634547591 7.24418141376159359572693788300
6727.20348421340406251163477440 -5.06175179110597395877291303128 -5.90736900117572029005221442677
6727.86135302884818255675520497 0.298973380473997135104374684394 -2.14548984144964509634919423553
6728.19108729899756673785474509 1.96403410276383985773209298917 1.22892995328360980414556521061
6729.48601909645088126759506713 2.01029796677080236202819761576 -2.13810151131924312806687677065
6729.89523729320860427227617970 1.83694507897412564791324784689 2.30516758714088081332024488621
6730.93494666161458547172205863 6.24177598793516446730639341630 2.73351469045319463074924988742
6731.96124887977581985624795408 7.23782062426412654465002902559 -0.186154350215196082613377865881
6733.01319727261114104377877210 2.68354042192659727010704383347 -1.65917116780124071794090912009
6733.35265197002839078886797228 0.566321701988695029942380920216 3.35692192108085298168891537090
6734.49141133363666266086000390 9.90650488134313930788442156632 6.38724415785690367086408513604
6735.74452377478200348499724058 7.53638664765357556405483601318 -5.81704826588357092461709078109
6736.40960535779929128411587356 8.67182810499439019297644805115 1.43498657773143081483968195977
6737.65122790049838290273783338 3.62822323833856760830088109554 -5.98917889422281171920540554138
6738.29718109191908299233894124 5.90099702240299496705336024457 -0.820428468893151638528100656601
6739.55241381218072081688554385 0.626488113863261598735049493134 -3.17403171509832938204743277593
6740.26172173486113581209914999 0.584236651257002414387544955523 -0.501232068361706382464678166026
6740.45769749302014314792368293 -0.149535523744739261917567000352 0.831387133997469497033327630955
6741.36652761747960516435173299 -0.912826840460836435815322392723 6.09710948640487451112880793539
6742.67404833269344791342240412 12.9049951829612778688640280628 3.97649951363227104200667474771
6743.67218324542391677668430272 13.0802918662763595492243471714 -0.552309190821548245840001338766
6744.72514650618385307471132337 9.01569182124172072728348915313 -5.83862249086008003852230966266
6745.67084983202645370608382836 5.56584058679916866216443208156 -5.01104347680911368635786695403
6746.59308087984661474918389349 3.06480031602103799989448107866 -3.21592205187473516730427852231
6747.24243789056056904048718076 3.81305839992326162279004203533 0.252864073781252113695896636591
6748.02917241981668935930505361 4.77213252349384018152267998498 2.37906454604802748082610481981
6749.03101023730709129418072355 7.27227338514682748816197061292 0.788849423586152957505954982359
6750.21368534222245600296988975 2.10866217564174704836186938945 -2.53791289075316657411371109138
6750.60175953974466344288235991 1.94829717781432021132562074730 2.50518352787128483124886167732
6751.78632571144818064178360274 3.88198783357127772142486305697 -0.321021085355488898083005932106
6752.17802036110466431962861659 -0.566728813185403238280300063145 4.64800195793960274907323981265
6753.43690475714266266621017122 15.7385504869650589630691814466 7.41547917886828551275310762516
6754.80087027466356072991070716 5.08270198224133387141135570832 -12.2795748117846226679031259297
6755.92906072125384573432754399 -1.12916879916539243233188325018 -2.64511464413906445147448172222
6756.34905616456497244522504301 1.84069503115713309476769664458 -0.566422426663315762939792907379
6756.98791226881294223096708014 2.50796081895505051579965865014 1.76531522525585894925896157711
6757.96881818565472032438738608 5.03742165063991205594104217922 1.73276479588210664489231562637
6759.04058696110474932664810227 3.45355342903663694869825708774 -0.948160032350290777345923363207
6759.50193212825902616099482410 1.16559903334850968155322286026 3.67127912391954368358907128530
6760.46245940059476355595889063 5.16143594538077298566404585175 9.04597929778268527279880195519
6761.72018032482819342365279062 14.3080419674904455523281032157 -2.84426602331587031989731208802
6762.87149391174701651389484441 3.57838992588393637021860662340 -6.59149087048251258743152536892
6763.55080510391099988890276997 4.90669796023739487469677939147 -1.53453726874174596481610309313
6764.31543096651130455699561535 5.71536423148758383130683414099 0.977403965956889545035307898085
6765.17750700346553753609518928 8.08953140119019046031444033589 2.51685161620786277042842492527
6766.62641834384165252827908911 -0.151320996821749973694551814657 -3.43960581801615445315668920399
6767.05538784212673425594923165 2.47793119454081560589574042460 0.0726668490702862802359171414240
6767.82649744404562222169931133 3.38689378864217520349679656854 1.75880381099645706338998670941
6768.76272947286605636864338868 4.42462927821126686244081249935 1.62571789695285302189353184107
6769.58567683707195223469204056 3.55500375165629643670586569199 2.54165587440656530109375361510
6770.09387939638827754038180052 -2.89153815087401691851091927471 6.52288210157334208813985192698
6771.95514842485467735009654519 2.07241262228175818647471501238 -10.1060489821019456615462402778
6772.49569299508420029478220787 7.98040537620131134012374855653 -0.915131877229491740010121082406
6773.74038304948113232239045651 1.53606005134089391160755177121 -5.95406700204838393189369055092
6774.57294680257648777047453355 1.08636738068871756842460364105 -2.05064007667542936985932516593
6774.99384010807015742113954485 1.92717541150721679569719984942 1.28591312500272466170675448366
6776.14668500243989934424007635 1.60252196082386264812400789382 -0.487430792316515624406438121861
6776.35923599738657748687761310 -0.986799479000110326085336389769 1.67126220765672755593801698202
6778.09485951430682458953898977 4.74344959861150706848681287175 -5.02848555760425513719341422047
6778.68417207883678878733900822 5.08370436695259124539157748810 1.40294602351295977871515099167
6779.58601807124076202357555563 5.76938755097821925373413604479 1.54551262094661219278946209468
6780.21753710773054885941983106 3.23085999608394136437272349632 8.26409659780793310054086962550
6781.89398762438150629915741352 0.370631376850886792321260697687 -6.57276810032944871733408622156
6782.35359365848203468523555494 5.13808922503539506779285984602 0.113789311159278225249520690243
6783.35303659247913766821033840 6.81470004787969195836505484645 -2.30726279312923839975953375988
6784.36934112324343392113194695 3.96070186055356905634117791723 -3.57324986492336118543407515561
6785.22645574695420413169371431 2.51355619559323321109101573670 -1.66738851789838784301027212683
6785.78341536400198631928971134 2.51624256867604878820816260475 1.76162941607708070102427927794
6786.86001220098847677252298130 2.51592885815912953778227478302 -0.0189002340588933670565376695210
6787.19072330627585031233896047 -1.20235808593195071916378541794 2.77934961004688035355062741028
6788.35928791773912664244069214 7.85250578421673923211145544363 13.3614170189025063271598554832
6789.79564299431305801847058210 11.2647310244220923510959480689 -12.4552409543897076020019937309
6791.02891545540925705761839085 -1.33375063468164346220971707632 -2.90356348633100221059788155651
6791.37640971553811116154947872 2.43754740544548689060479299544 -0.179524985805472981051563678581
6792.19669898165528107932037493 4.21101597394833127249927545526 0.866654166071774004984822561894
6793.06159344463602362476146575 5.65588448702229420208133033593 1.89699603252245887516064605533
6794.09662384417267973379986622 6.46942964862328296459495406117 -0.978305972956548672046796106744
6795.00781566810498835335875492 5.18743735326516599028550418424 -1.00454941109687502432529675212
6795.89691924977871635523183155 3.05966282850813986142708050513 -0.479297378180831912026368740853
6796.29555500389579993913735351 -0.0892520158486429834053468346823 3.89187158837667919996121647127
6797.77413588090257325832797087 6.89605054955802557074787291742 -3.15962539856079231280818079213
6798.36662561490545553038894821 5.63221048636194797063529028585 4.21305380303235426725515300065
6799.27332235498547657298682906 10.7805261780213732985822382806 7.63876047057184579332110380874
6800.77205141736880907363415498 0.921968123688189303404929984864 -9.86578315130294070446991471246
6801.65698828041567024601694813 0.502510774082408972039640832411 -3.48377035342815182144028628493
6802.22413241590024837055870201 2.46889441755153405690707014321 -0.676091076527404194695298026220
6802.95713033965462584905457014 3.05466058787380583995614526530 0.990316903212869908784305571784
6803.90595948059252730762022898 2.94049833806242358604207689746 0.415040819988034896202842625098
6804.36962240488133167823509107 -0.360696101520639672676297285879 3.94772103578164234933701757824
6805.73178557889103359416254133 8.75287419523958114146009855444 0.389033165680806094365250101444
6806.40146774314359108674115211 6.59131999834243885073482731269 7.44650789023306992993574682504
6807.68958608138691916089655334 11.1154938485947867503233297293 -6.25765760295515062224676071402
6808.69030159681408600799137839 4.71180487281569150971895675565 -5.55850684137180177397361827732
6809.40308016378245327449526306 5.81058450583321456022675183423 -1.27836301935194608615235605358
6810.36633118132055917366752172 4.90741459647721259149903260956 -2.31441959212773367346867538880
6811.15703639008074742239910113 4.56810759341299170136172344128 -0.283434076279213222912286725317
6811.85076483774986084497643130 4.87857914423482447837403830109 3.75176421371536189013251546180
6813.24216031370927153675684810 2.37137579077188326664037174157 -4.27981309192497139041394241362
6813.93731060828777788829245628 2.24568480752771683595153708978 -0.825756883131343129158514009801
6814.46246595322976872167639069 1.38526504998322341441814329160 1.95403133631540708902952417617
6815.08109630712081608016461724 -1.90958309188962048942147109197 5.02584014262944855803072817853
6816.33533864744557680384678062 14.8845216394597401950473867490 12.3468491577543054844444758818
6817.95747832191209469818191148 -2.24294494820699802798518714223 -8.29902672295641855214890416118
6818.59564810920908301259165165 2.51013727847530403805770667895 -3.31984733937493398821614749567
6819.20037886570384933484382020 4.53222665557784665835715114181 0.476652146035176246019463360089
6820.38949563615503686550807965 2.39541893177266365247255887787 -3.07765896263191363320071676990
6821.02905430497806405227687513 2.76349567325659585883856692690 -0.00836387884287588978756311464780
6821.70064004941103408996841341 2.44316140945964632200034923002 2.47264013169476237685034938789
6822.50371951865259205145527399 2.81352832053909517993838940730 5.90581048767020386812279550030
6823.68720303324014796413938999 9.87591530246877855624316963033 1.30532422337922976013475029127
6824.61908502273408660166468265 8.74925472989353399201405053900 0.139251355300238090101931875876
6825.43083343017987084462304675 9.37950886766846492489490766544 3.11091362374166760036617246383
6826.69455872710586109362072076 3.64933254246375797041649511839 -5.16041436970323313473262528019
6827.21519583981688413275058580 5.29195715201245646747690372713 2.03127513689301009753521234253
6828.19602411588470148734474831 9.84432564732413200576148036175 0.785986604673859983655211003940
6829.60039988040628630391264473 -0.453351514062017696939293365980 -3.85833032143997159674506018986
6830.08302737822715565069931532 2.52826431205902044057477954948 -0.600609035298473863366564847545
6830.87021362089146895284933501 2.93545108603180121070184706121 0.463610771249481685017812804441
6831.54502825460254563331071809 2.38351221587413972320720092201 3.25873541497981253722927920757
6832.55623823513879147237440132 5.46450040634607547012379971613 3.31990170320185403469412287882
6833.38926042188503764746884107 5.45495442300122150231759716075 5.34741062450302942834805309379
6834.17785865242941001558649433 5.30545620886082484918112807630 12.1866520111810984272444991137
6835.80162811865153946270291217 2.51021940567889492784182142418 -12.6469727423520824800070273739
6836.65433930838377262175430684 2.13558607857487248575726561133 -5.73617211877216613643492491363
6837.60800766334872549676113566 0.292140990318532449710796430432 -1.76695618967881199569609654090
6837.96192712830727699343380753 1.32028680868246496529615254458 0.716631511463100215339387031605
6838.57365531786040083683667770 0.274203829898972375654831215199 3.87498127304992948505740719216
6840.16095915824649465828031998 2.97048523275755837603190304965 -3.80482329348379812430128355972
6840.62944401878162792238302830 3.47720887991393675267521631090 2.35687295528019171658771997240
6841.65212880834394270630693088 6.37973786769867030891529897061 1.03961345181166346550246984407
6842.56840674092362712981253340 5.09771483228672102149417120322 0.508255741049729475390884742034
6843.09771681217878329241688120 1.23649171061730607786376461925 6.77261846173007449680123865233
6844.54206942653753463646124975 10.9935444704341574497163225548 -6.27311874245792086396418438890
6845.39559654657388327296055997 9.20634400207855277436036428526 -3.48072624920270328658594430706
6846.43760064934737668963905982 4.60955418706036822211737231742 -5.39251279036690982827699786092
6847.23086912474291495792760141 4.71718456383008460989524267251 -2.55166475978060100554084175860
6848.21131477906185193230808380 2.33611480412349342554707217343 -2.32390282993513768162939921602
6848.77590820361505295902413170 2.83956741887210092212503474561 1.14886434055254956015525222244
6849.87966826209654629345258079 1.48991507538301517589244257075 -0.516690506663833338948833798043
6850.11371657413243344607057958 -0.701943927307112274869850533791 1.57819887148390160752376511791
6851.11591127018098314032411800 -0.660975857962354048915495162481 11.9382274670310275402946373780
6852.98863944748451883485342237 -1.31086223790770961445935959232 -6.12509333226600841544142764522
6853.36648507911090737790113653 4.81863271753246231752549935015 0.185724983315635453293041504972
6854.36346709681818534322753810 6.97447167623402826507858498432 -2.20856388745363958733077078607
6855.29249181687268588486031156 5.93768187605019033322693250368 -2.61087923983083865435591749274
6856.26228325644567462750010402 3.01738899108983796403922465965 -2.36366905481185723473220676925
6856.76013167161713606503720401 3.08129905223940805485083217314 2.79010505070888157449378862422
6858.04941180056950768569963853 3.64476411190284754173922852965 -2.66837880757205270677951826661
6858.55842921437593147349620404 3.36215947661441836631168914164 3.00439834921200396473224802941
6859.92246395937664531770612219 1.44199422717629087040632609902 -1.81781045438237369030670564444
6860.18785889936823763520587086 0.569581018494495085678273764721 2.16127321809047082470741078770
6861.10830566141174499932616325 2.90348939264173410679928057598 8.32266741871181791068127158177
6862.25155232619714582713792577 16.2849026011086407425255926377 6.46186391680807909251686965315
6863.66156066196565627889345262 1.69175254314875328965184586022 -10.6239510372308744780441294016
6864.46807871436756285088785539 2.52533112606090269100774887890 -4.87168887456152061113546442848
6865.32019622955806505171281579 1.81492429907237449604090322566 -2.44276596310585557430297135092
6865.94753332955764125484848751 2.41498303216920840907209532493 0.0367981403349450566093784152904
6866.60595742231603536843974639 2.20912243476688572901754788172 2.53252179296706709269503729905
6867.50729174334697099870815700 4.23692276908050287971417653240 4.74538921792246860868111392134
6868.58215364168989269185737465 8.08642748589901730452878003708 1.83601551052347035273609766642
6869.56912774768338005045522531 5.51340791251598796941307261141 -0.486585420042965595949876637825
6870.02493455084044795078188399 0.787559989849562615748448887756 7.01034059411373303375078222097
6871.78907385670123030841331309 -0.00513390651539935784918069103007 -7.51266285216584171348002716881
6872.37244838200180532495661072 3.90711156638623141207117309414 -1.98922076934112080858159564418
6873.07272361397161928640732044 4.92542249402967502065694014065 1.10453761318964761627512541764
6873.93469403423788627707207285 7.34881160001963097501342663079 2.65220082500213556208908325830
6875.15332409961390920485759500 5.36918266954884655650354262207 -5.26771707073197809896956420059
6876.14531586166327123894502851 1.33494137768725275782524912215 -2.65678469611399141195420070401
6876.69811741031069991947282934 1.96336418035475014469144046901 0.201293567530794093281887152030
6877.23764657693294563644049655 0.635218454390693773206640780884 2.91074567808588913967243396197
6878.25886312461327339393878151 4.38276953033960606644054286934 5.80619199462263479585206950728
6879.11242181289431095712476816 5.70862356006277056623200010402 10.6580268903282232830950306858
6880.37794241060394515384338773 17.9124585175461690035404977725 -3.77471303049840096686472843033
6881.68803838421299345975217967 -0.604439723181449429458359094727 -7.56282038607483064839775591457
6882.44519735852548042440142267 1.08156097478977515651222171759 -2.47329673422139648628692251724
6882.83857721112888451289218862 2.40073703550598202421827123956 1.66517908210377699992638405309
6884.18130146683489745940193133 1.85684288079884943103865733794 -2.60124662524731586596851446408
6884.70138427851658890571983327 2.15842978158662534223711939570 0.838854295574160690153468193513
6885.26328275026107529172061038 0.104437166560286563103720130750 4.18440903168348454515926413783
6886.62366111911516654871246194 9.33758452462753578203575448935 -0.687116340292573889163753357856
6887.54996830829919900185588659 6.56253151825549918170683254720 -1.15163016967914324622078721406
6888.25099286709998087519808239 6.07292088142344659839084765775 3.43222503047173863907910683188
6889.28968108824741362221435399 8.10626102913284495323786802418 0.167964257272800270007888831169
6889.97727550906807695884145677 7.60397257898988342172301465964 7.16616228268164635275657415265
6891.53737283546367660451484029 0.0583109256833216691539457429688 -7.50698049588563563682636197322
6892.18273826061584890707850089 3.36160028315430924221393957758 -2.71998677849766374964818903065
6892.95097650211740862019112778 3.91093009671037950635610975063 -0.906032337595109351985547876644
6893.74994156047571833465154013 4.44203211509446326041660547384 0.523859610262990585463785923129
6894.72579629122865664583816507 4.16221907841423738567753160594 -0.657969358707209308094396916135
6895.61538717234814657567025525 1.58037106221156352917920809993 -0.205119638755586289119148523971
6895.84031197550877062340406213 -1.14163799392717271257619257013 1.48811117827791442722665083045
6897.08200322587409040120043122 8.08670848361048840408331232147 13.1756797824122550063401293612
6898.50234301407736687477673067 11.1215654833806001631963782714 -11.6837095927126190453406637023
6899.56041467855336880267873425 1.35221305196474902311526549757 -6.72491663672271810377676074674
6900.31874299024447181320226506 2.11136612967577299544123832173 -2.58258278907521605575795928776
6900.85810975484904860141254384 3.20546211875802367599080009711 1.23575436824119192765662957698
6901.83431532103459384932863719 5.07357698966980180478942491378 0.468357809693132284100077220980
6902.57867687222800012688126125 5.40255711739846392501207378822 3.92041049055417476582125376161
6903.93799822729460823196475668 2.59889454494385404802423120372 -3.95611969544447318355032991754
6904.53518636493188559294648193 3.02943361450874879161464806773 0.185840848590488204375138536206
6905.14066143864282420982345511 1.96075717659978805033041657480 3.69618724277359143799254832885
6906.09406289456170190150300337 5.65697668230603475608085269211 6.93709407188384749250518803954
6907.14003263043853452929029788 12.8147508126499320546335511982 4.91384242758694697774186441434
6908.44228189806951451603357060 3.67054504432208040451803913352 -6.42517926466570010777852830527
6908.90308954129317510574338912 6.41085331992304041065915841241 3.30818364764007807933646837467
6910.47225569874377493834796025 -1.42753902430073614795265786953 -4.52645861492061469285038439403
6911.04892456307187094898652972 1.85561348710845689162207789845 -1.74225318216596969126740305337
6911.81990683113361332637114132 1.48793648607030712907663340965 -0.479785567656309015889344201635
6912.19214457633588250828725638 0.0878493447044514067375710924100 1.97089234190244194760820627210
6913.30355554739990641754234885 4.79201132559255769598550817485 4.70374583612141039137723259948
6914.18754337108491418893646066 6.60390394126993939893679162312 7.10935708260291334050342026449
6915.32911731566202163672550283 11.7107117414947198936081501315 -0.394734645732988818466626629620
6916.24506392892840558492786343 10.5940265577282473807760669476 -1.05869491962006494274419012245
6917.21646842407530393260745696 9.40288353362508575408111758760 -3.53692855645124138517025825403
6918.35758701380705337802297503 1.52248109296599573473504477991 -4.08910157328406025298314019548
6918.81735666306842132037144753 3.64488995653500929849355001074 1.19610620177227058547323930713
6919.75035105609908595830927078 6.83684083402927223409075073921 1.32368580629411234436981442070
6920.96747341474914098064510034 2.57987454753440753442373007447 -3.45737952511432290447371852294
6921.48382793522273779322214597 3.49450389114710991922855454812 1.49173299213557340409192267116
6922.48097399915680945317979928 5.19471189101727942214363391449 0.274325006929167980826092372751
6923.35403404586596563022433882 4.39376906171168195130380823424 0.603876323044904268654247179040
6924.14588403574286222615779583 2.54320616160917448180210570914 1.40520794268761770210632677046
6924.46042781938862277842812575 -3.53431311742603219026433488335 2.40185001274337094185520399386
6926.65483136604614752832548610 -4.17123009141844323805668505765 -9.12131769365176077835732074943
6927.28679783768967838121663244 2.32853225297298221724311392270 -4.27125508898612594120180262627
6928.07166325656579686849313302 2.69096547579781310026915177801 -2.17265771490665349854862811933
6928.71943189800044669059784640 3.51279560670388077713053634113 0.687931110218791628287166353769
6929.62705191305481842996426734 4.70351576219689103408834864594 0.738607710248341711733094572867
6930.52889004963350765086093883 4.79738351326086252913898402894 0.667876873572735721437746646528
6931.34505865002306460512381362 4.34165483834354596908436755963 1.94372759749509846479216018119
6932.02325080739365139920099526 2.64067313199232771699995243461 6.53592677565624208851757195042
6933.30457252418752610575487566 10.6579122837709951321248085629 -1.72139137110811217183164578996
6934.18453598321083682459810464 8.74985870745898886565158030331 -0.888272611562029107570934413436
6935.04537089476232934386353303 9.01612564962159268126318915841 0.223125051012513406876178097698
6936.10813434243307623846940354 6.03337511221206785653957669197 -3.75589417371971711714623751584
6936.73874903030181920466709624 7.04897287885836560404380869504 2.77894800786865355041037118071
6938.14246006956862687813847046 0.848062298423032328245017558438 -4.93612578807676388418788737561
6938.67682499812783265216367319 3.74733837332251470648077973589 -0.494460538017183542080422702738
6939.72817441673869791688139133 2.20403492722534946020993657955 -1.75707417378711807639711479270
6940.31134460375543124658088715 1.84390834682454020755237074458 0.835336064249444743616792307591
6940.80264957994234448025371475 -0.918101283085639867133387243403 3.25630764105055619225804327039
6942.04940032462664512659809695 8.88108081482886303815043662948 6.32647495521665420315118377201
6942.94779855056580096115610732 11.9515885541128684125052648877 8.40276495365782856797725169691
6944.31216391900482690213896216 6.06992476049584410150969778490 -10.0205128679255130995433815266
6945.07150056342942071225644601 7.19247733075497443646556105911 -4.36265731625947627715466536983
6946.31146455826643989268294753 -0.425300129656949837839137833057 -2.36848844729818725199936520952
6946.66139110081153799312392699 1.87864198446344602556234729460 0.316607649776456965344578033454
6947.47263196352733146699389274 2.96373332905815031461745622582 1.49016702304017405000776266625
6948.14396861325625750935387137 1.78396417446361245022102917527 5.46027719577376518156339063665
6949.58424672847292125189442320 6.25450669551577196953798703685 -4.75922611275286903479002397134
6950.55803183932089668736306518 1.04610110044919845667337953879 -1.37756196888978685759914222699
6950.77871880041299884515253015 0.216969747245944541719573680024 1.74241041104256398272818645635
6951.73175677067312329472600748 2.97938022422612901469509457457 8.92717848564881271625703693695
6953.17071724090267070057455728 8.54014997049056056644524489303 -6.52664993203886881638328752862
6953.80763648294845553328755828 9.82284929076618456826162322809 2.58075503624271734264341455537
6955.26155855196833325534128364 -0.664207700034315267297188305264 -5.23703358241032630252394854579
6955.78844153482948375954977587 3.18735829633061846913308897749 -1.35484961742129492910224845286
6956.54604363655254301095621800 4.42722640397988162258963338697 0.374790072105257315914682272830
6957.75599370388266644714994183 0.919442212036977381620371157148 -1.47905348070735031896188038557
6958.03289165978341372264452398 0.673772194584600066688055033999 1.53210912702461299071764942093
6958.98084328875521213911914354 2.96515213139398028524238770294 4.37895991648586611165368633396
6959.81656648479728885584542483 3.43442055219184640253534875452 8.52875250002604954897524460544
6960.90147975152056093563777751 15.2417240047028683833164313735 8.86678176250323705537079864040
6962.60741206167961157871953525 -2.04051260270690240869283028549 -2.23347756141111126245315177626
6962.87022599655597247413269047 2.30290372183807731366931771600 -0.209461794651232188637445545908
6963.68028448135813779521022924 4.66001783958750224978419333006 1.00015688155488057569935196390
6964.53368407905698352386020339 6.78646699313666303347358600481 2.56660578617660725204448425549
6965.79678675497245326653650958 3.33810407706310132116186982647 -4.42515436682258437501592848601
6966.47863539884076813673455823 3.61494761568803044229209708856 -0.632168703976207748987825307482
6967.14099808097702571465829867 3.67981445042130611253870962260 2.77738984458632129031210522143
6968.31650108657940563180637964 3.94857276711918667067938161445 -1.36435774020095649834288991901
6968.80182833887553166115314907 1.98160833221284132356820195312 3.96689438467815062007699001288
6969.93223776099757929122589112 7.06541832213734328024205456790 2.07946948236111738417279101309
6970.53536874366609525403341931 2.59861287871229663476981355115 9.87151824432266847632097401666
6972.09593614575304517887375366 8.23458900884079240542296611641 -13.2909565813849182048241423157
6973.26241459690681049053364685 -1.31623445534008538551061605422 -3.17201568921841918816885929566
6973.65465648908217465108295896 2.57415271973470809188175436521 -0.515728505543857953612054204984
6974.59151067081689061422129854 3.05053576330987611665915302372 -1.08179508426461332458213652280
6975.29519795423473750492405999 2.89511354371104895904718479818 1.00332431038854652972503352131
6976.00825766287790953231038501 2.46932194549735487966311630881 3.64295717844027944867178219248
6976.91905449070927721696633785 5.08488244111119191172310648309 6.72300524395963293522444779441
6978.18161501890578689334656485 7.62445860189556019483278283174 -2.88780252529081377796267603774
6978.84239315895494408087174118 6.66229916025244681095176954753 3.32251203349058149161550281860
6979.76284341741198968504426029 10.5729736001966916932317730507 4.18286035556214086072102178266
6981.00433217659204861512845846 6.69875757295395623107554166874 -7.39789172275581821721522275392
6981.97686668382443891338042080 1.68638924339029049482584137363 -3.34324390048783688011189007188
6982.39741557958384293431338165 3.07036655974813876316372102581 1.93896333113187905130303124847
6983.38528984801018764697746773 7.94604147156769220247080251765 1.95050155145193727844315463038
6984.84387484422776337500102862 -0.366472024149405649227605006067 -2.24507213131343887572143995554
6985.15172185623282749324108708 1.71644710640511416728767935021 0.586823132099916707536035897722
6986.00367496095685442606066675 3.01930360666913410373413524304 1.58470224925999405559806058598
6986.85063367551777828230811997 2.51217366163586157375428996020 1.92849435036445774725622591781
6987.25412632279460396228302393 -3.59657187090627370335747519628 3.42061430650025766943254701299
6989.03187046520783535448224745 13.9489685742640219674465579212 -12.0326387657676328082175121364
6990.11317165368878814132848773 1.45578454365080924493706760825 -6.88647230634373832920395298840
6990.67871133483349141949466165 5.63186651653899053256633321849 -1.16709510689365909332668079303
6991.93952017036806327301326793 0.204140916844668151828192301212 -2.36649748804284371906267833485
6992.27549825583793439017293371 1.83958933318670440448709472987 0.954112569642214756423269444987
6993.15908382750552762155855346 4.04491803595511860536965153879 2.32127511142217623789101632053
6994.10997841756084361040661917 5.85314027903819411083631703759 1.98769821791920743421005935536
6995.03933973300880151013682420 6.20024300497398816923597121378 1.31652772976675431020054829581
6995.81935187568579475023789507 6.15590987393841241248709475743 4.34730160414121495377041743092
6996.88697587042344434047319122 9.04910641244487352887176898983 0.105277984505585712554843945710
6997.80869734891728488290551506 7.36744347053105587175545886020 -0.589918774094201570716501901598
6998.49879522210674809980884209 7.09021614107173067311929027442 5.28992599216738187242196221104
6999.68267865455648229704990591 11.4167389774549011434291801687 -4.43175077100947637374112015967
7000.71768758880452029419497977 5.83176419391638067348059467144 -6.76569759517386430278044201834
7001.85590089075557065406618501 -0.346559374902559448402636064673 -2.46195859187648487919351869633
7002.35283585147536279672384243 1.13014187254924104521767104288 -0.364909241712742974392363935575
7002.69150868053982536567878170 -0.122160157875408725644168054707 1.73269768960120104223316884432
7004.04372349932867686819001119 6.09703211808729684814909175723 0.238049601406714016082227189962
7005.06286617492058138034378359 0.382673839601934937555806735305 -0.159433304606550645734582805706
7005.10056467264672156872043198 -0.369093103619539406009373130974 0.214780874199855591849313029386
7006.73966238394911327651947108 19.9526953847456287133747048066 0.113641447250588508817851174056
7008.11474205739490788532413062 -0.849204665854914868228088236166 -7.96025439097249752654602605952
7008.81747363325487577074920752 1.91224802817368100892501597378 -2.98480915832034662872494149997
7009.36775070714905519068718538 3.47882170852926722329794272950 0.741145389856872081858386916772
7010.35408047236511372733759581 4.44492022046335679250318685291 -0.487032772735742374678927619461
7011.00050187977859690977237729 4.03685740649086210235759436307 3.87068509517962790225591790712
7012.23614597895873881177423861 6.53297703710872976296907135519 -2.99263341289341560261760023535
7013.15843422363897724395995180 3.32013836924385310814371621620 -1.91904225307588215730868905466
7013.70642647903748402818224599 2.85866421715643699766123285194 2.38194802284489656418085333139
7014.62988015508196365550810830 4.55887967218059947024794005022 3.09195592637993213149468271513
7015.28046692420927715466085794 1.02489987146294781972818156396 8.78619526987739247672579932384
7016.72161029566235107648613116 14.6417926167205533376207461069 -7.26810065438589654201290152727
7017.83543582363560474941917214 2.57061750419205768563637471907 -7.19656592026194529613865314917
7018.48222380774373921550516760 5.40342021614518693248616561914 -2.00817946198683122923168501355
7019.43779694602994695043893740 4.77521163066367559034784753725 -3.04447765124626542664854902557
7020.43587738254045377476079263 1.77168861352091870417506170707 -2.36851882978120934834335755124
7021.02306610928451713508897369 2.09920361357006841919790684318 0.322337049895359459050805952016
7021.65755724715758423587546563 1.31613065145020200110085881943 2.38904879892453410869511957676
7022.29522444404419822906763218 -2.40611590307027138686870643399 5.68800033486009793992834747793
7024.04283203159076108508689818 3.72171874074380799838467253881 -6.06939853524035538909446944493
7024.45516570243064328190214061 5.05863214497644599494234880783 4.03848422344966647630475964221
7025.69930404624329194712290702 8.42662928584148797194932343457 -5.18047932053041518736898457015
7026.59472373179611591584044688 5.62238403424835350394077541291 -3.46513694324309904140030082975
7027.30830666373973199211988071 6.60542377762916786848844202579 0.560964502047435861354567625088
7028.45447442745209796736502134 3.56275775779670727379399266164 -3.64347786748867218303305622474
7029.02673638139391294207544373 4.57820544972806267314776147290 1.60089172947143428737639738667
7030.16093781244498928006997871 4.60846923242662246936880421632 -2.53602948715295464166852326829
7030.91648067815889292811636423 4.07579755476404932859761519232 -0.0549774079738626229775078280596
7031.73590808567307642607077088 3.50939900235101124790287249706 0.902868378328166375624252908743
7032.32678939316439336942541314 1.21761629305123988949132995691 4.73908459027673374861138428900
7033.37483329967411865421894660 7.63678852547130569662854533784 7.58532649132264665281257372492
7034.29201987518325706444869685 13.2608758613726630717232319476 11.2605879689858317185464381144
7036.04298345023581237542024961 -4.12887298306802480251755859138 -4.61194723797023581825494483114
7036.59032823825039934689527775 1.39608559182613018707940959934 -2.61763714819000653857903756017
7037.28765097119877708789158829 2.10325914529763854987582321389 -0.857708275791480460376976511541
7037.82637879167552633585731775 1.94201997141670451547055086400 2.27013822805632729149936208551
7038.89215911775558059943606014 5.45936228871984758198441709142 1.47088329641493020364728111393
7039.72469085308638715661572126 5.86041302830789279678095981736 3.06593258689022287245438630138
7040.82831205880106241115667351 5.15884501864544687702903120259 -1.32252584543690625222328209374
7041.38046733999715272833121294 3.25727294778835456861402942640 4.57536037629032211648714954987
7042.36719069024241863100019185 9.40351588134350580417006721943 6.84827632904798179997303938490
7043.66023142189663485903852799 7.38911256409425250169513296562 -7.14739363525796537077844692821
7044.64489554627136766016923917 1.02511666310460827333090693168 -1.93855644869425452965472645155
7044.83163531705896275828920435 0.396030157158372243727122547843 2.31775439701902837916354982190
7046.48718518072916094576092042 2.21840374456899057831341931783 -7.14425786245574355893061049450
7047.22507204925460017587940449 3.11750094612997144906651586677 -2.72884875255805391701265699744
7047.94843845417935641276413854 3.69321315424385779567365884642 -0.435468939333056042154661488604
7048.94940186396961128588753384 1.69769682763381995157646816942 -0.906625874298171996319332649308
7049.28027251669904592390083453 0.169875327544498427256857596902 2.07919467573623828996086650755
7050.29721317184872708833195754 3.42401801210865009853271147583 6.10909479312476514624336492913
7051.12607560325200796551397764 3.63444791907235847476753923580 12.6480599088257187621488938961
7052.73110199817672928251616500 4.58310862549135341491423652113 -11.9159383227073660126784276409
7053.52983140984068178155669594 4.26425871074179074221356961608 -5.02289473676182239827176101311
7054.22932577632004134435670411 6.04333644984017117722884888081 -1.11060194217590560764397258736
7055.36225432591167843839070368 2.17500057295183435151753655104 -3.53138112864723065979857792306
7055.98600494344623053661757579 2.89297268778210626000696720879 -0.196131004648479423783589230273
7056.61475813482136630604252393 2.61546930347332189352455508460 3.07378385417446253019098424546
7057.64085933348547523004384158 6.78581492530453348108960236801 2.89904530239790305586419953554
7058.62978045372836522127393083 8.24306403270060332961527450847 0.596377214782982750564391295963
7059.88959689371428139790346525 0.490007494041797515355524396606 -1.30181976601247142533971637780
7060.04657077179575733816168164 0.254076905487657383734467476094 1.31179117704803387161664157129
7060.89730034682862423708407842 0.332122133674582009369384139503 8.81628770279191603909355077743
7062.39667182748813629520923021 13.5432515551590203711718858314 -9.09691099800201280558868057668
7063.51669879215070756444880794 1.23862439492300689848571470189 -6.54755224414647952454768776444
7064.11154339121527960183813166 4.77545150620380812964811744703 -1.64420153897582113635393622173
7065.14932852593262322615304204 2.63049626084778370851464724301 -2.90651735857874525781538320508
7065.78382858066974319411420338 3.32147427121875599621770048199 0.258509775403047467320142278283
7066.70065747516388940869393233 3.06344494670376947957853902471 -0.00364704052797436702439880915448
7067.23227550783984003880083178 1.12402713180441449377553608463 3.66239114766948752476704820603
7068.40766464750567531887702952 5.68321321012836403010550805405 1.66996200145868489181622619978
7068.91082358489074483319464833 -0.714357978251930860928763033124 7.99541105658093638328049905770
7070.63177554177731922517298244 3.44558916184603087358107874296 -10.1639362607664769429410568163
7071.25754903873680934883401046 7.39399102053487683660745187666 -2.29260066934755335712752028997
7072.43711505456918265154155691 1.05914383617624528939072946790 -3.85830482662085657684360079835
7072.98318756145854231130499922 2.51017020878233509682525945628 -0.200432050139514417180126200898
7073.46666299491689601641519194 0.848159416028791222790419969579 4.03110353880937339967316956769
7075.06713641484113844841682293 2.95326805501841044360981339759 -6.06611675741600958655719417844
7075.89087355344681090394165262 1.61084778914617841368499755507 -1.90989746804491369768778907881
7076.34246415018517077925749707 1.76983149028857058733109702265 1.44554912599652154905009440731
7077.06591247199705990315340798 1.40966166729825590532857979567 4.79302727331992253971605861811
7078.27161886543129506791795197 7.73161660940702514763714183808 1.48858680423828686589016322229
7078.93189080424812758098902275 5.07487735886151456586190498080 8.11529176254497635953920023665
7080.13730426241380033554060379 16.2420039535573122949316030478 -1.33046229291941502112410338158
7081.32904556785268592066826055 4.61274816971262632997439018577 -9.71423700447957605968634073572
7082.27864219987263660065586235 1.19829423586116065875642865058 -4.72615010183881935589800169388
7083.02420621204479903097095267 1.80210038354665728746102435005 -1.85783865847426808746771915852
7083.62073418104737785864439205 2.24911205333497434616765772284 0.562042367584976408815606509211
7084.29906779678328427281518131 1.96590628430918619601701712160 3.08137846948487915903212508017
7085.24872879786641957358598020 4.93945504610636332202445974915 5.16248739072631717269981237017
7086.30673143924499374006782901 8.68638995755518664945266738700 2.04541912374185516566048416108
7087.18623923728982352218117203 8.95409550674941603301182574054 2.59629912720583577694427242056
7088.17277564645694995857023829 9.63113934866867913490894633966 -0.414350134047626453119922711227
7089.06248192044893289495141128 9.51548742028222951676158919395 -0.266451461614552591930202586885
7090.04233835399370246563587722 8.66038283848071773997902566342 -2.96506681332764887018562712289
7090.99477390890167851609052098 6.29650086890112323258080008992 -3.73531560861023031636373597722
7091.86750387285978460226970539 5.05802269825936499081281113842 -2.51195395278696467395918460101
7092.67634225126812535192760126 4.96630806703814430327140461782 -0.811496579884973671700561675296
7093.50251176234616053864173557 5.52645986349492284069594867046 0.421106360832344666624163146700
7094.68869595153839581267538325 1.39184049845113964628952382505 -1.95161715236994852194159508900
7095.08572038314876077882279472 1.35505263545656496840708262884 1.38109579697949086656981678156
7095.72560256160924870580809282 -0.491523337841638111830287683210 4.19118432740527439034322484015
7096.63410563825400350729440854 -0.905904071902499957257101209448 13.8738260101292490983280406576
7098.54309229994901451862895907 -3.30594156088484962058839793551 -8.74716668253116373475131836434
7099.10574770626698525532415347 3.93647420337992746985247181864 -3.80359916242308589103296476607
7100.14860951881244667241345211 0.477028635870238527400014624862 -1.66809200394508313255763208164
7100.37467413155419221868087648 0.893805984101718115874531490295 1.57535481475231787516389777164
7101.80506077817116527731308872 2.57520386095642562965965927767 -2.82482002531799104265144109422
7102.32635049487713008017911433 2.77326810431009435776734899026 1.43534495918568890486935846049
7103.03858628085888940643576813 2.57629526281904270199600982249 5.26278595082668292188668558487
7104.51038606017850813401597134 2.33342448774208504727101088650 -3.04285362343961829064946000490
7104.85365342933574863956556317 1.88096145477513856601622220730 3.05083418451167568058060534315
7105.84020461792211478665398419 7.65133134622953179890634632493 6.33824927344604793087364564251
7107.08940711906623853895932480 7.50968923937255493026054537526 -4.68828881883245412286008860554
7107.73454339173036723591762101 7.86679916490740575501279541728 2.56788305945149150162988244840
7108.77607169575378074822156657 11.2538900807377775247650845184 -2.33351358232652592841088452830
7110.00186057894123897288918750 1.28260934072350534334470624725 -6.37664177794627296138271031798
7110.89029424912293482028909866 0.361725515306619702745366552095 -1.64381418107011390251166860513
7111.19622036845928645269414913 1.23241352609219619558710680304 1.06322858718785683097150480692
7112.28055294611687941229930296 2.61160540208677813784770562363 0.107438051881126402784945389394
7112.70033223381338197388769347 -0.446813825499781801815036551721 3.26452227291044646335763090135
7113.87490659856037311072706417 8.22038747100242845668731090554 7.19098532564656935738258741295
7115.00427607647114682213724047 10.2033220545495062854399001492 -1.13280982016284031783255430455
7115.66672917702619419003124310 9.23546224032370505954974431545 7.80728026466642307154341765613
7117.41222432458583668326355355 -2.35670732135328697822809921560 -2.66953155062824538725563138415
7117.75092573454074960705924775 2.31756677967162633694529998023 -0.828668279241106665618340001592
7118.53333583616306407841149369 3.62360328304824489750293351427 0.170579642359103375837008147224
7119.28366536074758654773046799 4.27001611611078091136836336798 2.61935922405823593649703075380
7120.25076905321031443516990275 7.42898741078428924671402145497 2.22603736547008291650239124160
7121.42151688219320015850144614 4.53851380920534363762796665096 -3.70143117011455462486790740957
7122.20585177363482008725043451 3.03726156717131364780810167006 -0.941845279070586729559164300332
7122.71659427800517908230796987 1.80629365960698030310381946888 3.11162078330803588584347665150
7123.68137058250383056158115295 5.14307125089614817882106128338 5.22899746795774382823311830922
7124.48905810826397432425720097 5.67496269282606800316099704832 11.0105732850386777684160054220
7125.91583685743156020463120774 11.2625506862531341613412307523 -11.1671874152735216202672117448
7127.03511189937321925929816644 -0.0277414947893674436692449031803 -5.46389204085191060710831876251
7127.56988323784404591035743183 3.87920718527202132686382931051 -1.26412823192547029435701387110
7128.56432658240067844546822428 2.64621305386264219200700662243 -2.10011582721025332947053362001
7129.11414783660534397286253297 3.02828225320022673290301617854 1.80299241800658629097521929896
7130.32998512359928870675162008 2.08367559476131370988734679916 -1.41812784805362854918540678150
7130.71071713868488206821208305 0.856104381950878900075972469339 2.23457731134860213649370859301
7131.46081454500811645326112705 -0.983417477815914710453817883193 7.10678237735461280347589910428
7132.87480775790063611616797412 15.4860736763260830526540643029 -1.92184011063109130904424612926
7134.00393765702334085030029530 4.84912945042520830579034259282 -6.82998985734002116092313616609
7134.72311415496875659429543374 5.13477298935366761486912175221 -1.82471418417602790699083096256
7135.38462283406649149662128120 6.03733616667610533883432215084 3.09205040343820031095119549773
7136.64074918265605343108563626 4.67052285478059511710608989356 -4.84302128637360349331356489347
7137.28823595350369604470972919 5.96612659280840477999834871855 0.361249292758538732410130703363
7138.46768606310090055842220946 2.40257912387566380380408373431 -3.33724508715049685841256634141
7139.02690284355239265832408159 3.26109704979587846856389026491 0.755352071265029927469641684469
7139.85713927178289458658853665 4.21613971261987643994338549170 2.02953159769979684963825455520
7140.79384209743818319555837497 4.89519875344315551320454366876 1.48789613725807815183670724178
7141.54689218948363960246134621 3.73775391754773329244246627063 3.75373584774280310272714472415
7142.17219516323295982660731165 -1.53447651128496282214390158159 9.59643444069792993287218225015
7143.97107706948913398988459836 1.36072392311544264642089030403 -11.9629352090034319601864844839
7144.64267207467968638216408359 5.92134008987935532538193540582 -4.77546325397424486010080881669
7145.70689149117254990257700977 1.24181173501489764994168233687 -4.16723800690634680711929466161
7146.38588331666160900910027023 2.30105221492121642399879865100 -1.34337741098970656454071467440
7147.15221424695616174142472101 1.42623997600898151134756812493 -0.118644740580613232925871087359
7147.42134225599912604260904172 -0.976569924308334891372722843901 1.62575030627275106563112243768
7149.10283130393013201779497355 5.22453819103913268513531152067 -4.07821493091231650452411409415
7149.69064936527874770214730750 4.99659361218771203075608400775 2.17518267469785863238553930441
7150.67538637347202870386693413 5.71605011302949482344469199361 0.500730679503531791977747422237
7151.24104072267050361457747451 2.48942230185885997347050585982 7.21800135156158166626207225186
7152.67313834875284844434426054 9.61591572841648420692659834036 -7.44374428124532150451751291479
7153.62941443015531931699973293 3.72782343893905776548133304423 -4.52803291263099844431468172873
7154.18356514698357259483128937 5.40154262931426279996533351908 1.72813081786906667253103274240
7155.22301655871597183953393160 8.63295936539523435189390805875 -1.80769232028234701509169539374
7156.48376709655148956956496472 0.253263204498242250081295014178 -3.63734879436832818886923331491
7157.06957369955420576381521363 1.69615352459648803201396787161 -0.759740577003942629098370736889
7157.56000913394978780982184968 1.23751459306429715387041311248 1.90471652292305274125968732737
7158.47972155911082767941766946 2.93429885443993419342164527184 3.69538724024719843003122143865
7159.23061039288180685688957830 1.36601232547550927943913567761 7.86488968358268361737289853913
7160.33244543467598180694845731 13.9035887416384536514239068956 10.8546151248027860735672866437
7161.81517232118702365257811248 1.73883716326923130616558220483 -10.9743556899876071596270259318
7162.63798701680328079631877254 1.68988520605119503414646196958 -3.96420627411676081458441644522
7163.13748719921224755927841727 4.10692292886962999940304005603 0.900365435461764170378609674361
7164.37193591864664189211581738 1.55653050312765628971558010690 -2.35712540610379128475197224646
7164.71198714334542978707485183 1.66574551400518681187611604281 2.36716658045551971811192912562
7166.04252686226798328546165142 3.56694394457951993055031349367 -2.35603448209040452284874115299
7166.53244738948447656232674935 2.85602252401158739325236510432 3.14501278955560323840542024975
7167.59561391139702731695456431 7.45307060867180371205638325832 1.76945102026576689554189980386
7168.64391510056588651195117913 5.00672367942295099923598515454 -1.63188090042902520653047107656
7169.19203585689249174495711417 3.40053928303831686431543979934 4.26090924984950457677480418252
7170.16150160552392534027302982 8.52454911568422285460622136837 6.16885931146387250189193745275
7171.13570596046013718670034510 15.2341429231029222173936308795 5.36973342609078642491025659037
7172.80674427289363860093872702 -3.13545287360213815624598326130 -2.86274210883644516096893665884
7173.35508818784607400177928512 0.465888936100725803834289787685 -1.16463850452660800417690446278
7173.62277090566670237585141681 0.790017665014116139962063767275 1.25521664406203207719585516393
7174.90795597535073035438160451 3.72987252886748858587200037680 -1.46152067886086630240810477184
7175.54747851979127503963347391 3.16846005238608343304892254056 1.80093343216603109122060929431
7176.38074598089150639566972310 3.71005016157207636705511521964 3.28752866468286974126760214581
7177.13582008671082663637627424 2.82227254792698811640888792896 7.44718148999908544999719443306
7178.28043826898353945644958204 13.5435270464151363934353594096 4.49710259926203933036853651700
7179.36932656017089349305375497 12.9657436550797265136272549351 -5.04762965972948142350715028914
7180.55767196544780627284698394 0.910549610253161132214770028114 -5.73472663726546818111058532582
7181.14079818864701358297376776 3.64650206126149940052581844192 -1.22755224137216309631275730757
7181.85566236121302511733613862 4.58652306779366084192499735581 1.41904526806684784982117874728
7182.76164787743305112019156341 6.88721374732762519805227439338 1.77252373282716492868331061666
7183.85049511668595487523195238 6.24274585590895559689551719646 -2.94005830582778601360493765021
7184.72085971218355044736415226 4.79278296119035059998689704068 -1.82048665173919854214494503587
7185.72532257368212431294604763 1.26037664985100162952649695094 -1.19332855277039766249681603124
7186.02794131193688051936808044 0.409426758284793553790671854040 1.58489721918900250122918430197
7186.68966642859689702512409636 -3.17188182758083033769964692840 5.07235726707320394585400155358
7188.32259450883910708618049996 13.4951525785034249490531616592 -6.99997967194890088296031740705
7189.14569049937015863213464373 11.8420652021266135324213057999 -2.83762781778342369626658456966
7190.29461284287059303523635073 3.36930031453879138918923609460 -7.31682245347922032289848889252
7191.06790093783549153325214309 3.97009640731604206654168141924 -3.48673453016829543765333124056
7191.98373331258308430971346257 2.34481768272073336080341962463 -2.43409938664589172333804253877
7192.68239872787378722617500664 2.23661276094458998137836726061 -0.276042556709219394801211362979
7193.22105014696558229476394965 1.22217338903319103372192351557 2.53748503592172716402863612612
7194.05374129101509107839444173 1.69461931278263586877463808882 6.93627667504986953473799575809
7195.42179071233110685320444281 8.82422525209982197790174025610 -3.17090242985835706540812668077
7196.18776276541578163848883513 7.18481823896853743328295028002 0.714400514240780109683913793240
7196.95781420018685768761589715 7.93583341184704590695916185281 4.63670863190628834298908865917
7198.14360636403035770369830725 8.58672579981686357025551089802 -4.75542690675435396864540130870
7198.99345320682358094980897404 6.75529637831393180450726608901 -2.52137833758994138634377615109
7199.74447863455089453328325826 7.96047186354662251925423896649 1.11610982602119888860094931617
7201.05714977708832246248737728 1.02586759539089964418516540353 -4.41216552281343191251256542265
7201.57779402411579215953424866 3.42731176029706779632800854090 -0.118288634562217189303174027056
7202.48141482311481640287154240 3.81979722262742190910635996644 -0.289207317071250961199525844189
7203.17204468685940674717468736 3.57548820669274765134179643835 2.62618044095678831942748214421
7204.26548635689251703468258900 3.93159551601641057088500808035 -0.300424581099175613999340490159
7204.76402244922684202707520142 1.07092099679664247767325879793 4.00218712239090596088505472837
7205.52307697479907374330550200 -2.38143080021163197841246698690 11.3686152441050622722290591288
7207.44501711469326581986931177 -3.16815366350305852643354623138 -11.0082470791398762538660992298
7208.19017085414614191475098898 1.08254017475693845489145760126 -4.49075358020960896297573389559
7208.92772421169013573835965948 1.69711462474700081070977354864 -1.71535341720270133933922983721
7209.38355002577572516123565186 2.03454240073571329651549580899 1.87702747370534205517735566735
7210.41378857727515058594912311 5.69397276922334285691246995947 1.49983242398900996699169964708
7211.33532349570118331531197665 6.53593500544032260850810829114 1.00671556181902023834979573326
7212.36339676857211834643849870 4.59954445171199871124071928734 -1.56148756842346329448619968446
7212.96340770159334910403304132 3.65925755296337066609850342447 3.08565601282517456819177728674
7213.83676676737660585603369569 6.10278120477379745961905527089 5.86330666974658904917108940581
7215.10195754278934226253289616 5.25757287204123256086502490250 -3.22536561572979804532275632259
7215.53272952191829509551523494 3.16136786833331687618483781922 5.82698746356145641445480476465
7216.95309605517143639572119878 7.43854545767847555125056694584 -7.48948189835563914336697627815
7217.71086705688542320280396530 7.81942594504175361315571706688 -2.56511572017050090936931947147
7218.73128531375246533920566754 5.02605298140069795530413034149 -4.87918384384996932268064558316
7219.71304515914693385376709203 1.62969494931951420901909615912 -3.10929209324705236501181474196
7220.43214754648122222657193352 1.36701002801551680903975056024 -0.711851223967691215132416007926
7220.78471197281030387852659022 0.276718099286347972866021836272 1.81215418551825795249207413947
7221.85804823240290975267744172 3.86388287733428139435735858414 3.81477606016319319039136137504
7222.53886325262200480004442670 0.432331258281664049286579288327 8.80429338045131006465077720716
7223.96132950909313837310257177 14.2520042394040215494459957793 -5.18408586535550200694402160022
7224.96027579319659361931674700 6.71553685733034943765910950543 -5.97650861627545558641428931731
7225.66463728544659900170179255 8.16029505022511880944746906919 -0.552693315739955376414712715329
7226.82623242118723691721888468 3.33113577579363355327049333766 -5.41455075471247582850750485274
7227.67065209784486318799109138 1.78373523745118611546091456632 -2.04401758837559148492610920505
7228.10497343551403658517966823 2.00796307145645905050475751238 1.90004227441054421198359374014
7228.96398459291004773701349411 4.53704674544261749095818130393 5.40264365072069697081722462908
7230.57897984975959200663403737 -0.190362683530422880477789727356 -1.77799616449232876916221791919
7230.78189655717230725617016938 1.15410649606839780048578287240 1.07308712344478009344073147146
7231.71216822595525545400399306 3.89823031524591883812406698111 2.73743306281775061983630093512
7232.50733722234855766132541315 3.86144706090961421007030821774 5.41661281685675460352419973338
7233.30572560191594636897202147 3.74599053461939399032606912653 12.4865040301019162279017098566
7235.03241035793979728750419798 -0.878423263990599288941668723183 -9.34635548768012661616742438676
7235.59204760100826378391463169 5.63951883759438476073991743379 -3.04665690395161578472323429890
7236.71529314173084119922390056 0.953042834106830040362869136750 -3.60850612512078281106180770068
7237.29270098819417673649554341 2.48802201859212538187172171807 -0.520136979387962434760579777560
7237.92381554965248799638428819 2.69831343339013075341751511163 2.32438602720320974608643988911
7239.10713835864119260369962786 2.96230912562982615223697164083 -0.975484520782767148745428967735
7239.49282490263126904218676441 0.371430623489909771242100560529 3.46626432219237519506246854816
7240.74457458011409281984856142 7.71993718839579916664861174430 1.51294247745967529336794146876
7241.38373752291592115242030591 4.67415241072854034596478962082 8.79245668486160841619253580565
7242.81300342878117254706737449 8.81324420524400853823372591168 -9.33681375046234482819832634351
7243.90836780251576373306793212 0.101627165300542471010264789081 -2.74448547247466980327013336551
7244.19473988383628663093715068 2.04589980600917119370223032866 1.39469222207022739149488082934
7245.04835117091622049787229930 5.78656234970041105224131629628 5.18781092106796062433432306149
7246.52197166173476337077531669 1.51569067180900509848339685683 -5.97203123542984935317462777274
7247.17274321168588660327464160 3.32625797076586079724642828313 -1.70962555239606249039304904146
7247.98013516489796857981141971 2.91111288515002386689216712979 -0.528085937177376861177427553678
7248.55887732602945088231272636 2.14619221143014376713938726669 2.82959027081748468333276085680
7249.57551582029898896294411972 5.08007756243880509577628648480 2.64118833477447266039401038642
7250.31130688217228472347432147 3.80315549053462919603010571520 6.29116654150819720372767103702
7251.23557315223710340367431389 8.66486662608282916130230614449 11.1498055089194306074057164715
7252.57913333438753451911261636 13.1214313114851967805058590802 -10.7212507261452834250059295656
7253.77696772047661461857576095 -1.09192542511984328788556254546 -5.50427026234301330525172257535
7254.38158137263694938286670977 2.26330189802740587997335463460 -2.13715018489412596470300830086
7255.04022843497173899273793667 3.22961160841536664621105571885 0.202503123002850600785761177991
7255.89461649342765847687479620 3.93609263797702903573990532293 0.764325778786214971815737994274
7256.72874250730246103849035190 3.86592147455002205641109743195 1.59980685167582453164532405754
7257.35880929746985022680664635 1.63797835943709258248795585561 6.19704408429058126126975465184
7258.88414008788831110507975822 3.86707207674484962204875040911 -5.12440561450270040753574801629
7259.51959269691867054369886360 3.48054274014980309991483747587 -0.0814376024729046523188271740644
7259.97084018200870206928785745 0.217890861565452484351680181804 4.97760609445104180594841054660
7261.33379770284986595855952003 13.8983158109032447443361974028 -1.92149093676759796426379449755
7262.44597405486413649660045306 5.06137151867602287769603339605 -6.61408674789909837855754324629
7263.12283200763805825635500900 6.87687543761306433437160092773 -1.12981769136513164466583661882
7264.27299405336781502445152976 1.97828057838922383078138014261 -3.67661441924123394098170538846
7264.74824809030038731546119039 3.66813265684183377023498100545 1.50129232236206290436426481274
7265.96285628573042583836497351 3.13486505203330735284321475536 -2.93945817641321681569930155308
7266.82507162335018468855428218 0.802221889202206780616939518017 -0.612780963559932360453363905830
7267.02257281092324904997938368 -0.232374261984470903415590332334 1.02958289647371568587534927178
7267.85116190738802544173922615 -3.06052991480745152763082854395 6.47684162981850369303952633692
7269.28179653101822007329603577 20.3208555388779436447455093035 2.21099316931982059970057524986
7270.66519602236239367935376727 -0.426201510541286047663814633855 -7.31126949517762981063077336198
7271.16257822527313317660355885 5.31628326604397057672798689537 -1.31022192990205007601784320728
7272.29391609460508282746341099 1.66258581580338298345070133363 -3.18890559509659081821380946318
7272.75681967874707398947248873 3.02323660284841507336615755085 1.34550366067333475974657331730
7273.70123407471590056784726047 5.66987099384764312895154323408 1.32361144736790832836629918216
7274.63938609365645810805928050 6.62679806286819643803682147575 0.411203589516922415330911161196
7275.69294662828777544235078951 3.58814546932749881136207153368 -2.01897139420226767289896579862
7276.18851097978182282045377563 2.69515938677180951011150819869 3.26755353866567609544425228905
7277.31341750635001173033226867 5.99025402168236267732774273610 0.328783319546081023424537130735
7277.91119492097854460752481492 3.39396652721158263017835070969 6.47271983326730138343154615588
7279.22632351583341673991651982 8.00290596540260819669527368541 -3.47394273897431948360083021832
7279.76852128234623380803924272 6.60278305807002868912842603905 7.06871713363642436489258608585
7281.31609406705710199248094750 0.705548439443140523449044490582 -9.68421929812295895846012924511
7282.17616714954250767616832746 0.667375649035881838116726354857 -3.66117719048522906231698502683
7282.81768169842067102760173300 2.04549569385872868515149271543 -1.14941998056502495013439826612
7283.49577576390255239718891022 2.04806209014845553265553875099 0.495796308855130029220930421587
7284.02369789727304776909999028 0.181028931361481334884408890383 3.34439684485452669533332371662
7285.27730236963712883580745531 7.49652145690248481259310624605 1.80132187412112954218751217824
7286.13969420490583112420702995 6.28561938579196430096364972631 2.18801975829292227136328976851
7286.77923886598582816361077318 3.28302105076768159477498628770 8.97983898603676723366748858900
7288.26717042810097800318159318 7.80550593427849547836755199974 -9.58890309665721770549577863464
7289.10375808098073640228586488 5.70638630491585499840533747261 -4.78248576636902822444654648867
7289.94027682710023564675316603 4.97540062986502612464000887706 -2.76554578109831212986307233515
7290.82142992911127931938262750 3.24363730311829505333401710582 -1.66657636583127343328138506610
7291.29004357574896657398014327 2.36816149216205549057316333251 3.80070023602735355153309506610
7292.74124944530859636888389508 3.34504405569553222699481962280 -4.83082943099193738903693747067
7293.40310965134122110823315620 3.96215132084382861464914005413 -0.634858764109050948046430806558
7294.20414796422323326789770729 3.99561676051851329536252836623 0.629598858484204666903638092776
7295.04889405271527570147569011 3.33104693692694143188100758556 1.09348254163192766612016460215
7295.56484955988139899249073012 -0.323459964537348117637591968898 4.79143560582265911900861792235
7296.57161904298388813030792513 5.45769063577901462426213646798 15.2588163867792704550459868035
7298.36868431550460230445677864 -3.58143173587104234535660727458 -8.43277649601051573849301564432
7299.13884860188026148471419169 0.0363577386505048262684455968235 -1.63568109616347396750181774255
7299.33657142626332000665458256 1.07686738911455641417413273810 1.34397831608070892587883307467
7300.76347687486829767567750525 2.56682920956280860307986262226 -3.98438466238008474078032628116
7301.58131710495042420941121905 1.07520275347315085812745050581 -0.987734203464375239578340024548
7301.84855760859361459157482930 0.184289454580122769621914081668 1.59101785184159851368888762697
7302.91787581965726513645406677 4.58700887422856038557878444136 4.94964659171467075491262848015
7303.84390068281406418018088178 7.86037350803594575502046250268 6.57991198879466229011908272346
7305.06028711502713104138166820 8.41139584475407384143922922107 -4.10785643340087103172303933622
7305.81816157603400466108008523 7.38350493538803427503458333135 0.0927892210129380171467853149856
7306.63720557842838712710632583 8.45379645410629386816105805581 2.28064841219973096488296678944
7307.66075263369600852937478789 9.92735200529825920228746741365 -2.08870474042166783331153115384
7308.67166497405579964884307558 6.37798928116514512054587598408 -4.68683537295828089420980719640
7309.49790397127716165207585272 5.91286147292707294934913295521 -2.55830692829443583776093215162
7310.50135704535830744491316139 2.93165393842079069256277084095 -3.07035760631685316244431013097
7311.19095172079951408026497463 3.06808464228129282212179969375 -0.310677692452474798424056707683
7311.88114596861893492156913758 2.93552635796648011480494511513 2.02784317211158295460288801990
7312.72437239177521587408799293 3.71420216085612271157068723407 3.59982564784178398536543637539
7313.55504608362676756265866782 4.26333421292432095585639992725 6.34633115516579885296154651036
7314.44913144117057138648454994 7.80933208663549593864132609998 11.2712391271074359684373326173
7315.75562854701834915874452318 16.0049103489112660937076774872 -8.85486602734776809859990244334
7317.10025055524566536220670554 -2.20620480451845430441942250014 -3.68494145894497088426993109539
7317.55373865338464021805641246 2.27443465767717059991539425030 -1.45628127130174942303287256527
7318.35100251042859416094638902 2.44732747351286221855098460951 -0.604989994547435213362611857236
7318.87199893791065527009442133 1.61169519072324938722183243135 2.87629747582022733317617431306
7319.89675709985364187632356698 6.81328623485635944440492298279 4.50330358754771149554248878672
7321.23378157009283022725498510 2.46021035567741662622203408849 -3.78510497369497855387935157959
7321.71737342728960643727899045 3.25591108099699621714027865372 1.53244324647298463813582227940
7322.56875105307791520043800834 4.35395225721967379038164053439 2.82652284143768622771888278135
7323.24398312276767289203349340 2.02752868915919323143432767231 8.38429838852751922463311605577
7324.84933314185650967323713905 2.35562768946392091111399812884 -5.92878002514435108270622606069
7325.22611514993492309042189620 4.78570814548577082440662148375 3.40738422853503488677227925721
7326.44410299529246880874626402 9.33107142052994759915255517071 -5.59279334615696716870705327108
7327.53449797013486370595649104 1.78729758540669365349521029916 -5.34764518332727552328818136574
7328.28351438342517751527796572 2.16417309467704582696247986069 -2.02127339636666769488672362993
7328.86117171170802037932306805 2.80489664179798988210669054083 1.02613657245748775244037973703
7329.81557823249044779091876707 3.63023127528992997869688632865 0.446609042592469054263978477457
7330.58683953358027529979781362 2.32714584432330941330534518651 1.39725357347939552344054837137
7330.97085843575531879272547254 -2.84491325879356870116987897124 3.01997470328225158361487702949
7332.65213047749760965835657198 13.7155559819035667468734486841 -6.94478061278263208250651557882
7333.51703338761233601971595005 10.5531048187528809132973479601 -4.22982861733834755680250314561
7334.63910597060312606845633144 2.01931215310394579483485427553 -5.22308033253178677253659106495
7335.19396369099550053670293563 4.44512204414321059795631427058 -0.0873073443777445995829785177158
7336.01682043606420348852067020 6.45469148685899342355482795302 1.41761120346160231863755375846
7337.31222396715748277707250522 1.00604728544104150972192918588 -2.72207553289694305994972899061
7337.64920146003312359829089602 1.98013322338919989265370725547 1.78924418955501200515580453503
7338.62125143896449761919230396 6.00980805003833157169740363478 2.85589008628168684517262941144
7339.76313652420077206582557520 5.11841831135796657873185329327 -2.45621201229265097993141302933
7340.49596453085844111674675163 3.98812918460805334743704269939 0.424753315305744956247896351840
7341.17241112423811170710664308 2.80900826627659728290221530101 3.25434693330241782565634672556
7341.78144895295132710226064234 -2.36147326806864585576894443704 8.25683206807449342725550042688
7343.50752266594416352665328773 7.18323440338798525757171949479 -14.2957732903581560337745763737
7344.42940719306545715571252852 2.69291297665461167159332242737 -7.34914658844021660994047561218
7345.41338442805554414938750214 0.0371546101190077420607805064082 -2.12624809530513940575351261500
7345.73718818616835001506642862 1.76526763524142565363819624127 0.840990338058275043600472387555
7346.69892708531508950839074777 4.17761568921529217944862717120 0.800397305019422221299591208215
7347.60144060078115365300713233 3.96495354957342320934613458603 0.571398123180207323655328051455
7348.22647058892309462416384509 2.37416885154148416167692737953 4.41092962140048974537092465612
7349.24977762881870154721038770 7.80038715974552444231257390973 5.38344723765434827724865486580
7350.34761871370821941993277969 8.52205077396230519145068849638 -1.13321696419332114926359450803
7350.97325649275916525311225903 7.04128157229129829357051771846 7.24173759526068924595801111089
7352.63184758357003276110424815 -1.06519901535092805877410760844 -2.94547343024854806271123455728
7352.88043023379191748361444617 2.52733576967500458138475631174 0.910189924551033532866433658030
7353.91394782891169192223393764 5.56342068914905192518029072272 -0.918677556791365020156185254674
7354.58462558022764159948531821 5.96892702450334390895357353038 4.16043005607439177262080419741
7356.07680110187445861320310222 0.237716939587225901427860911184 -4.77216298075791207058741046261
7356.71390153703541977255044624 1.83216020325454675458975309806 -1.33622444579352787613030966735
7357.29806496275990556703607897 1.76850089032716721120681899395 0.849377815004971386444890111234
7357.82992702495891300985206786 -0.475846605701263229866431101240 3.38694675524922562356975448224
7359.02242406084025933952807329 7.54136291442525051596878730492 5.60365386417535495388005143728
7359.81883344400835742844477149 7.67367095030383875428233790471 11.1251401028711082321009416918
7361.26701342621784289134948373 7.01298681148155485818279213418 -11.1132342926979962278589139668
7362.05813443122856816340960593 6.91091565763990210889590636269 -5.37869689898882576674100739119
7363.10259114902847073994323365 1.76053211718178769247684788498 -4.66578323430782086913308428141
7363.82209386750889323659588433 2.40007669883723956607926105804 -1.67940074021576645066109630528
7364.46976138972622940517084039 2.61487500596804622778637231185 0.647329382832577307478332431081
7365.12005991044137604557962165 1.97465984698620785947852694185 3.75418108645265964368205104485
7366.17682646223534493938463456 7.56768455639500757374353337655 4.07780024413667951905244191407
7367.44480526736258699585196958 2.19495588983246831621856402615 -2.47097689653517072352886366085
7367.71658362525053970390318975 0.787681745000408743253950875142 3.30429068091194974681733528766
7369.21123556897428340082462633 3.13153717421809007008404991971 -3.24404555447002678809281658184
7369.53261363158859785459046629 1.65944837630577477266712126976 4.30561714419536252996706836054
7370.77829604378320514816753909 13.8528813800766477093136235394 -0.794602106224925233112534751292
7371.98796097781610273223729255 3.12560991164274654140445799630 -7.81534371271327074357857127803
7372.80504799638443137190788250 2.49872585396790059666308430768 -3.39408788092301325870152779039
7373.42403516781782441078237440 3.83486985071989049021195066794 0.0690080458745312427613206276761
7374.34939195872238760332712247 4.39836116296128194534044946577 -0.488200332408363727889480718738
7375.19924376226791550042192875 3.76687227678960805665831960303 0.104357398449000363205318623531
7375.87815164368893572232820900 3.02933381598360657992624923064 2.93752606113865914913499393600
7376.87364947444542075632631379 3.29677877216615645740761068665 1.36841938573901244808505559541
7377.19008931688577670225595357 -3.66364569809446591097356124989 3.24517409315660711864902686346
7379.33278500543779885253215695 -3.96601673395077933451698854880 -8.34511644925905792431878447899
7379.97960305297001743651970936 1.41276094242898222416619109499 -3.23375330150513385817636852794
7380.46401157321724639775221465 3.54332341829468196790371131306 0.983013218074097270918556757735
7381.53693209084583301723178916 4.59721311114876967355410711263 -1.83570456152548220209711477745
7382.22271335668649795322478204 4.76518637665670668073191418879 1.67394865307528963329039099986
7383.17352372459482014059470091 6.71460211182766424821696800423 0.801238378303096311584513587999
7384.20239620588008170402524193 5.07619718449685669186071746350 -2.00556887734117251798319125320
7384.92451306714995246802138360 4.54733099451162521736981877466 0.983044361151381481577003540570
7385.75263365178695963291945279 4.63226952612538801605047522515 2.10961353856357519301012025852
7386.46155251413529779314873226 3.53473127545813211906052698484 6.35354479841863451362107231477
7387.54242064169726385679105953 12.0402677563621205947989863743 4.86550880181542561669892511693
7388.62953505672980657312711072 12.3306389575300588950914690405 -4.04769843945746432314547557083
7389.58450929165239887814873936 9.17050887043769573525290245887 -5.63975181895749445825564940818
7390.66417773996568068425620025 2.07250408271039279125198351406 -5.77823290762957498121970954332
7391.44025972791567623672385687 2.33313213996155601569975997376 -2.54258176817845841094614794955
7392.16073336793397589540486266 2.54592142268410612163901641442 -0.606058471811404968000014649823
7392.98860552852839561219531559 1.06494848353308067044194475865 -0.0200054423739420905763098319110
7393.17326933116340886785828166 -1.01356246354444120065887532509 0.805656470627931272759157651612
7394.71161787743220977399775395 11.6711180035163763888208348912 2.04068946810573897842865341374
7395.69396237983777999844904607 8.84780292775917627099115138982 -1.41191770496196375709729953632
7396.40327358596169102752212165 8.61391887071972653072557048272 4.43688423067368493853058756672
7397.53193366501340386003140616 11.4487978819743011363214043687 -4.48164129517484314384213188754
7398.75192076165717947779802137 0.107857307259720859137008557572 -4.15629273609919001594514661425
7399.22038682014556612974933968 2.85888699416480352300700618712 -0.170513359174094658271244502055
7399.82881954075010414131742004 3.00296825490375730689071884073 4.03347063841340924451165275950
7401.35418120337028968269353382 0.801322644290426474685863104619 -3.13881897883116499380122847960
7401.67066961889428779372702828 2.29479323906698271777766342382 1.93962616588729986436035043516
7403.01809081792348145541077732 1.76477097296170396608058659564 -2.32219255985833413867103682392
7403.44892301804383420009195624 1.78066366332332728831765047511 1.49151780648497247649478567270
7404.10346867098368407074282447 0.219282414023149853844407401551 4.72539814497228833238042418146
7405.07152789062533651822389261 4.29820810900375532262416073833 12.6381654952530382731640816112
7406.43487589913083524678464950 18.1505006201950821171293089919 -8.46361614144652183780405920001
7407.78277252003533543367311040 -2.49663617325680440170293253371 -4.67715430867752766442297679330
7408.31844224768475466697235058 1.94762730070983616663291515172 -2.06138873048773451506761322721
7408.96102309114937435481108344 2.97149824245590557539690981935 0.165061300767240884797648235705
7409.69791009998890154952124958 3.81217172050405355214468133991 2.55922225826650669607813909800
7410.87501663920837185293943480 3.98829756607054390930702608282 -1.82850081007047232920082984559
7411.47557880115783313045206654 3.19113451018759244520084717091 2.12682156817472997795569807586
7412.21334465195766883071853702 2.85315653174633248370400845620 5.90008200277543033032703628224
7413.32858287776319852961320491 10.9581577122330498775426533307 3.60563039011647692445055767713
7414.41881478843828869828674549 8.67966725962701978109832720180 -3.63150437512741177314674065994
7415.18065015704555626032996132 8.41896745510862487042690570511 0.429451071791408581479727776282
7416.26950435851581186880405910 4.35666725859138891819547617397 -3.37032818674802580020094545922
7416.71339171667116219225312793 3.79826240338801424726589098673 4.91856226010149976902833768151
7418.31050922329043696746483164 -0.143571527730866850424884299442 -6.19411807336509176730726367882
7418.98809835375802181129884888 1.87464793832084621262223217969 -2.12953970541240557741448755173
7419.53761702320676272481387519 2.68856889506790955061664500626 0.978321999021561140766401157285
7420.41591327507082203292865335 4.09787723061392135439944896833 1.65589104377070900459492527449
7421.42078181385290272830947299 3.05301810705661087051723904473 -0.0876313051554877203599592422204
7421.80696262224165904618735927 -0.640901429074130968628294766081 3.60116611786971412391751428734
7422.91068740787603675230698979 7.85017077524130385682678936792 11.8172043606663470225515135823
7424.22073543338247501352297779 14.6739953638130822844388457202 -8.16887776593576264378083863977
7425.30620576307238795016461682 3.03564138042685963840842626371 -7.95047368035849160433493640716
7426.04261576548945806416920845 4.48552124172665916272233803474 -3.54968063713107612196543369934
7427.01035831573662272811886668 1.92284448359843786936980290228 -2.69581051409730156121569136593
7427.61888217224088248742965918 2.28728221336346164663181159667 0.0862891398465468892847666197750
7428.12424661622875462785473411 0.632337508280389003896211636572 3.48977451039450535619386130126
7429.35088913106110535062712474 9.33788360195680754507880884776 1.83215150996745999386825518333
7430.55536889485981364420036480 2.88658422488518927231072659103 -3.83640598097467815638467047211
7431.15663512225053092729595761 2.82141767519084811636774486817 0.250941805302804507177071514218
7431.63430346692062269266059459 0.125447078238239964159705605400 4.12684222353843397444397312262
7432.74066996666316944826855496 9.79353636837323547681340635276 9.45557350998174512962766252641
7434.04157519819833245290470281 10.5762174967428051490369543757 -8.78377701361427066576966830271
7435.05919158947799676937516618 2.43824693291832730088835000585 -5.47494420518311959945732624050
7435.59044158765523425934858927 5.46577553420573419690456419005 0.604663103998405909003534453611
7436.76651677639443617626888475 3.50365191929907467786365374700 -4.50067670611378434290537893049
7437.65818152226356091707443951 1.43641848267885179557329181768 -1.89662537676360665652416805805
7438.12599504293822062317953829 1.77870208923899673019267992584 1.12448226784569917285574253128
7438.87221594076481960869760483 1.87698118324279579919183066636 3.38906335481739026901809876279
7439.73764871943525295426442894 3.03850098278944377433254180281 6.68918798620914431878426802531
7440.70312104836277576233829973 8.77776326167131038125515291794 10.4002196824611260028092005972
7441.96932338923160241808970914 14.1691082537727776278385086177 -7.17999958015609750717451660946
7443.17116086286101403032534625 -0.0465594444468516635118579683929 -4.95736797247383069156007473921
7443.62839435424409140332251261 3.71550851603819383655761091796 -0.210385284101443056827044803627
7444.42386622873881219692203251 5.72276438324151922105971897909 1.58466513600179238143362142787
7445.51897978639983581806398445 5.28547124020922316778352673521 -2.64214437373635162238155235122
7446.19211231227006134845102670 5.74267679996667093485753103898 1.75112195232237798099540511797
7447.47037960174018830926917900 1.52480957273321702986363091557 -2.89495453133683268174777358776
7447.91599995069617233504433809 2.26189223145011250115117592743 1.17349517175712779095463338463
7448.57884600830747255825599632 1.48875475772254029789218583176 4.87508732016097088697214370107
7450.02685198101940305221060052 2.66816850353210341255244957032 -2.28636414063149670853709900031
7450.31341465801502185289232005 0.528497370842873321379515860210 3.45350635110501299047247434090
7451.28737700688854348111259292 6.63450937868076847193441297146 13.4853131856521332994895205257
7453.15633301442415685768351711 -3.84655172161745583884565181718 -3.82179790887568748776343289973
7453.56225559697491659054133381 2.79614744788119758011013560640 -2.14556670323214839897649192725
7454.50115089542458506703345955 2.00443631761523902445484364650 -2.21809719642167372882755667068
7455.11159998489628135457264173 2.45803584614316674110445412501 0.359017388480926637916104499137
7455.75624818266049969470889775 2.07028407716671192752558156086 3.25966138100605042703987089227
7456.87926417398486547439735252 5.74989902763968931825561059624 0.996852172805474768207197978825
7457.55501568398302727788952164 4.20350716226434965046254235192 5.53651617626122628539521535156
7458.75889654760196114220712451 7.31659471709426365101215136362 -1.46977502720271751212617064257
7459.31791659585802507063687756 4.83262236698798067442023370449 6.97092473726261759834827864194
7460.74231921862534908193469264 5.50746327016500655149615280297 -7.47457701374369932710511819699
7461.41283677634054152182372540 6.88919854872154770791627074320 -1.16611653248095363238583892360
7462.34511922953208740851124361 6.73235001280241174366732246366 -2.27758972957963045815397284154
7463.24103435337079699878648790 5.48832615428838173618594641600 -2.04129216882973110916932417772
7463.95342849288050450165124822 6.35527055476155632717791879413 1.71562367046398796325052063461
7465.23533254649617872700397963 1.88845094624559919480431060757 -4.03133432579307722622987368003
7465.87364861811888969500292764 2.55229664902664896990538010164 -0.653922888733370230123599535705
7466.50956739998159968571781513 2.21581346031004176342846777116 1.64819357492163965022031437686
7467.23689200276099139951454836 1.46354028308891329258799409129 3.83555820107651803913027185501
7467.89351623021478315105054248 -4.01118390380437784152332989063 8.25154604385303695952124375322
7469.74231277572060914710951751 2.38202134033923120176105501811 -12.3621637817301980873969375046
7470.41069472272403171360207655 6.34886153827041554018340896446 -4.39198003921190373505285312955
7471.31615395713680876831234171 5.14134050268489104012280182225 -4.06755687535775098422697718008
7472.21633783457959865761461644 3.42281408511499037365135822481 -2.97088609072240512672183788368
7472.93845247004480695787467675 3.75474731685741446867515391707 -0.490614775785995593398850630486
7473.80192322180020140465947951 3.13765080597396757061965984862 -0.143023490219721267733857027513
7474.31837556098658007541017560 1.21434313771128303609976373659 3.87974407496994217863258999866
7475.45714846555549378024732835 8.87445747768376288408499214857 3.51357134349457907972706722047
7476.66168538083351010803617320 3.69838642536800396386415917010 -3.42087986260666041863710532099
7477.12611716226496179209150963 3.33417753688677375778179685705 3.11029668724699418259954023505
7477.99022037634481290347106469 6.61996677140024960417775835407 7.27592642889247342335129542615
7479.36080387944227182000690073 4.78269760390040337088576208986 -5.77404110202663119109735663263
7479.82649014660412263216763061 6.09663801661068847262384907078 4.29339274757963364356479971162
7481.27058513340612066812666830 1.66515992602988850611008752440 -7.72635647279121812019094399057
7482.08835304957770904612212276 1.53644055673300050636940829656 -3.11668951570985541662707322536
7482.76097055922640865280702115 1.93536024984657261318973499768 -0.713222709869691180331427078895
7483.22268450673278325684086540 1.09890629046910465867483040705 2.47850983744980309845483316965
7484.43540637124588218940457037 4.87210306495747344827288365343 0.00211113834041064124545927102953
7485.08726083708123857732274700 3.19175055246887624212294838234 3.51505087401381723942963309411
7485.83611009776898226679745466 2.10372456690028467692991084838 8.32114112901832206652593021911
7486.98057471256313269157596689 16.5141784384902383832089721703 7.21015713468005842784571967019
7488.34139840030263844735433101 3.77042844849939246805024762198 -11.9931466120362263254143380847
7489.41079326269882694850186593 -0.842187523191786832318588030808 -2.37155136878603221185672156281
7489.80164995982797668967468838 1.59506532711137141685705714445 -0.248792037012348000971485180105
7490.28846689131574537449914544 0.894233180346705664703250046890 2.80993495668283478331917095580
7491.48023743794674272119181850 8.78022524805320366115509595861 1.62760786236259815325134842996
7492.87117701094658366354045302 -0.0365875096189190741991617760348 -1.18579830730865819543688600760
7493.00060594622372258379309591 0.535860231052564308674766110627 1.00639880003779528836714654132
7494.15559366529899121758408094 5.21500530501512735107707237260 0.693437452171167283058973672882
7494.89335472095461700659862810 4.25917564650944577512462089876 3.30978959034661858593637767836
7495.62053555098949533138050085 3.05468527462517175956760686652 8.51841339864305856042079303038
7496.90323404126543684791248808 14.7248470496800361530519889363 -2.60992155588039575348752900973
7497.87666687116940567832566732 11.0482128180907437932642376052 -5.77910998646655685132869127349
7499.01837521288530517604411917 1.10334816586536855909803478565 -5.85732824718450492262543829688
7499.63501704475698219272470651 3.84902945781283384960481671396 -1.75302434586315169008273847432
7500.52075870127701963717786365 3.62832193840775698101796887602 -1.63525156488855103654095877318
7501.39435654035517408090827151 2.25238856907973336418299866198 -0.890546573695518429629009041674
7501.88960116581458033212089784 1.30855728857605689144256971099 2.08660627309598141275420468563
7502.60612849665019289335545559 -0.250873828748733026590816373837 5.81151703650649279271894019213
7503.81582209597224079850142393 12.4619888091038326920119945293 6.33127550726877586133332181051
7505.00762751130218542264065248 8.92898412739958334319764940366 -6.24773074457879544613789076139
7505.85576074912710291737882017 5.84271612954808515887346676247 -2.99490627928094381607694694945
7506.45877784424882324790039942 6.52471392577091412699168582769 3.83659017432155165011901966362
7507.88158270990787608164504600 0.992483653625879182486258612032 -4.81845731387727323596632729051
7508.32535772752473109027811446 4.03333534048477391220670675742 0.824598648134330551813130492638
7509.36285797248792752740984721 5.03673468771921073239998359916 -1.73975661552059677057912320148
7510.06201424671398897816171564 5.42393799149705260429743725719 1.86918894315332127961856710363
7511.26815209543029592021696638 2.88288432053679102590439941554 -2.96834777825026507775758070414
7511.83155009430001609371518604 3.07515265246631209736040244176 1.10644579400403857923207039453
7512.63910889217879787815894292 3.22929817614547426559093181372 2.33296347306725147624150397849
7513.25647860232951795394320984 -0.0564204330703594597842022909911 6.32131817127436434750398786276
7514.32745819664165042160761257 10.9955747443991243737883285131 14.6365729082781600084676386243
7516.01733875715293585865742845 -3.20892337556844087051997369734 -8.81733596368857005928337636700
7516.68286538315441916478481447 1.76601909514318412181644824193 -3.80762888140940538747864347771
7517.31654688290739363424457086 3.66747514149273165355774239034 -0.899004789777196927719713659188
7518.23392204448454852966549340 3.46373760728876289334689992302 -1.26272776301690858214776191494
7518.98825529347743785990858392 2.81796055210931319522848494881 0.336733429056955494718264179065
7519.48380858525354737266295708 0.277050872764249280244655095682 4.16945581393903612862887087262
7521.09547830802822392221820099 1.66039341705284468626221177121 -3.00003426364221541009140255819
7521.41896015870942309308200432 1.79270601854165985000808750063 2.40346068679871535593990135191
7522.23595594090026723703013068 3.33237932474791067554036529276 8.00257743405654903275582625296
7523.58380996257367656605083972 11.1804889057560281749048034474 -5.52359282855099400227683442514
7524.57606314094703156094634561 4.08987577676708518797933188400 -4.50638925871755662167427122498
7525.11775506656448227108356752 5.33388903596289735376039370206 2.18005695603464623510356350272
7526.07788866945925667378467008 9.91855569557472229368228503521 1.26433591128050072089549048177
7527.33924390015182779498452839 2.55218141853967333870098264760 -6.60513123410676197823647368619
7528.25594529898190469399795799 0.527890122593117851785363762578 -1.97401866010903921295506174051
7528.61882483470975572578477485 1.58165985499874443791251013714 0.960939141130102528385514818219
7529.57243968357449587186430147 2.58208541052556611651221032620 0.820352062634630322055856250577
7530.02451813662510171941492590 -1.04918793059304249860417233867 3.70318556079053308414085015462
7531.44303775509559909348464574 7.75242226515215128100313250031 -0.305425550407800914015230465858
7531.91847600377267929095181562 1.43223214256168244874802469386 9.24054506267758905960561773892
7533.70178886047788753610228307 -1.51789426919457846148276209573 -7.82216108281624418543374360272
7534.19617675629084093486934841 5.19989294901058493297341514519 -2.03663450339789186710457086578
7535.26941674633111732233641966 2.01817013292519369161147658411 -3.40709331326486877384680177899
7535.79587963811630948997509657 3.51290423602495552477302576078 0.857379759502196946790113706611
7536.85214083662803188947231352 3.17155511193885535570596111984 -1.20561193584529052020517967789
7537.31258110359512567344472081 1.62092497354054877197929215554 3.58472700114844765836849694471
7538.51384410782448942682881787 8.31907500887264545792194817408 0.244286276474143957186772946317
7539.50718119206310887511378323 5.53290213275065235048516531231 -2.02227463893579188572425428677
7540.22753990059018299634408471 4.64694434793388881083122278096 1.12475820570143021747305694299
7540.95221240023350360784599201 4.08656749666204490142247044567 4.29309367348286509661755847249
7541.71992723300395442854350891 3.83218817134110181386869768963 10.8052523240143770339503068621
7543.27408681060413234066988318 5.57088336030303824795437061593 -12.0662350864732410510916863590
7544.14308959787402044075331594 3.20571517340800458679251117666 -5.96327580716335338235725711624
7545.01728221127354976885688104 1.58078566982203221373119115354 -2.66411084438685347529770967155
7545.46964533559232413230399044 2.79046462423445117956608992965 1.53356070217473573758480180286
7546.61977843846227351710134113 3.96393931586732743735333630401 -1.83540679399818379209522260639
7547.34646437536407545522572854 3.37212801757989231376923956929 0.445956550374841140748290987606
7548.16392890840921291669731319 2.08352496436421897840902210805 0.819419776008770218473136178650
7548.46700925710844735637200996 -2.38816328927169931064447835654 2.01110416230507767613347392336
7550.12047217472583633451361732 15.9218427147306127272520715135 -4.56701479270199901101468330434
7551.09389039687928439147890940 9.49861417177041538174604443341 -6.34950725337872583681015617729
7552.05097794330828775329502265 4.88820769745388583961964916347 -5.46786366264884479425031010942
7552.91572271990433147418282291 2.80421244196411085457902224856 -2.69746900673091867442201814155
7553.42259959542814435375223738 3.43485679311838366403341479503 2.24181761717096969465621120066
7554.41506443076576478213354993 7.80126176587742645722629634807 1.58616688946712563747209634367
7555.63698699843411098014716231 2.68118053599460310189935649221 -4.09250123838638919853130805810
7556.21563332034949694027437481 3.77676132506307651340020605858 0.374511598061932917262826033207
7557.12384846948922159634218319 3.75575821514002645969040193194 0.0742252938059478860103409105304
7557.73165001526658073720908160 2.34061349836245583633232282091 3.69356109691650168052597469616
7558.61869314490848428804981897 4.63162617611220045808405718429 7.24319688349533464939477389409
7559.64337631882520978139578418 12.3843725633937840216067394417 6.92109723118729208929716496070
7560.82982002323996747160350651 11.2235378425424032508130426835 -6.98014917831113259788446387772
7561.65895999399135561108819112 10.8992309038787179748598955538 -4.04410090712523788183436891205
7563.18281443762766103713993074 -1.28898044093391276517734792831 -0.743996100393641396771351980813
7563.52041569923274140521845450 0.477107181425887487207264772817 -0.380990142112046895417826180430
7563.76930189121988104369755901 -0.0128888510171092204239019866565 0.904969618553362449626632217172
7564.96024367684574401728553076 4.57864286861375255073190559122 2.51776215847381587257210806099
7565.73285340386478034964807504 4.38217263479037458061124179098 5.56916306405367128847581258785
7566.84532243001935095439115752 9.53657773104151727968987320081 0.956992690597345269060558409227
7567.86653111593645712864277137 4.99043765626710149877501685820 -1.99600904487424499812883688390
7568.28906760223502552014268079 1.89832238518205403272889497888 5.95941252623361645919454711902
7569.79716510597797919344464933 5.83410034277002206937938873279 -8.07559776849536387452540737205
7570.54713799041585321884725021 5.60995065908239174633508675949 -2.80581547092126854237912866399
7571.28128937795661147962070743 6.59643392765609109202491902247 0.487170502945337051067147004602
7572.27899397784661798118502445 7.09527062814643287055348228457 -2.38045816231565446131640571901
7573.25518430647224596413432951 4.34109948751038613972685730386 -3.26509382285737481430661788846
7574.04680204844820789913046809 3.66929699918889407971151984452 -1.18088465298423844166260698041
7574.74988883846233816860933098 3.70078123312698240318778134129 1.29310929691759754170432571077
7575.69666816466514431865296080 3.57976598723853281473357984425 0.428594960500829655422244636185
7576.26860507381627295120078149 1.27453913916408524698743956604 3.61513672562096791599710023306
7576.90577059095237680033735478 -4.83017486271318554450506637168 8.01578625908406771568939545704
7578.91748666498054174498885428 -3.39303376760136549212838901664 -10.5496127702183124863976301082
7579.59775731637097985404270279 1.96609232320044101936487040236 -4.43768053106836347325755081938
7580.28008897722621036251292356 3.37283080203924172769829644573 -1.55850440114425977078865424766
7580.95983081992911206892398279 4.37965772338751553988962410800 1.34134647261937169078482289598
7582.03170554950228752400418403 4.73414353656083419650092523399 -1.80360660865250399372504889572
7582.80298386087146659402859538 3.97433460165956446224707711927 0.163864058773754746619459155323
7583.46273477458212595792437446 3.35300282029076987701161041897 3.75631938314765215870181255687
7584.48695973625636249124173500 7.58814216238424699512907714119 2.76777087182137988110837657325
7585.46951762911794794222522819 7.59776437954768342138789150914 0.0395653780503992814449307075422
7586.23499458417727123549303356 7.29219540021838458499675015185 3.35164200533171721693878923926
7587.28323949164915887875497583 7.66036527267532140975499251407 -1.13349650031413694617850653859
7587.89035060344019452643250311 6.30797254513140157242472798821 7.04503519724008230315418299805
7589.35625411585728582328390706 3.35980176034570613621224174382 -9.16106380673384056368397972163
7590.12087148667680283705382449 3.99524679615062986062162914091 -4.03870815674620101013098278113
7590.91822486614866346842135422 4.19442135050202384000084769992 -2.17585810423487451699367733091
7591.96619381205430860346555910 0.817845751569840076071688377673 -1.44447116723754822456046117651
7592.26971260583010636057151451 0.838290250987761639797363641860 1.33162446087901006620751022960
7593.09831395919763743084145251 1.69890873944816652778366700277 4.50572241247729974479676746802
7594.10274254223773540120375477 6.35980788835892073744343202192 6.38672552278152259579139657224
7595.07765816831963253798719304 10.5089642653019522054076339104 5.33107448008383856429751204714
7596.01621283778781820886321806 14.6706801733016845373591661874 4.22474909923187961035314594922
7597.41498571667418401745630001 0.222730559550546343888356516782 -7.72785036789621577626929516841
7598.00788285783274700936276329 4.50173886561360219215030006013 -2.48568199829859279044903321635
7598.98270995307631967123137040 2.36774980236417108558161705709 -2.55022796274502241874064339816
7599.56515471834806771232789246 2.68594108558940269612366829211 0.691646746464746100758269427928
7600.13085872720579193852261913 0.908046336695116369208717107435 4.85604287560070897345314894813
7601.75136601451447366621462853 1.96158957720811858928830177219 -5.42383903389707542420980644048
7602.40516347040884178025399732 2.72378147832125320521409785955 -1.15996576719056059752154339519
7603.02236632714815036501469023 2.26146817669794332750930749222 1.38159865713693645006339058864
7603.56067857999971034944743231 -0.971195010551972363090896148365 4.58759730723439146472876564622
7604.83119649088774155837377279 12.9888238472321777823105398143 5.66966275147546617581599277286
7605.85793432661077817684337589 15.1161659373216673792322584589 -1.38091944101958296927400823686
7606.99488298008987027391459061 6.02217470124728895081633707353 -9.07726854113480799197769815400
7608.02135412268464458616041896 0.294150418394056952233418638453 -3.49823939009463672466940904750
7608.42080787014101737560536239 3.11622617346466364948081355035 0.752037332039994979021474307372
7609.67360780989710405922213874 1.14601261254936391449613711335 -2.08662977750957289241869622897
7610.06621426462204754582689508 1.61399493983415823192636714270 1.30362232852905932739066125967
7610.85449032033882984080318763 2.31951127196146256500876640083 3.80085315787732686385993679011
7611.79453022112764100458424742 5.20077421666265770218466036488 5.65874083335662196268211617687
7612.68224951444394139710522393 8.21507626189618384755190475671 8.76715768275090680017193750798
7613.94912548298428440955132797 11.0036885822064733874235862395 -6.56277089107230190209051989096
7614.91101908095560688988890476 4.82385213467724862930072538355 -5.07610101150025937229554323586
7615.58970673294850762579356943 5.60702612939635711326951609402 -0.441799858952799545115030370655
7616.36144178990664269792113445 7.12465597721686464414557719335 2.38678470790161845977281011642
7617.49068741752944038351239471 7.22615145883934600687384276882 -4.37212056959086109199761208283
7618.50622552971927843372747856 2.22981830407539809415201912765 -3.53371243338969672831737950229
7619.10922140045705656752407110 3.02762215485711834429998798854 -0.0214287705413563972791355021456
7619.74944183342033197602954041 2.88614507968365452904913357988 3.36292595254659070685974954629
7620.98392485511179721196052891 4.53342207243103103876651854067 -1.80917638747567814617635505894
7621.69357497143453922948836624 2.43614824251864059899687087465 0.602188995839060784570426919419
7622.01749270876627608122179217 -2.15045729527481166817458549893 2.75331641649141231284858347223
7623.42329854559323422689974163 19.9925830575214603079121915405 8.08145802867378624619485620161
7624.98738254728935055621279756 -3.43440866976833628045774193387 -6.98607697502014160917027731419
7625.59449350139094091712508995 1.90722861102087435008422462481 -3.26238194103587956207087471381
7626.26529275852293990474425450 3.28212235014352598702369099864 -0.950875827999112722702646635024
7627.12721355626390798236672697 2.99166605629846546464368800434 -0.609182516611682718237400501218
7627.69097994776892761550192138 2.21769290627742014790333177660 3.02943337582409676327067528276
7628.74202644159776040853094580 6.44807700627554884150214986094 2.34168651657685963958387432688
7629.64270247791283675821373000 7.13676559119148210520096526357 2.14296536178127059660775614206
7630.56992797719493676473485734 7.59220150595875172312136943247 1.07555875533103859695867104064
7631.50675803218237320091904585 5.75305359522988307513341913577 -0.255654995869414609353822768960
7632.00909930411812758822553439 1.91906218529761330662273729785 7.28793290549707053290875766900
7633.65186159174436386194597415 1.56196028488563356056412891927 -8.03568988892803412759422596254
7634.31230023863404139201119994 3.28762336087108914898429204543 -2.16617796712666419654337762247
7634.77178800081249869111049729 3.07787948122865375422555326229 4.10323182056098154025986104953
7636.38715148673837759780876634 -0.405128977495891175175975341333 -4.15892424363596768560332898867
7636.82298939939534759022997255 3.14110005638592534389835623295 -0.233343088200449861912941483855
7637.94036620265617509401661305 0.983435411377032439873935816926 -1.24153792811460957370000508114
7638.23709996760379515985888109 0.566935091440557666165014008678 1.40333674889932133510451569847
7639.03929491068801606838958200 0.445228980198319142318468260161 4.85850967794124634673721986221
7639.93479087517068110312439478 1.61338553396498062479561857143 12.3178132949734482471368846708
7641.50566757355713694160122368 6.79096104559568313327747620542 -10.5093386818923274609180307435
7642.16683736339641163747880499 9.30228785750141463096634442314 -1.92279982812985080929633001248
7643.29517716717903905170382277 3.34287573878972432204132338913 -6.10600054140481731230609718239
7644.03570391774562676709340800 3.98658675258089466183783152404 -2.49141238417198738890868728886
7644.92781331391034424156172674 2.23703971285150220438845975899 -1.48386943919906210611683187633
7645.33159932817989131772655009 1.35570682350973828738533257133 2.81283053567894106907618000820
7646.56090568708450315029816458 6.83290038968709988415269573292 -0.708098420267628651392950648253
7647.39980410944975748905476204 5.83596378410594687805769396033 0.341700383678532101737519245354
7648.19782158482342376133620973 5.94720577509517509216007666532 2.27528842627840500648149583464
7649.21036891410397877427035359 5.49829496732414815479012555104 -0.494994158257746103062624035709
7649.78792474395531439813399788 3.36232453579429016327074735882 5.23858215594110986616834234407
7650.77813157051046845169070257 10.4048047825212003115479499001 7.49505276194011552897205646167
7651.91800085013021388741425316 15.8028207926514084161415023270 -4.60249760344555726681293739168
7653.35668095786595755853400183 -2.05463595384134716660056709390 -2.53105792151558292395980707553
7653.70281498644487266645029870 2.19991752868854425929832169757 -0.779997044151282176635224541450
7654.58063887673852542238141534 2.56042792453205265016192306091 -0.841856481167479535658907905382
7655.12149457261432181885351216 2.06769941264771088606421620205 2.61895817496124534484453928555
7656.26196685135912083578191657 4.96685851805151974540818690725 -0.0379412801877413646626775280201
7656.95640764479743716828232639 3.73676227790353452510849585579 2.94103731572249847570768368662
7657.71793364482173869802770821 3.32345991255971393451335181473 6.57630119556089126570632473644
7658.65228632749461169198238513 9.05613163366093382517592616716 12.0138346781049124623964363208
7660.26442252026225327457749510 -0.763914385679926952952636595537 -8.41581441675617950974579012789
7660.87484247416802341952792879 3.54467330736321773176711884690 -2.91684598285656607931707203063
7661.57868787915175857267461688 4.46953682946972002873682651286 -0.213475027754055394751933990417
7662.33183343766821755812497189 5.66337159144455800670138194765 2.51475823238315456195120126971
7663.45619416391899542480241443 6.14410650531565639635623948988 -2.85901387955814952416510523198
7664.20300925439186250266590523 6.36676315713333542950739083557 0.334480369160682103617409028232
7665.44405948793918314674556243 0.845495884375691498576897169322 -2.28006275076035928748034843474
7665.80180942901732438792413337 1.57551434466358446852207759666 1.20944251964216691288968163559
7666.50282282347084886489137870 1.19102819273308682874705943362 4.38101391447798820657087629840
7667.54932915607310494543148444 6.84151398324259680737103178360 6.10147889818058122401352005678
7668.36566579574393464834495796 8.14395624571022895001510270494 11.8595805470859718788157581595
7669.93602994672927418398886913 1.04173590771910070775019925039 -10.2701768627968799549250266689
7670.58104253354323009532918866 5.25837396188829122666610422088 -3.75592385922395182954657210284
7671.44712992053369320887406087 5.12621006512568680382646402761 -3.18845739294043854155272105170
7672.45069145660343270357900398 1.96509095192449289610918749102 -2.93761734389457108808568057654
7673.10353409529816600362441190 2.28955392267433765200478654641 -0.368750946848219991864644785443
7673.74063252810095822462695237 1.73163823113993101304888302149 1.51195335703616125688375701390
7674.24151106468996627157111245 -2.13438837588038792495588697738 3.82908637345628477268020314175
7676.06147390875422792744291158 1.52200697644617977572342406383 -4.53686878773745431634505375208
7676.40451706415697875020203995 3.15447972325520856908817704241 2.52646030926797828360465958134
7677.30636742582246727434752729 7.80207945285112412522829985507 5.47247705939286053959516262179
7678.48960900565385084108936317 9.23624977952590723115750003405 -4.48564408320120937945965349315
7679.28381664705463706295566766 8.95182447555629126678619991920 -1.20010900046660370618445785560
7680.36972968947026473278259894 4.30724059589500718620747055246 -4.91563724196735617682497737173
7681.04961179807224477118521520 5.35159434202627225873382061849 -0.678858567100475591099588336846
7681.94548225935826976365823133 6.02035953481331076455046019069 -1.02611774365295032307165068816
7683.01816736395613613167964284 2.34631186149197682260515453368 -2.61756598106866511097547080818
7683.59396487636259000295017679 2.48995611454606346738555921831 0.648940062341492614030891799788
7684.20566799113576602668640308 1.34142126759412839930479199932 3.69142035801256710717966800919
7685.30555683408110717672095347 5.13885796185268032955937760028 2.50913596728937891283199619008
7685.78299353292282818621766771 -2.65170451846154787758594214929 7.79467755279648652426339176670
7687.51329301522924511017432197 7.80894038752637855563158052412 -15.7441535481767658845478810140
7688.59169289007184032191277716 -1.15042774338921128515236592857 -4.88167710487551053867819427965
7689.15661985749617987760701539 2.31557466022984770972132431869 -1.83023284582779656006473781461
7689.85800108312088534049270097 2.76496357323223243221498213035 -0.0569252428896865698993436275622
7690.42965078219315752938921640 1.95933504222728245383777818238 3.74566765620785066339690552323
7691.80217653304354383774802626 4.12000401605103826969454005346 -3.12459567577268714725189861388
7692.34274338869625612578644815 4.00019011434573705820837140680 2.56967653271184185906989622553
7693.47940139816183319011531920 3.85046660359946714282985247702 -1.31166368005231127437042793688
7693.89700596097979110208972712 1.09637156188359394594408818239 4.43847569407114967071124805859
7695.11227241774850867805725378 11.0063848790622736534319739180 1.66024888223623445477241224980
7696.13638504108243852511914992 7.73358687206281936326822800382 -2.82020816373293940411409485349
7696.77947682829961215587052494 7.65297211888812042284663858359 4.23577959484069893136060074517
7697.89846911174215808642477510 11.8407540240734946427376043954 -4.07340723268598376961920415273
7699.07102594423101017705509913 1.45417436415360883107023996585 -6.75338757959670234065410905520
7700.03604754603926350510811511 -0.0786821198899598419766080904505 -1.01355753592147781676414636045
7700.21672437995464469310872919 0.642799586567444865649936802253 0.733071783019685358489078919454
7701.15795457219802158040668198 3.32215584504265072834506322008 2.50396409454451650453137944008
7702.19473138193756985517426711 3.39535751226279394182535146837 0.344253889517433098457710058219
7702.58922987558417681798618393 -1.13468514202137062658514183071 4.11398746277384613148869622228
7703.83100312417673207212460882 13.6319419600437480692890552504 8.66215124885953482941867012163
7705.21316678604093060251495328 2.95810160622751984495156494573 -7.77160328768593014290274182071
7705.70321688798584926564984227 7.06545512846105511146252756277 1.37291740675749823886085279038
7706.96219619127969151868986254 2.73825729401330042514471845906 -6.01134048740634727668246308051
7707.73676036077735259171769265 2.29998011744314663231473922089 -2.16919752788112024840667375940
7708.22097263206162792013011989 2.71078544957257767905942019413 2.11935146880862623788997326275
7709.24264064128669704067323989 6.29409717224499295904185059091 1.09326377358206989698227035853
7710.12383987793625523263575591 7.15116968474917524983633967599 1.30035237771576252908812313481
7711.22364893196640948884922911 4.42895133542897941496323832856 -2.96364625382196630333828227708
7711.92893380022746730060179816 3.76751557128323547382812019930 0.164616297239228675782293455073
7712.77930828825800379868317213 1.20516328912962590281383191712 0.195760539027549352086485018998
7712.90864888992159817460414673 -1.37277924418411966923616458840 0.423080896408437700035404793602
7714.90497565468296049871544388 7.10514807030475417207105693231 -14.5160792162348972104009542004
7715.80680919283311179134067816 2.72125084376417707959450396540 -6.63210253233458043333050966071
7716.49316184661189804057392588 4.83734015841047209015173144792 -2.52400974735296480021762902802
7717.43062553800041888108846781 3.51932467226477848311400382657 -2.80861350490690099121035329012
7718.20943989540999307895252997 3.12497230043542362118915298713 -0.973430212372649950911848785648
7718.87182800992113207345173180 3.08422842884553072064725770081 1.62009183799843771590034630037
7719.75348607499646253551145105 3.85810618137013663065857974986 2.05478804540650711578986053870
7720.41217507454147800866511781 1.77976420668367063696410437430 6.12733541788460954960691554564
7721.55399696371798638299679244 11.4040367849013884460224735128 4.40153141164292718176080039275
7722.55722880170518515133805298 12.5763250668993536705619380265 -0.737002733722947164935617432149
7723.61828222112613562999027570 7.07561641017425046349978845111 -5.85355996277681622999403036645
7724.44091667135644955537935846 5.67694918554746336676689575043 -2.92499123132608564431096381401
7725.24287063307896945113252002 5.15935329652025966182453825148 -0.975407667884479353320641903302
7725.88107455896429125599730213 5.47480681061709300739198109896 4.46833189704823561765630740567
7727.36506783439773603136533083 0.647098057264399148816465588539 -5.46142238086223861425184734613
7728.15453702082755133231772806 0.470221917819339283392752970913 -0.970678535620237406367462371389
7728.34532120548133414244874624 0.256482059728388253895609230645 1.10746836624613623696470167176
7729.50844429845751656661817645 4.52144182133770652768422617288 1.63553931535574761413771637313
7730.15671068424713054809383365 2.37429053409060224330508952847 5.80389549875779950239434954839
7731.32634349259578114406508405 8.49961029829543752883561401905 1.39834003000254405478802913894
7731.90460401660742687002565819 3.59141569764884596223722115004 10.7165564299822603202502965268
7733.55115237783445364314828645 1.35567663874437745771211629507 -13.2520183494059386615864658235
7734.63720989644559815158560314 -0.744228056262842715464741081706 -1.04160431370286646599699948265
7734.79905174837092648315076092 1.10102305495465331740884401865 0.432887330629143334667539995972
7735.92019180287870357529465344 2.44446781434625035079123663666 -1.24983966976884479192368353082
7736.39898295362886510934584805 1.67977205465505270865204413733 2.42744005455789010691264843113
7737.28151667340369987711079177 4.10269982872048615196047349324 5.94906281702334470916858770388
7738.68340051495036037636041454 2.87184048105311155950926220658 -3.46876669763361506107528620432
7739.07607912656365394712225869 2.68946070926519791176063741430 3.15669790473596172276425632423
7740.11354744332492601578904500 7.73872216310110839361727220272 2.52433864786405069266362621105
7740.93212895465537890896179560 8.80585171150219379553492140272 5.32949692101558503812145835192
7742.09382681739246353737842147 9.48989896943434301073479011035 -4.55788373317752338970539687095
7742.86176814846111488120529811 9.90024329180676810981160407966 -0.383597728944601054936151393240
7744.16874233914376723842677498 0.0884911760289569509538862921399 -3.85208274711553363496019498892
7744.53918576644179789220901894 3.21006425159850060498041150680 0.907693880945175091122557393906
7745.56417766555176129791996809 5.70915436124930073879111254806 -1.33817885152019420196359019142
7746.61797214976455827379610978 2.13539309860179319720570644098 -2.37564027355850395708913569217
7747.26272914225126879424740381 1.54651663541900654811863192087 0.0132424054842396732401978601570
7747.60384325625653315396331526 -0.724266656191765674518794693695 1.89274958319759233736196325670
7748.56089926797334183328427205 -1.06496951443372912236133691027 10.4856533758320106472360402622
7749.95034046841622715503241746 21.0166289500376797027633975402 -2.77010889595213970470921840157
7751.41794259056058295860308500 -2.10946330012784919305487276445 -2.82374373780550655377053803235
7751.73224072218809457515052281 2.48158046355107666189943020292 -0.475616569297755240355842467644
7752.41205906388566299063475207 4.48005694262534105654114788071 2.64189056565742145187670365970
7753.81256412421633719987615987 0.773393837935888298483135439382 -2.89766615374646494381338322573
7754.16580807285688478366460358 2.19086610759732384838565258964 1.41794110976511012005533658283
7755.04274473804950504067180141 4.95536332966361732256583251022 3.35325443447161031286306088828
7756.14054594469943731245768649 6.63253930829075939006548649275 -1.14351372954175452384445309516
7756.96166029378296779165777273 5.45249423871825492637629930818 0.263804820348424724431917092235
7757.74864875347762980162864927 4.92362710611916396391587746360 2.01721335599516247342688644584
7758.44196761016354133931523036 3.74896292792071497550414396086 6.73227822621532305711360813923
7759.59295477095188386750468328 12.4555690351002329247066293801 1.34422554323979343365130229868
7760.47013660388094898685378867 14.0754216299434492606153480997 1.79480350794152922010073580599
7761.85201641672636159426888918 -0.586877517200516857792945077209 -7.35814870950009920232170155973
7762.51666983883802943865540581 2.63376529736223006351088838349 -3.15164561819880797638742639387
7763.36553663748545884431955473 1.77436383950200653606288542494 -1.66872191679187974709190027158
7763.88794362744815494082287389 1.99443009215186507094092860016 1.16127862098036215763302621774
7764.62954060891718051254362315 2.16951788888948502899050239181 3.60460757784507938950605650808
7765.58054932120547418237302147 5.46531214572969407011949353954 5.46348642025545794458715729031
7766.64806854892334201804697380 8.23973768823904395628072328846 1.04912075539079998267358450350
7767.34736142724087846954603116 6.82483969755134770847168514749 6.73585583455503694299993460303
7768.41709385647645967162051152 15.4856880124055340801194502434 1.74557499727575431733746754918
7769.91332777086505974238583572 -1.72625694182102860486447031234 -3.14502774610509715936345598736
7770.26124368298407531835873981 2.49020964014785864649725891995 -0.426944809495421974175432823890
7770.98388684909110766986777992 3.92365601911559114983794181539 1.65474331101933055767599773488
7771.80193559338381245616141392 6.10284398782873938896051870855 4.43386896771070536218246342261
7773.15216423581735118669432653 3.31070240377868880792420774943 -5.60453709448856627973577330374
7774.01889997577125993639479717 0.989961326764681258516489180271 -1.48072486357129560311934856093
7774.29626952857790783592310550 0.716242015854717650787314603834 1.70254076396010687598191211177
7775.44878529447287131933581509 4.23367072329743178024911151607 0.905790786015756896685841493241
7775.97760816717256802076680095 0.541912683346214913623668758210 5.33259429487208768076340459264
7776.95537712345345705343329168 6.63041823611109224569591645964 14.0467195557308218157496181747
7778.61961881780250856454096812 -0.776559994665581321097024944715 -9.27946983370747630726810355845
7779.14773836891183233058021311 6.10307566183996283137156986717 -2.53114040340900208162415918913
7780.29414376008989040997720080 0.902410784221255309370412774115 -3.73211420257574004756641661422
7780.79163124986912220110103053 3.14609129350434739264647970496 0.115227585095885889249179072121
7781.70370373755358542010934385 3.90654945952405923078732170364 -0.271956793157129300080003229151
7782.44810866812416875630457924 3.78266898683469470364312453536 1.69547560999284959384650534519
7783.33318955612868263395744063 3.94033625704729259748867845257 1.71859208363993264731333114144
7783.86982296332453879693764292 -0.459517711124949237718025676925 6.44733895866254009622032434222
7785.54321201620633814002909505 2.41828475010245136714307956055 -5.79449616769171258423673722654
7785.97215839812829898431810346 4.65885467414921053545189414562 2.18560251975995935744002418734
7786.91088516388059450187455042 8.58115129778039040333625778244 2.07550685219402819457744307447
7787.84757724195704295630563281 10.7301719373907961281978170489 0.463440467300676051418906860435
7788.94203772974557221123314662 6.90479856877969032287865699937 -5.96975613291127431902100889317
7789.84648723392296347548237981 3.97123376275816159099640317820 -4.02675809684634870088661647881
7790.58474828839313306263056058 4.39920098170621789377471933589 -1.26487088923799324926421219201
7791.49812245836986893469009603 3.18090479419809318414673527204 -1.31233752738848429146614648801
7792.05700020696182502336374582 2.75056593030139481868297806637 2.61360489745592982968776544030
7793.20843810289188038194135800 3.75937242005171901959908418395 -0.759773453623412158071742327888
7793.73117934918877425282017673 1.64794937037867612144630820099 3.08657903550293857058218524796
7794.33064791502206670426966546 -4.00785410677000264941834456426 7.06344515251381052875615774737
7796.16793990825986493075838414 3.52874792503729961894361561051 -13.5137765186473598786572242552
7796.88275079739851642187861173 6.47844946587279842262017767845 -5.67954794164405267542250495705
7797.93999478589113496901355729 1.00731110113154465622272242625 -4.36344244307569617455778025032
7798.64287653203996421207234430 1.50761756075367798654325516445 -1.28516768233952042884853686557
7799.02735617622437582637197822 1.12477936569840767943563388247 2.03654252051926581050419428954
7800.04886669956167667695109243 5.76613733792459690732413692757 3.68933946552631969715219727131
7801.08596569259548525876362587 8.34756112790362323814985945153 0.138572923912224592447224031106
7802.27813674301240800097719184 1.11934050208833989515508603346 -2.13779856763684788841493252733
7802.56304383859834406776492504 1.11165540474638139519973832236 1.88629648391733663769797886568
7803.34164043730917665170341711 1.20913245205230475485499041798 7.28595034689646657282505101556
7804.66253915513574232349440745 13.3778584614952401581822701007 -2.12388951803433429441163726428
7805.65124445607583329734413752 7.88577383421286814351941960389 -4.70502754464594964872834030528
7806.36552675754499743301093029 8.83611568337107040906219296746 0.522757585559702114893290202917
7807.45394705525356616371283434 7.21402831169126729222052465024 -5.79503958517983227774914730368
7808.52169454072676448817633395 0.955210597082791392036161184587 -4.04723571029285118380255874571
7809.14809566549899422155675589 2.37696174853964769993588007699 -1.08732230327930535873280490552
7809.94934855219965427260431373 1.43911161982277987482624700378 -0.205718790708984578283396633419
7810.24642277910785845009258044 -0.661225314096981471136577352073 1.70257324968008609438006080604
7811.42529675486582218975887925 5.84004968108764133027763537753 7.10577557739625741253391393338
7812.39288085775997050932312790 10.8253456022036002583205363539 7.04884956785174543376201627997
7813.48075124971126872351655555 14.3734593579894722426135507837 -2.27721150078046438596633814181
7814.55609047684972361138424072 6.76855699828820570431316820842 -7.65621776671978506425305969358
7815.58693934517312655738749112 0.508233086495236023972301853555 -2.60537809400001387962258767597
7815.85584117466600684154817904 1.84213136096381397355537582416 1.91713993557476316763720557938
7817.15263726774235413843296421 4.23906594793889289874705981675 -3.38345530086923298136632679147
7817.79668573958270450615153913 4.58933298348556924353633613267 0.802692141925804278597597206616
7818.66011500631733357885592747 5.90551119095518582744600031809 1.43392465617340743185686781596
7819.63564803158854783847482616 6.24506395112544371478611953713 -0.602959452360362621149639628234
7820.58639743223138648211237385 3.45775832382446082358733497560 -1.23268877442625835782154356484
7821.05388022240644664466093610 1.68254002063940173115527731554 3.59767671180839153510988866735
7822.09409350153930365664793271 6.32825849906842970381362190798 4.04067582533857310129692637410
7822.71903435371905211792795713 1.05149808304740031854302963892 11.9340266523010133742708119210
7824.64547127642629871530602773 -4.91788286892803933131989339664 -6.21272236329323346673127639189
7825.27317725996579755023884987 0.704158174828588185387082058057 -2.93958279266205705620958514079
7825.82778134102199235911579359 2.46505228452557016211060899697 -0.424405530869800889688523436432
7826.47118029694080947065728682 3.08810944606208607522602697239 2.48821149755860163228238971184
7827.80645975851866366083696746 1.40779750322656409017832298156 -1.92260379563905434428910256866
7828.12519523531967902502272845 1.07311153619807089856471972486 1.94636568292402917983944728602
7828.99387828936915722810780102 2.92845679775049310075403214146 5.93880131279555545718286327097
7830.12853896739525291610578253 9.28387387509626312068308326149 1.98328663465718265339474892816
7830.87758193787158446489557302 8.91950591970639946005410767188 7.24985395494287398159688759712
7832.27446269286696430830162990 3.19297068893892532601603870388 -7.22004883411798505898259425750
7832.82449459366801401961486033 6.30770768540378834936276867571 0.169189042326060215840857291763
7833.92075524859055910851973127 3.57909826835225878506771354340 -3.26025455275775175210740094936
7834.38306591486534542778593290 3.82915064076597596772229002911 3.60328849403156463953395201542
7835.73325804954498612748453159 4.22901765149950910874201611105 -5.50570529315438653831673363537
7836.46350163644242412519346409 4.52541938761587063352221851408 -1.79190895404100222865915208243
7837.39694749032501496313044200 2.74848754396063504492891444126 -1.73302002787419694286071198430
7838.06417806214685625813513609 2.01496472506807457472157328788 0.409998890252833678175555500884
7838.48255084281339320722404380 -0.812954167769918155371716104363 2.82431761643653665158407595146
7839.56836283876117090394743514 5.20271886297678947764422742346 10.8113930510851890311560576030
7840.78234908568585342130936443 16.5751582044727103497992868623 -1.05336033047983865828948050449
7841.82806860877705898447735489 10.1034218907421681969463933513 -7.67250683231566378916273401777
7842.77377397740260594531614079 5.50783896492152681300689173457 -6.64984561765672356750342156270
7843.74104810010364632357394021 1.68881435174608105115992756866 -4.16491549118489568033204984335
7844.45742944074894643706625737 2.12660386285507470808773673670 -1.44786665671796609176007308553
7845.08032776386538141274884183 2.04096836574908462199454266833 0.683834311631274136347926101384
7845.57614718645676034020411279 -0.463529430130504366833548486175 3.64327815323143706795190527132
7847.00008915863619251167570058 8.62363376081603938099211285257 -2.08621061452710520707117304286
7847.83596613822177095879394760 6.50362245046682390192617339942 -0.493218183747800887596464046579
7848.64701332394710282080529666 5.65314408885785562261744361822 0.996311833464634530763104912208
7849.32297418413111075932103436 4.67131255934285364165838156696 5.96155293498733296851992108865
7850.38157586522868883566259116 13.1457635043182417074312599237 3.68966023954977963157725619426
7851.74937519390206848498356680 0.510174775767391604312613015142 -4.64236323232807995355869399335
7852.05553300064416357252582675 3.68799488381890005060705281452 2.46239580385511988652217957533
7853.53688711003016745454687503 0.0892716398519148897947107545840 -4.57496794130336176459908333007
7854.09920929060283363855527909 2.46828851749666597543155424344 -1.08637588543436163461941180708
7854.70524349941460399564279754 2.89692469371694776756324336930 1.84123690559545649307414384438
7855.73023286441134587461509232 4.70314110922786546586280038788 0.250150352344291815456488118111
7856.58974146790169842140876981 3.00727146984218521951421618013 0.393397790004572655296969838688
7857.00748021024198331987711042 -0.802620988099529280148468599677 3.74047737643485434300676166352
7857.99824752000761520120425483 2.79705472471089325047604239866 15.3895143425759432729530047432
7859.86387659203463130015139310 -3.82588499905929963516510167713 -6.25425158922459438649919125069
7860.36084882958200053219881560 2.98603169056716841881664652556 -2.78358156987445247516241230083
7861.07429312631270043882578400 4.37381242610171597636252741247 -0.673507198636119645186868019736
7861.96830752217535295513856490 4.21253494734810740199822817135 -0.850352018133956117888996550216
7862.57680848950942953853734863 3.92405076475659087640639646260 3.82415894720887548100019576800
7863.88646983946967060520725839 4.40820721781871854461672953902 -4.15804121180652200419575812106
7864.68842418612041488432195716 2.28537693849746090742477341456 -1.17375593038625617722688551334
7865.04754854988636714673244477 0.554223261722764585763802943442 2.97213534812203220718552833263
7866.32729571689721391131253991 7.44479876094334713158213197864 -0.266589363458730876780847493805
7867.14233804197344155410803153 5.46792563132184607367833787719 1.10354143550999561576348855405
7867.70139124710839466855829899 1.73869400745050926271940526399 7.63840647076210514610598593421
7869.05405899696153280208571374 14.9831873281835844201760027851 -5.22486529776280185914926571522
7870.10053236220161557698557070 6.29345777041626243889442128542 -8.37081537530335159038513901760
7871.02626850616811053673737929 2.78799880700036461756948118165 -5.29531508878118804769306287989
7871.89159370372237711585301993 1.45479435279757002617808396946 -2.42706259279600693619569953552
7872.42105136030870576727748547 2.40762877946027114886362125630 0.544493700980711050509608794475
7873.25897473315492101251032513 2.85732541993744479409862648909 1.12612719219833760241301901159
7873.85741172542153340818952899 0.832854159416238270925330152446 4.37254844985389725605382364446
7874.89428101070056869061586567 7.18034487049918229965284183649 7.78720033741121800187476522255
7876.08125628222758656918536230 10.0171657439450879776577903111 -2.73149963643174929401201701113
7876.81137841684624065860831508 9.43127443129976251698166771147 2.62162484554042586658604189719
7877.83395305245212898867915940 11.2169129563022324706788363392 -2.68246506194744628795647729692
7878.91061122016147349138186803 4.59843714336611446905796507560 -6.21224447780649067133890734567
7879.77437131758496220100682888 2.29697795299501326748196759547 -2.73971679693191227039961719507
7880.24792499761657637023436182 3.03051617416061775521444908479 1.98247702454792161821081948808
7881.17259709047571219255757250 6.97123624856211237023656279399 3.13369107269900510947622628156
7882.44041104875630016843529685 3.34374661425719194098833286918 -4.76108533088330722499981519452
7883.21913209124047210594951205 2.21238243033001386023203414483 -1.49689991182324655602306982015
7883.73928867819178017349703749 1.85410171619891009580036087897 1.53392962530632936500694101000
7884.38613636023580327390471430 0.205953743517751112655804181186 4.51680371639626278425502164774
7885.31005557077069699898237652 2.51729062529103570190405098273 12.4199586713970092812253803180
7886.69784412451324393416482416 17.7959266212537432091120412120 -8.34531235910711020377488283393
7887.90263454540834523497637354 -0.189332053169963629147580071522 -7.79731727328601259913833843530
7888.58250838461072121393837316 2.65880239535016340810890536690 -3.20982116151374348586086227934
7889.24775985294629490128629276 4.01127504012039691932373687079 -0.446358404147101620374742894305
7890.19988517115121928795142648 3.46339196202670858621590659415 -1.32797956789946070452735315177
7890.82910925351484410056830173 3.28180811129906981856206911748 1.92517078871611548611976389935
7891.73848514703829419409297433 4.70150090050216823069820788285 2.14271782301903860367160492516
7892.47158126880316860573407715 4.18330959049081221772918631829 5.89494487722452056040435541208
7893.75377574813624040269853257 5.01925981200252090770313195154 -2.61031076976847074180063217221
7894.14622424049558226153972473 1.88723393097054656102812270485 5.91149863312756436472758352388
7895.75270173703669189178726732 1.54239783202947401204786699655 -6.24403373633600155422208584050
7896.28414679615554798273293596 3.91726946006188063724172564530 -0.327030254318114090070183563623
7896.81070621128063198321793963 2.43715746266370058254747020390 5.90653169650393157990644231445
7898.44397552582718670788561904 0.495653288035812278524029477013 -7.73620714235674680629798564332
7899.18938768644426943047132599 1.71178373376544948303362573456 -2.81897310512503201964855651347
7899.73778413399308837682698506 3.02545251710637818446932223072 0.487180630688672123857625156211
7900.69974349720964262551652653 3.02476677348558950903664863591 -0.399730805533738836864876770361
7901.20372477206700580386673563 1.29896789377537640797454857607 3.46131880360552932758371271866
7902.43194042829109847542143492 4.54701656119538599988544389005 -0.134166783461645959195156406479
7902.84588234763987146113040623 -0.341058788111740340750125387850 5.31085848841220040797887492433
7904.00001135051354559441915964 14.5214116708996140690335122436 11.2215919474174350477902278593
7905.49535979219946135566631979 0.389282077190289871232716538350 -11.4813048551897869425938240454
7906.30705765309361626103095893 1.31945727382720235447544338780 -4.61035005773008587257269248755
7907.03327961934161196315676013 1.79421164136393427682380638413 -1.64551379707771577017217666514
7907.46202302675142220340041082 1.87351054852892622458996384413 2.21750088468495255516681950032
7908.75408932492115935381627156 2.44298045996532376964426586219 -1.67261006169333840408198247395
7909.07108110847512385267518040 0.520641143592398696788309028943 3.20818779239697926059216355601
7910.49634564247680076837678515 6.36889776368250269617114051324 -3.77667828989243204270040427013
7911.29047475028881728496420948 4.42368086662390152916278815616 -1.02620891619657864298812865428
7911.97465401507371807430217122 3.46383473058674620858827682395 1.76707870283646036971565736989
7912.52189475760012617497423522 -0.580270414526921323825164210654 6.47705402493419850554670654914
7913.95890016305471831825253852 14.3129582380022180580561188009 -4.85831633853674271240325581847
7914.89822865528186686787947927 9.89154751936815722688056108742 -5.90736763129659679939882904754
7916.13908361864274384704556961 -0.318630671336374157906001655983 -1.22219491112104272550616386006
7916.24962036281514686771340284 0.756631841043982910898925698946 0.996176388226024160365731949594
7917.84698421891082394610610972 -0.168001079008962937898681400864 -2.46320809239243106460076984246
7918.20629976642050960315220680 1.84179926698863206548440690838 0.412088616902134377626871611151
7919.00950341364537837045758551 2.59905714622896039170806964475 1.40182459072822943463994537194
7919.70207725290091564333765467 1.57408514024941442221612345096 3.65385185502942931330024590650
7920.39491784503645414968117658 -2.27013498702746478446609610758 8.47805903860704256664451654925
7922.05303457652312639344448629 7.18704173639050976744634044748 -9.94438412274249771633643870627
7922.72331242127084987250003775 8.71611586009338622692872770045 -1.73181988212991955487111796245
7923.71014138054532605655728169 6.80668853668934605654212816451 -4.43392637080649887559278689820
7924.58204721710168869418801356 5.12125622895874536371013971227 -3.12849834453662800432776710580
7925.39133879533706541445483855 4.45948858194104721503001598574 -1.35958083694818848920200771861
7926.04475027157519911616988153 4.90620556877615989213667520210 2.76364971406509467192499419471
7927.22785974914054314711823901 5.16882180638890044764012438520 -3.30705344910899707999471795691
7928.00776462953745869781713168 4.07638380507276531376432492279 -0.877098804375447106572743387494
7928.68423475110828515999468951 3.82944505974114092015142200804 2.16496994782743668619293470368
7929.54022914708519026711136251 5.23562426404976956420573259958 3.58237263014887236795392492824
7930.60494125526927700965425908 4.32711064783241444368629590208 -0.258434321134726348172047187373
7930.94807682601847101836000062 -1.50795213429237587604567014283 5.12723877852196592310889279770
7932.47166617417083547275763737 17.2581084391276113676863304193 -8.15332780297067585479565446624
7933.64564322423761061714466420 0.717994307279813532881022229256 -9.02378622126511050051650475859
7934.49541530920967860964065853 0.689059282676637373150918552080 -3.64450773701230998244733656998
7935.21464840293128814458247887 1.06470140281438994385776546857 -1.11935051121804358759586226975
7935.57071856186409803142204589 0.839672610781112299953174844370 1.49760125008210657563499378908
7936.44223703327358041820903025 2.62479982494204489280856600965 5.02587713082011130041135016588
7937.74518058884800026630390233 5.19707647831319660409699024962 -2.32924467992005646493503701667
7938.31557407955654782991023558 3.85987209702848332549946032542 3.14377093716352710687639785721
7939.08663938613353415700762308 4.37893194693969775385116599208 8.03411073706722180138785272890
7940.35401287928625322741651422 12.2667807130209221077987807171 -3.96019953293483665057691755506
7941.26568375024598131006843738 9.04477315187277211058893432659 -4.10672575964058419234678411313
7942.31760478891748908350757790 2.26027939732497076498867287803 -3.85981909618768414261692627291
7942.74509790353213921360867177 3.65676013556793809977161542202 2.36431361500336217918441119970
7943.78551598801124794512350730 8.90111032521235637256371158586 0.000953836045797671315156049712616
7944.95951912658211481029606135 2.88238040276469592583118625579 -5.03499736693152731119706423286
7945.74069378637697960925854899 2.06688845713386317422300316853 -1.73749124790855529078912684778
7946.22078819322762259642272205 2.11110211997409921803990011268 1.88172886010234423687680565039
7947.28977116585328445699618779 3.21032409941055462029512830538 0.166850297205905411603556075083
7947.72960027344027888929755794 -0.196026491155635594299887675766 3.77136543148072364307900547213
7948.63421157324366315830182800 0.491281936206769550069627841841 13.1950949559533623488655789728
7950.26547053973432589249995958 6.52635376944935559571003179840 -14.6164986019199586363759672494
7951.31403064973424422984342213 -0.558532639349226093146401275277 -3.00997598356961703088801986092
7951.58485170632872017337268507 2.61766681650842977395477564715 1.16914701547068634293331907426
7952.79448927223575929028550548 3.95183728756360167239035395511 -3.74679616105004228658689284728
7953.59465697126563374909546787 3.06852547191985959768919180935 -1.57867053780072160471621985138
7954.30899726347839773566779874 2.42738869538959062754084341526 0.280319922665872142237008466431
7954.74760858554802916056316261 -0.426713050993065743261595216350 3.56486212039481773608354040676
7956.15226710571598515483071768 9.10832208162153624829515686139 -1.71143664392629064470600931334
7956.98957824903926636578996104 7.27290919256935193879547137692 -0.254390039329479376134409364725
7957.94794578321497235093430079 3.84788244738931764794843318298 -1.26087639504917149017416379166
7958.31745592122264134050296830 0.318152026371475869487386209101 4.83097065138635996615830535539
7959.68875043755896307445900736 13.4540537578572183288096918015 -3.46064101004303645535999722351
7960.66137930781804151010266728 8.97129643384310642978307098347 -5.93634677480409218321409541874
7961.64959687638856622002047869 3.89185680655612172964702065228 -5.71696876807345162018502098878
7962.56254705895987414534450425 1.26211012636631244544053354509 -2.43636960055918406291149840072
7962.95650778998567567278220718 2.23557385876028569587062272798 1.66937476694243264394749039450
7964.20360071038734246856005412 2.33458502923356725560130808823 -1.85753529414943661673061406725
7964.68408986252119735853724851 1.80767230987037910976051163203 1.69414062459612741306758643090
7965.31567884299165023118783618 -0.343075927009595470511277666266 5.07836660665831176320625884110
7966.56884982400819175050128319 10.1377958670566541408050341312 3.16774021352727582832326229679
7967.26610753853948499576450368 8.04076165733186460282782255305 11.3260659680426379921218949294
7968.90988651872357572901819194 -1.91340595992100129340774901378 -9.11824168271381447905914849741
7969.62944035055873936975830766 1.32288290202591081914345516371 -3.47261330933351897126324162476
7970.22054811080334789314491600 2.80883778441902837757080401325 -0.502784695836206558748279997111
7970.84792824857664665033197900 3.07759730630796874745835738819 2.71539086169606946000403743043
7971.82133083094743141025333815 7.31483813613138067647164012853 2.97871480156756412703784754986
7972.99533189186934634146141676 5.18134950317470771081717379791 -4.07402363241193663460255276823
7973.80486905624917343450368343 3.47753244456960832925495777512 -1.54131458046591735321879528786
7974.45812975706483343485995842 2.88112662439673951215671251890 1.18518948377207500597418996721
7975.01785387100780320336577709 0.193923941685661497168367812264 4.98547684491419217938722547751
7976.20779214818741636204094274 11.5368004055534947846656989825 5.17559701124269978634742207754
7977.29119444374799231175135564 10.1558361129245855671437940045 -3.22994820084694289891419550760
7977.97532292893667775222549578 10.7844776571991817492821121107 4.42168273237398966404786744474
7979.41983014594310175700433985 -0.475064563102150347392593097002 -7.88107965748747731826537973324
7980.24415362104255542133639981 0.298398598733197400991138135746 -2.18461745623145843166071722225
7980.59215663566895000841584904 1.90747253914060110418413212757 0.952147487754510493215260349105
7981.67715895760738222891648010 3.20368090350006757612581433703 -0.895825176504972534134732643174
7982.32922907808391564126568010 2.33482031403198813053827169524 1.39555911011738162672409065266
7982.85672648309991942346278209 -1.01860252729439328917234531246 4.46102410276098142772366724287
7984.19478762583112648535125655 11.8030487868259847357289864568 1.84595806576319171987332380297
7985.07846148926076810670557564 11.4392157086104167001727270788 1.59743730450876677840932108990
7986.11627156862228208020578748 9.29623649462409693641403137497 -4.24705476901847613282631586166
7986.98992127980137311175583569 7.12495357420623441973159893830 -3.09007953932833090570474211460
7987.77684167190231679416282907 7.62234780823043588589324208050 -0.610893076192017834523556799360
7988.82688444291702287739827807 4.74998314734421929515970472380 -3.92959584666746031091502038483
7989.52718253359575999666119203 5.29695503747034431478912207829 -0.277919367981592527316059041386
7990.46473005440961972044103248 4.87134798407813119701066504021 -1.30451457207953254868629957824
7991.15461518809418818278102308 5.11617980473943678962892844507 2.24943138721876867718563378573
7992.44960186843644937216830525 1.13658712765575812677175404742 -2.08970607103165747304759859461
7992.77544879028550438627698362 1.25846377981538625941598348232 1.59994881891861187896429649126
7993.53552009577722194954158942 1.16421982950910947983676995713 4.72520452223070691398147933836
7994.26827683197599560195496655 -3.35384164389761221585216299828 11.6220807307559928004403336392
7996.32587355047967411953750166 -4.27779910934225875113315255472 -4.23457678485528046396494151390
7996.70293803554564938141069387 3.36510834301377400904713435087 -2.14495784773516190493380262923
7997.56259695906432977467822165 4.30421158575153123098075682788 -2.34423070399526825082835219680
7998.50362170013320261965206687 2.19441057900313917711075681727 -1.92795378005214037419089156022
7998.96051591509119344927520898 2.19862256586008258725761439400 2.20804497969735106375261200338
8000.08676755156770285136764231 4.48299845186339739700549645795 -0.435332743298339267670009263528
8000.65428953112315456512733482 2.73666817547657492304689843826 4.41671117452862409231891528387
8001.82741414649336797875958789 7.30146036670091840531391003428 -0.262544504750577743819514567033
8002.50422679577284496079893860 6.01191838666626497654506232975 4.92340251435809801942895755954
8003.54402073209488960661985421 10.7240341373503548817774164689 1.19170030084279028680575809822
8004.48690035228594362132323194 10.6151480908159060731043527499 -1.26325273580983621010297439240
8005.55874155596498751402658259 4.38161169243988823737226610920 -4.59034569627115414953500426213
8006.08945266167478561382227844 5.66074931659765501981487417652 2.63480344612599430901042785757
8007.16631611300758901327305046 9.81082617673806399573045707178 -2.74318475266226361679950112415
8008.48668629868725658872944086 -0.853661526206539825907981722202 -2.96004613437205128398624282640
8009.02427831277017406493501204 1.00401137783529286710454012311 -0.735092164738969014859047245530
8009.38393640915818951986386727 0.509505284098598943097512709196 1.40869171562053297354249358272
8010.21223631967888591703832252 0.868516285765666020567651570284 5.15688884940649009059911248122
8011.46938085889963274777162088 6.42675007316077934491082933773 0.326894094568289726774317027281
8011.92939113055367571823976682 0.181625767398889078942353931794 7.86144492560774487821699370647
8013.44202208903707332081900405 11.1925529161626721971347023646 -9.79782852551227376281840723242
8014.27677471624691472910178358 9.02112574145935598715034318628 -5.68267392398405511972967520235
8015.37188593736216372069946259 1.33947700384995485366038181341 -5.60476471072877742804216665638
8016.20173149030962145859470546 0.654701074761586366990070878249 -1.51068280608030937468678904607
8016.49119987410402782624916321 0.975770351142912007830935305620 1.34932170444530458759230234478
8017.36146546724964870425077531 3.37247980375334409254456728050 4.96858039711181503078746591189
8018.63782660662045828202813127 6.37311195370128082341972631926 -3.06232004988515140674144459153
8019.35663906582838085682653362 5.73267332088511956694171954710 0.710435592315084230168693759411
8020.31968966698600749753258645 4.36789301462853112530989857798 -0.789768070313373248718365052015
8020.83745974100934591291793429 2.24909216774312794617125161119 4.54407170621956632454805821507
8021.89548163749850423434874607 8.99051404042817659738729629340 4.55906653309894617507282598482
8022.71748970939773445167235682 11.3718500205443620365247404813 9.03456588281256352210148042839
8024.40358246712244240473762700 -2.16923989465875862873261561042 -2.87767186442352542642021553592
8024.67098245897681736309295558 2.94308587788957535822428127928 -0.0924936253637176373950415104654
8025.75245290228946771562452173 3.07544170979439677835218769988 -2.90796260563549823001991154716
8026.39185410300816350129184492 3.79882560943023220264334115183 0.371547354423240393757302761052
8027.30587415953923749346164793 4.21385691680947452524227464005 -0.125414513546978034787185730402
8028.12402597859154330738332675 3.42117100402969229272872935666 0.643105361986282889568903639658
8028.74640131332919640283129068 1.76860391827023087135775650095 3.48797101770074466818107886186
8029.40782232610826960942884090 -2.62520384731806837383489082150 8.28772093190826713902792585458
8031.05800978689777214737819560 9.79609329276410178078476081516 -11.9183278766298764262196486603
8031.95132217380900546795428564 4.71962759558476801980953218972 -6.41197131154578551806211726511
8032.79338379067280069761540421 2.79290899555183394264428443666 -2.91313474458085664070960701923
8033.26919195755639345435814935 3.54718618824607839646772857074 2.60425074426702722196914762815
8034.38624087065408861223575981 7.69810596352212797765472700258 -1.72580258504032140255361132270
8035.39324231670751717202280336 3.92216092194753769019766651048 -3.17705555110395072657072742237
8035.99951097018778450010378162 4.53761720970010803684286138037 1.36503020203446538951129052267
8037.03448989182163397670959055 4.88811421747015650418757355211 -1.34360955491033811319318307834
8037.80346878689859919224097615 3.84690536536715346936584441176 0.474447273849272482524696336533
8038.42846693130848794782699171 2.46188252501020240958788243051 4.08725290711146424595532401941
8039.31095189477600340222185311 5.00603072637916893210469788922 8.03353438371208046914869034536
8040.36377417374487997958155578 14.2801166168950334564471466235 5.85373705983763782985473349728
8041.48509207873232604574183188 14.2097704805353524165764211834 -7.40801514144642349748796135248
8042.75260755364880160063816736 -1.47504055516421796386273003599 -4.72746240432454263837684725669
8043.22821196793074745409810338 3.16751647067232088445893941113 -1.46438128480680398376343303804
8044.22207932364553898696683916 1.60525640274301952289176875208 -1.81592837037525638396917436574
8044.70203644109554190242905102 1.82240000107076372577632911168 1.18794530887481544817884738211
8045.41219848342738563816726937 1.61483338033719875104572106870 3.90510514386306358459257736430
8046.34910076235351791465889909 5.33419634243625552244630849472 7.75863803273649836561452404651
8047.85858676062813557477563877 0.808334921628627840572896270414 -2.80519054370738013251340834123
8048.09253235114365226099299977 1.39558144121515451781768472524 2.24380131735678245673019608693
8048.93901867155003518958824769 4.50972825645994888063657747570 9.49814560523583704956278851041
8050.70785542585334051826212682 -1.36404840979276274308322172482 -2.56608793660288389898152304341
8050.92855371814245856415653305 2.34896864131709684633723940934 0.707605501580806121253913065220
8051.82670097099891232496480069 6.70788870936520386265364583378 1.50523951035616214306487844673
8052.85473573388437831577629322 7.65160686396502108282547666230 -2.50082613387966281576293492081
8053.85068369192077933223957352 4.09931309531404460457764403405 -3.72642182632146774911109771155
8054.63207549316513134251590134 3.46204487145308200040124408294 -1.43136203147312531033850586724
8055.38753644419561589699673039 2.97293802181028420012538929885 0.138180770841779501646576566245
8056.04354540150273141081686597 2.04499635320337625889330072800 2.28492535253958036658961897470
8056.62856609033527987334985598 -1.79042246894237290278425895259 5.43466035207516802085470170681
8057.84985409479208605666029658 14.7492536020808782083388085342 11.4609968658759435100050029843
8059.16391047073125663176831097 10.3982243802701184879428449557 -13.1008845845536249118212241094
8060.41057395789034123991170134 -1.33605096889649501499108799753 -1.76276572858357692749049349505
8060.65675084352176793854878955 1.79443957310923061513480923072 0.0741768655593871214809006838257
8061.43287864498093572412516473 4.21254964995074769388462164206 1.80872807457014004889054732578
8062.59153073917296481345497359 3.35147299707767760594173675134 -2.28846266794212165695297462704
8063.10500884842932321402398544 3.08237673179850067802550515635 2.62254558416938372025416922363
8064.20551520802154603547991078 4.91669211553921141165767469847 -0.452300969322344304290375754378
8064.75837151630411427489608474 2.76655215036693185396969300745 5.07099763573572148058310283900
8065.96061155945340316535939247 9.21379845493216210219142516422 -0.827143455882965101732149765805
8066.85218144875174333459085604 6.61711270668217588774299699327 -0.923615355956097942066232418983
8067.49997918769630293149545043 5.78390726032654340700778344467 4.72085020557752883165228453471
8068.48099718447766604864738235 12.0278973776412208134908872869 3.92167454653643021468783657795
8069.62047352559756973585763688 10.6550805201058646556590637432 -7.62872849958572561101598266110
8070.89571510364361339101621314 -1.20148974528166883545033269678 -2.34721343349606281733211061495
8071.22381204820772973845339563 1.98854749183026559208462592717 -0.152611610517828802890012489035
8072.00626115545301949232601359 3.39602275768743470061681496298 0.919876830723722661530745478511
8072.89166095518903131322392162 4.07472645367525672324538727870 0.984723935156830394199388470880
8073.66163819867989300080333039 3.80435903835629341695619432114 2.73205384389570013989948930613
8074.47678179631609057237490091 4.06296916942316393269367532045 4.59500018801370823784573958507
8075.21247953427177121701968384 2.30604829826406896879873554925 10.5232952378258025710454824683
8076.60464644283245878501331878 15.0783069530518406063394261867 -7.97368038175567313222060441965
8077.69313905421513108540649100 2.53772825598000749096907524423 -7.41519036557499436004265401136
8078.33129095239403932573384697 5.41360569692376240362433135054 -2.18575403116439534245235787680
8079.34522278861986178373864707 2.64121847335201058503958420878 -3.14073819604410857786064865565
8080.03951169549997268120833946 2.06385528783791615595983136848 -0.451283151232070787802456013509
8080.37162366999227664725530128 -0.481581722920879020072814311544 2.86244624793541012214908396135
8082.09584836899990169234092960 1.51223854743219516079534245947 -5.30610522843596740534666170006
8082.72735733407003887772400950 2.36603911605856029365444129301 -1.03463524068689853408520464275
8083.18812126228536997159839809 1.47111339439024851431311183956 2.75218372484210825478206133988
8084.35389881579759710872847081 3.24509799769840495825118729188 0.156448810287291293070308841438
8084.62781037394418240377938972 -2.39155677247147160281481766774 3.22292761560587541219335427616
8086.38936718402367764430143675 8.35472342281659898680045921995 -11.8212509219413841061459266314
8087.20133296966103553293052221 6.35070958142934580786477770096 -5.57946292657326674094256128161
8087.98921592294817140792350491 6.88274100961073174046220187191 -2.90958821778060372835695051125
8089.00027733153637783602741085 3.77463802514366764825635580402 -4.54861807640980316529474122693
8090.01170243514862350416310434 0.315422096395893598363669297533 -1.45740397423431815165088487515
8090.30207518327696172214674061 0.963548406047944782676828738676 0.887479049100664558148758358568
8091.01304747593712258056532955 0.849849614750205114423377178807 3.62360338949860034560452828503
8092.01318601919043636514400803 5.32512079862499956849698501704 6.72675212502864373488343406745
8093.05682160083407212789472728 10.6766083282546501404499306421 3.37447602669687051424977608254
8093.96079684897393236298408959 12.3102880286719272233007831485 2.63753220363366739523937470242
8095.22642975291499241232789762 2.24479315444151352952645819598 -5.43312201229614994880877123058
8095.64464978062468674656465877 4.83715565221819558190152465112 2.42753941620045112040553244980
8096.88120945058483713715475745 4.09284876083312248018978214655 -4.39476198096193487741681522470
8097.42280453374745072733889937 5.43232622317624818697075992949 2.17825758838759453767026096510
8098.60145165840861846808463426 5.25513430594466329469394756109 -4.40387988402707735307305522007
8099.48371301998245011200298205 2.70800100080636145407887154841 -2.35179174129195930816146652156
8100.03395489817998267962219842 3.03180844521170864137453467862 1.48756344406063937408974298559
8100.89331732069328234666169895 4.58376025743861449224181587802 2.62718556119839893719222648723
8101.84747988335421388392421514 5.57329061848399375769386798640 1.39476465549776155082908177610
8102.65289191743553823016002476 3.97094352313587693079594701190 2.18289693708757304861631826560
8103.08124738537604942407794941 -3.61306079956437438397491853110 6.03487111281323356094609899088
8104.95958064594150692704597440 1.55466529025517626456776582076 -16.1258950547099950311349476404
8106.00108259912079488422589154 -1.59986803598595855356390596931 -2.98409934945214053609573944370
8106.47247854710945775949632521 1.56159316600905414370187817243 -1.09032575359680863627708929499
8106.98100727288309076706207595 2.02080277756760184283674012272 1.74003110386240569605183642132
8107.99003062567952350003836887 5.13141867663533444698500352553 1.24934799178622912028607039965
8108.85861498705808584249891152 5.49621907289832596508433116731 1.51920759925222554366143527864
8109.69021897191153672434436589 5.98795493561709870502406444742 2.76743902150821227920143511854
8110.63768402940750700511219652 7.06145787700389650802180897934 1.29354139026178314278625835897
8111.44747998109781354581293760 6.88175436364069876847876024179 3.09337083571501382081940080057
8112.26475349515879181172468752 8.58643523050475669233404124726 6.35149386925173886019257733848
8113.55264312801085287707311186 5.78513645980676461626297580571 -6.38072732632482767643056462593
8114.16701984227215995518014374 7.17841157108939331868492662569 0.769209527018072862112729510846
8115.10735848281771302972881768 9.46366301487286258625493675778 -1.13861714640436988368452806724
8116.25126696443226060454140389 2.82262707420681014046695959769 -5.22431653550879177714564010521
8116.86442463329815319861264572 4.82760032262122755973830110172 -0.631704193333652230174995233427
8118.00473787115412154701240007 1.21415232481807987949771319181 -2.23450563076263043065168792031
8118.43737965319485833874036731 1.82580337541208411591232540646 1.04250409807641252740372258321
8119.28713945012260839058387328 1.95452396394265971519744966143 1.38515278140665217258671454983
8119.64886209855116768000678027 -2.84968084625216863072963348896 2.30057190386153885259103910015
8121.22675166828496609196157366 18.6858486234724976008880561963 -0.901423675580417983323789265052
8122.36142344545576920524717048 5.70008496611503713764632517442 -8.33988630013309809334394114150
8123.01066998464282611874114212 8.31246818217575392786559931510 -1.30253210497988039748220709075
8124.18427867835257777619391104 1.93615430953747832013938024022 -5.25985138011713033578017202625
8124.84358742555085085800074732 3.22267306699541397531567581519 -1.51084325110285073338944984353
8125.50162693746013036000945432 3.85203327869931784830704297605 1.38790754503259628077950120762
8126.52952843614438671220460757 3.60743443467781451774466196655 -0.712550508435783891777098206560
8126.96455100227504277809191334 0.833874313288603147722507961425 4.51345350453140623114185534313
8128.59220878004046464850739985 1.13256671775862054131009364107 -4.10385924635520643232579335176
8129.09763257009948925044061625 2.22286890673476158373029430088 0.0651796454824451435373748605401
8129.50199153692902398185193876 -0.507958085887452082324756825034 3.32888849800435346389623326177
8130.71773575443781281285923932 10.9842718607590089008527742950 6.11725264306474501745826287425
8131.71472449174409680399140242 14.9732828545357757140579379909 1.16607327416929561353588661639
8132.85476768293093173802843071 8.03104863987498194755127502194 -9.42917288886893918369212113808
8133.95280465921748053741529660 -0.357113258029373468596134079588 -4.08957472100585517367902853493
8134.45714099112084830514373174 2.72430335659140746259204251887 -0.912889481359987064017265262108
8135.25315170634979428282662675 3.17139752149627533338530948018 -0.107423709365927976703893783856
8135.92598850604178170105257344 3.09736070764031971842721141803 2.59258483199235345362388560209
8136.95857838211804398214719588 4.81102699363905646447825073838 0.671208735731019026394848247815
8137.60994243605242039863131020 3.11382340956819599046350190071 4.32013260170503423499533226831
8138.43742927139136992684017355 4.33557939495182404335812484120 9.02137823600179675521021065375
8139.56653805235566270662869146 17.1169666348006639356567304645 3.80046899065540689743320534626
8140.95074059112593701912658536 -0.228966118835134684265516664893 -7.83688618188476573685168865785
8141.59575001006081351255903690 2.91274292976588846016244560084 -2.82296272093896763098942980407
8142.27600193705192115360706926 3.31750950782410217781755136812 -0.218623700243285429559519315857
8142.81049664374336534168366602 2.05368737553073239883792744332 4.72041112734643744385750795578
8144.35856353967025614942493260 1.84845953795966085423969211424 -5.48157513886176125577046651746
8144.92629607833092853650019440 4.06713249223936831583267763861 -0.566938150576631461921038597414
8145.92738440772342654029611793 1.85400775081771746731020139846 -1.22658715524698923490564360309
8146.25128381010428226434617216 0.421367749573822910515994951941 2.39096449749605650557737459225
8147.37555866397146679150135237 6.26653115599831865615746792047 3.49556979587132182766309067658
8148.18840580462703496463022178 6.25772005251849529837371586733 5.68324141684094968248689221338
8148.98665356342885059064994292 7.61386767585555814836924236430 12.3439569424029760087699335838
8150.74061548213318005002823886 -2.45885344526639298586363591906 -3.96058083226019872283338750790
8151.02667130460594113332514524 3.85384278814631570712269728735 -0.0386342830672410450083456240313
8152.21772825840992357809699653 2.01832184833882144197894790428 -4.35982487783910322077328082936
8152.96593112760035083202535411 1.92196447377283529913711428946 -1.54560118910926778799084830399
8153.48825366100738978720115017 2.05412112388588594314787789427 1.38199025116234934188964920981
8154.27297942726510342764996321 2.70228710707808169420617628609 3.55780305643536025640568567637
8155.12893399254170120332227022 4.43816756498389578352493926108 6.83463038928783168825192821715
8156.30491238585301656535805222 10.3162092501109255255319698952 -0.812499834874071828823294939375
8157.19476462016842479830829487 7.98395694223635691194877791486 -1.01585633146521116167987384265
8157.98156849156595484136617008 7.53733066702720956558137699072 1.48717090776597940781208246859
8158.76763874228552450758430715 9.24629630459337765007459376416 5.27885319269573071696931169838
8160.07820080991948028617849681 4.75347169594526625362055639413 -8.04991572732533508606367064569
8160.95012258970170513792055241 1.86391451739858830947071089105 -3.04344829547437158525938112178
8161.34614563320765529969994317 2.89148636177170834285474005674 2.43898897811684317039258742731
8162.59214058654017706622785606 5.21623921852837905880398365350 -3.75701766535354006258894135024
8163.45428450094675696125867065 3.15700964239282489147629358706 -2.03766971636317149133047560872
8164.10695714694778766623491385 3.05200762161148331863558298402 0.710524617348403123016123576402
8164.87025733330965703377985506 2.72929514438322812627415918960 2.00681476932291244037223563626
8165.44881847520363654709717946 -0.695712730110325440859868356734 5.29084263131836567239293911949
8166.44808923745947407209688056 5.24965909232470811399262601836 16.3898232256220158140602729929
8168.29510412987209785668112872 -3.63470648170683602985133532924 -4.79751861815674860837924070777
8168.66848012924808877689202944 3.84796336062337695251622317860 -1.70064790857944085518840955343
8169.59383620372618388008247091 4.17530914120765957910439475821 -2.80812758276645006186658524693
8170.41577900167779988518382725 3.53778776960829245442314611304 -1.48443803688607867744609354026
8171.09511098301300887983949129 3.60240343077632560281400373469 1.14900378577799475257201719448
8171.82355315326193882465210234 4.00283221609706545614401548918 4.45394068701743986362812064330
8173.11153398095739934691110088 4.50050529061864703389046826011 -3.33368889072013153810334985557
8173.73829265776786269425554178 3.91392929393932855955155980942 1.02811029345154906641005730245
8174.36618091414318111786882098 2.49922580911205845746909992950 5.54320754155283610621514432190
8175.53162895202755709128159403 10.6679751598694278019619143436 1.17965281349632220869393963415
8176.44921345373548755526349322 9.75750251110948133655151305522 -0.374011058896767644102448394100
8177.33154272025647559612646100 9.09882326050566807279774712943 -0.550189557236498112115056088303
8178.10466695275134990402444734 10.9705000766208072012091509086 3.50264588451744020033255614246
8179.69038702325839366503817237 -1.97561299645269453889703856965 -2.52199748720270274235770150924
8180.03575213550462116674943137 2.15670600533733632847802536847 -0.743821275619166633350370146225
8181.01320981626946889104290658 1.09164185484247264772546035916 -0.911120866466960797141183877619
8181.28204461356790251161522122 0.139794106794089377220228012978 1.57169318632398443062325683791
8182.43011679373657795446717522 4.87993573659511399620736894526 2.70921459280675254614461666957
8183.12999025321188652968902920 3.13670777766937051365519533046 6.80149755476532472871708616366
8184.25460067337178112250050852 11.0499850769067320028150208395 2.79108791138271553575556660893
8185.03868316938132475070895355 11.9277162597261621956691155484 7.76754512759667119229862770629
8186.60522828046586732054080564 -1.77559413444452017611336665134 -5.21390084677030271726980651096
8187.01908612803082681751526403 3.84775599449094720256468301158 -0.948189779807524910222342287547
8187.92739854516381176266555585 4.47115263083877342139828685436 -1.66994013509615034418076735518
8188.67509215490338415524866371 4.66474393160706499883323698871 0.480745457714634704122344263193
8189.45800168371320813667866394 5.65203050126014495207504900576 2.63681068437639865737063470060
8190.53885964643036401856656042 6.32805399307320668628063072392 -1.94558792408165507579126235470
8191.31735942173938951059086487 5.86426166710624007911078548970 0.300856530406428946856699380417
8192.33464994209488590577434182 3.50765904834191591300815717218 -1.71898495894374104326098521749
8192.99540672735357631467650790 1.68986855560815749661849022487 0.552663486174593998125937061548
8193.23341099454627814670759197 -2.10409787809785840147372068521 1.25423918627437272520861932419
8194.92940813800670760809101030 19.1066874690633721496070662171 -6.70068344005295384820898436621
8196.06758491845948001350382545 3.01308340962916592153613225967 -9.99635045006675345856116884569
8196.94832475157002006383636823 1.16145401898371095346540023031 -4.11145044331700096427478138949
8197.51335394291423668923944169 3.28305546722333464654275213180 -0.599291662240542302720563209610
8198.24261179250881381308624931 4.56071397220756725534235387151 1.64044608286901200237165524273
8199.58511717765838163892415015 0.390834691120835658843698892819 -1.58211388291282957415166822840
8199.88477386271858528830895579 0.880138416478222177142634861012 0.800608522341662951306417807681
8200.34195221115291045732946912 -1.84586759623939850679543448793 2.33465306163428980820413128955
8201.75526036019568660579597354 13.4913411157385058969903619741 4.34784963062122845213848311435
8202.87664617040066898027474605 8.08548515590554705436035944083 -5.17368392893875639338153939478
8203.52920374013257245460411749 8.72844178221748696205781796833 2.05765175608543130162300210649
8204.76172933008827156322760054 2.94350408341904879596647085439 -5.11108678749824921624308774595
8205.25925053225548783749526458 4.98006068798283893003585044244 1.58727793540493205741604312295
8206.22837505799327377349195222 8.37434836618424646768811285458 -0.221594143159356292475307879090
8207.28117526522164934507705822 5.58441432476192970809126251299 -4.34929219956456944966512609729
8208.16760752184616503001718501 3.21254110389368049639054584144 -2.70676030456337047172543689307
8208.84642431435012677581368208 3.27597778123401096452507768301 0.0201852319463211655616947563189
8209.53068557914414894206886620 3.15733612400959977308306779076 2.62140911284428012837421926451
8210.51034879894350357693208160 4.34509068678037950174094034481 1.43923242227147033718321262406
8211.03088888260768874933986063 -0.143508699548778793249747054990 6.20273860085045020760810620618
8212.26561241852194571885310921 14.8858742445965135790800807961 4.69761067404789343294611913637
8213.25326754690058672604298531 17.2220561328915434617360805098 -1.66217529974710821652276131663
8214.66874795419399522022453082 -2.62495044060572752425668781510 -5.26673509943679171845283012835
8215.23762495891230542410021059 1.81926144178516064016100407750 -2.45296530878494803987361003934
8215.96262846975981171020162208 2.09769952073342322535516955992 -0.868022810679939566201531158407
8216.50266126026175638432926958 1.81874840088517783626844137937 1.91669796836367070279712113001
8217.26800408689854893883784081 2.14272001337484179874544007120 5.62992719840103576997908138440
8218.61957332971537438962652511 6.50895325709889607242145396440 -3.56297625144099195905014949259
8219.34654382753839774447428999 5.16171131380499681385194535653 0.166587789623529841997346786364
8220.05001450103212661097877934 4.66894392937106660529888286368 3.54682996709333260957783347973
8220.85288245002977870019167877 6.16781192106541893344026149493 7.93994916316491051913272232682
8222.15393348183351587208972904 8.90291364809669286607298147661 -6.31069944446162232441508553409
8222.90879315770114483353684885 8.35504946681798186714869176525 -1.55284579779912728206633057979
8223.80409321169458592712592562 8.46966243257885758131486523016 -2.20681304867441273892777064521
8224.78304149312467693991179562 5.99246065534701953032633396088 -4.33474604130790673492915454330
8225.66248468517092871852108652 4.31895360139006260391627944302 -3.21942951117621050294820884041
8226.60639157755820210464756379 1.50874890230661866529452466678 -1.84856665229572497698201932418
8227.02203230729932908802399975 1.64010829943360321291349301913 1.57054953684287077110401951628
8227.89806396353695368762511306 3.24870230645247218643053346286 3.09723255929487145383888614883
8228.75659182018314642005395681 3.65544486244981056955426312979 3.93413264824652484461871736223
8229.30942434282494115165927410 -3.71162990508382810916975875851 8.56531521847939200123109845174
8231.31860491187821182120711355 -3.47218532608746526375749534474 -6.08463437479835049763521254945
8231.75203939766983365664657420 3.86556517431346415135174583189 -2.12848873896727982657190365477
8232.53439748611094616971662835 5.34492310880287762180030979019 -0.915216491647274045237945615960
8233.38501783593710819001629173 6.28881209770949453334746174454 -0.509752576851766843087558687248
8234.46309396403710669868496515 2.61767303307054652078426231506 -2.74193415551695893042217583183
8234.94046338808530805037636959 2.95915261355459425872380767835 2.11113138693523413253882632359
8235.90307765630181945245256296 6.12663273609010989003746122892 1.93752037947873326478690388050
8236.85283763177358824102967352 6.53281138557002656866706505055 0.254838388901812091201809763755
8237.66123932127966395911661302 6.32410080239464849651176168317 1.81173000421842445149302302621
8238.64382485355868430546700272 5.11123118007742196341850941579 -0.544969237812818285313536884554
8239.16609954759412881078132705 2.33967399437385183041740501668 5.38219897842150358790993138041
8240.10766016518682969236580488 9.19711424976985719548041340197 12.1454346082278331797652320832
8241.81053984880618637372703592 -2.97923355388694789945283608655 -5.75878219344600420103824311897
8242.26298338044762202420213115 3.68013165035311376922614408428 -2.15971026201969711927715317599
8243.12612516061216957047933075 4.25288885330590480871083486848 -2.25448979312862565604650114257
8244.12667234300477722664583572 1.30374323211353196570355208141 -1.77569385685238841899349746634
8244.52247303639777323527183205 1.44610516255704650869848354494 1.44008599414118231900883709086
8245.29190281752390743158350796 1.93821783276362073455516934166 4.48468374336197870663062847151
8246.41475023461411629130644722 7.00859345618008703816219664983 1.96730056085721140910242761532
8247.10452364482274497916545573 5.15598419273753819820323636474 7.04592826130028525125395667382
8248.19801543949801536130180738 13.3262017586467789261782903736 2.08402513002156452761288538086
8249.18221167399417390245030607 13.2995916922856337210861530586 -3.20547361980190781390902240518
8250.47664045447309960444529427 -0.716030640236282516145135848717 -4.14232538556150073895579899572
8250.90512842984399843227076083 2.88847100570730934099535912453 -0.403157454662796099881410156464
8251.59193080460572430297200070 3.97134264863210595672106788175 2.36550417540585081685466335958
8252.49596334623954995539734796 7.60766208781266389902325708947 3.51828839957255965810074277344
8253.79526175057816186221584474 2.80578533229397637825967272333 -5.37925163122085125857686434063
8254.54211087324964365957987134 2.44326465703001900138792000786 -1.78082760687894388901741804948
8255.23810066073033770527106878 1.49557465054295821497126986023 0.0193084702343532500048733198725
8255.51907869164062341597922481 -1.07455669112576618359271099863 1.65854807782369006854041213067
8256.77771495196103377945903727 8.58172301519847018664362427771 8.29231768499302505678997833504
8257.75223688528835516522194103 14.8896136615905899522278193085 6.48626692457729725438180319593
8258.99799891104073588123349456 7.97237619729791098595545530225 -10.4817349931435282511197023224
8259.86852525780195011627828383 4.98633413709059831803559761226 -6.34434438101054442494681600841
8260.78250276252720172316925664 2.37217263199845028476627257909 -4.08683641726988915151837175602
8261.56625350789568579040073393 1.78141565319158425247228769226 -1.55462437088443041989575437078
8262.00212242353063291903816319 1.72932153342666217076073453104 2.00453156338029758540575578305
8263.16889972610925775993351884 3.04713731316895134982147574919 -0.583208908569201393044107909676
8263.54104829049658122025929270 -0.165238867188699932157761876492 3.64062668288611418519176959032
8264.79883293011922983584719258 10.7635382919464141068457292270 2.64727474566561335345272719332
8265.84742825426606283043207025 7.18052544892445811530808452488 -2.89069508979474655955412757050
8266.45916772640108730020359791 6.69688735283105972430640924630 4.21820934947900743994662311852
8267.62080230713562636306510363 7.72858592863874105543558225186 -3.90477263619290209363354772176
8268.30679708035360683774150538 8.06478161098080175667170961415 1.72118227206983727694146243686
8269.29383736895733627265960224 10.6221689384531039084043546462 -2.07355153353269788535766005359
8270.59737514377309346101594452 -0.596377595085647871148413323871 -3.65527180467649900473232064011
8271.10298898878291837047484830 1.76408328169176107761022211211 -0.759916924301150919011067998260
8271.52712456327380394838858196 0.989348242751229581066420830716 2.63509277991663254628000039629
8273.02372702042842255827127299 1.39230349251783997486977669076 -2.27534298040513653315563205911
8273.35908865696093597448555117 1.42480526797303718799424724141 1.85374872850315645505408683487
8274.26074891579196676771538392 2.96921364412287386401560576863 3.17440099094664444892799742492
8274.76129617417841214934164814 -4.20627557828085582507863786861 6.25711205540877490527242486266
8276.53208762164125349505999084 9.16167615108369885853833059173 -16.1859051263169085188166531852
8277.55053173138082644644471397 -0.00866446560141501701736086565344 -6.82702924177812849012365923298
8278.31104489374635184790039556 1.02616071579769378991306652638 -2.36901464218217457719146954943
8278.72415512167158752552376489 2.29254392178540274432816050745 1.23983091465945935898824584907
8279.65822029407845972635293149 5.11013158702136511049015891394 1.48254332199985639462603150926
8280.57668459098736861455657056 6.01473430358332445714081497779 0.755520055767696882659079393205
8281.42773383326399407470425843 6.25862324422584073828542929754 1.33167532077971583995969174620
8282.32518683463786374306207203 6.76775438105373766921838513343 0.868371761333975681498946847571
8283.36423009724327667128927912 2.90291050310600205236654186151 -1.44936515897537106761900164132
8283.68271974391927335711774065 0.130165947195958228476550648693 3.58295186413425382766595202672
8284.83705915450137364326063679 11.8670457379735921823347826999 6.94597386745694932644691117079
8286.15646537832275211700497401 3.88073414253404060587282761546 -7.06361750728042400222214031397
8286.66608855819664110717671296 6.85429146854807089950118803834 1.69541807759610357658299209049
8287.73651226361510339323084138 9.08703886972444747508544488883 -4.51576402399339585906926796883
8288.98043605825014594326849004 -0.637745280423776216244471422915 -2.88659400981316863681597989336
8289.38800123043222851318274484 2.11385451854087682909995034195 -0.235151276825021595115298172986
8290.17802675623791828750353496 2.72691282057237492965188151501 0.532014071973198298607903904909
8290.94129700623542246212682599 2.08742074428289824972890427265 1.40437560029024355822523616033
8291.36059249189770217805887702 -2.45235348831961285591597844683 3.18153166721406860140748194035
8292.96294518536811051781439430 10.3975311684285064164201479176 -4.24394087687353097667420010533
8293.58817037562920889602338159 9.40977112260188793279442848293 5.23681150411315813764607604701
8294.84686290066187474893701694 6.53170504734249655080131472100 -7.78463158675300389388316241954
8295.56851731553401976541601068 7.55937852843558283991548000849 -2.53739300361980207849920739371
8296.69373959480580608465963058 1.39262697894835498272007881988 -3.86534786593266543752875499189
8297.21696060033134936154943494 3.00680253460995590660572259011 0.110495992166533021070612279552
8297.84703513831965933798446540 3.04872634753949785441800437713 3.95857352061965567986879714406
8299.09293089724787326212914131 6.84670912250299741743421247082 -3.06051514825224467349907197155
8300.01243500962577909454768670 3.28754675869584446314897227872 -2.16605453285304203996847641600
8300.53636989770465953028585093 3.01372328693094095526385805118 2.41952572494170041656996658764
8301.50548887530244272382628047 5.28376011641125788868578464173 1.84467217219037300778375887716
8302.24347865694123148273254125 4.22609524682457070870879293349 4.58173869957098141391499731117
8302.93261009459708291562947218 0.935864894871704485136125378470 11.7245472480726952435514116412
8304.59058571363489384194422210 3.76047191840499789819811903863 -14.9806457558087833750002233603
8305.58763516141837104593761212 -0.865735247795078332474521539283 -4.37777248368910181925271049391
8306.14291643806705224171787631 2.13452177114155469338148873322 -1.52321146896890886341304955917
8306.72399498838654892792574653 3.00458661317494881099542808713 1.39149211020100045721653102055
8307.76191337227200224064557949 4.18182063695295887170809426424 -0.651098279955702659337275447944
8308.42265423432037659248422317 3.63106535004256235345408461420 2.55258940143284830081716859588
8309.35168427000594528140934211 5.36023303260476000472288766472 2.36649833938209798908055282647
8310.14262594819841646887056675 5.11367376007707087675049335672 4.43980300047528943272866312317
8310.89526616815384111686902490 4.69890776628279428822106658018 10.5508012466526357063477536538
8312.48788817602937733590551144 1.19558718721422845316245426097 -8.44259996702341328344161330735
8313.14421138834091931391408254 3.04892548965778081278922544552 -2.30458005954844346934197540517
8313.58488534547288764954036023 2.90613056268952709061192491006 3.74316132052754722474093777834
8314.93671463064379221718098317 4.79037734087627034421647528996 -4.99352379518600171646146499574
8315.50893470310746571829154390 6.37723751233054014571629297086 1.82610533715400981711390766187
8316.99169701257225206497212429 -0.395539983235335245362469092012 -1.12590382542785574946500617324
8317.13803160044052816457250595 0.839386883974205409905730557843 0.717132624978173603648853139748
8318.21708225609485577299742275 3.32877600277516918987838181654 -0.0986959715309293096472891195105
8318.75935583836005717659239328 1.55007138052168558849141581901 3.58726003778148421411962815835
8319.74743644015709750189800702 5.34116380079215787630104524333 5.00714535519658127191881181220
8320.46351254559081676630236239 2.92499847312861621861331514019 11.4625159749375561208978363645
8321.89568624027986798734962742 13.5955262376273963118479866012 -11.1111296072898793511499686466
8322.99596407307795688578850802 0.458432312946373992156735076730 -6.32506674871206376809988527597
8323.50878817394907889761139913 5.03108595371884096788692562122 -1.02079524873212384867120284697
8324.65642920812449140279088207 1.37493122752729530699359082940 -3.37367636359181690292266110613
8325.30063698103304815181455946 1.71444039567061022016971400063 -0.641130729381948994349685016580
8325.70879727819432175008993557 0.577390144227732612664703109755 2.22194598746859202504867756166
8326.61973816031232033026859288 2.98653005750579750975117840137 7.32487993469238245161887345730
8328.07921169202621718176173940 4.08648921029556570248085346053 -5.37940496053733141150072775244
8328.71558974268830348414062360 3.92929274488106799691902167511 -0.264399027781718379321483453714
8329.27134069818756102017676277 2.41839576342566543304853740211 4.48840757316275814967233496807
8330.21204892496794719154016662 8.18550505901705166476391652484 9.06737483443097350073266132330
8331.59350284968134051724046981 5.68288976382446900454073036833 -8.62429966414898633767843185026
8332.26307102385410449295595656 7.49473371964442205425823767102 -1.94295427965292073767599911432
8333.23766471392721911912193129 5.75107663466110014170698518048 -4.06908803864259057050371049890
8334.05272665746184193937500334 5.41174513204891275937241380261 -2.31612611413956253512331898584
8335.03729236008290275872805436 2.52721060728039273527805354219 -2.61493079109511910894527293728
8335.62639266626198835346763896 2.97164733986405907126527534961 0.668291723423040931772113361092
8336.46188973904351375609160398 3.13989918478923649840166423647 1.17826452813813857444128838397
8337.07604092229745767882059271 1.19157547243703852723005133357 4.17125723541467907215984175260
8337.87129546713212557785250056 -0.0433860041530136538706077028502 10.4642521049426294341254494156
8339.25748060626824745190714358 18.7188109144389067477347842292 -5.12688953170507841378180285110
8340.39371433300853250555526824 3.70802966021089512699091599395 -9.85804036545619987069487523996
8341.28155484260971729781120896 1.33836637515962732534842189394 -4.19087301702714616154996634110
8341.92498069356766819681538990 2.22830751298741872367516878724 -1.03158927647059049482458043890
8342.35031354195518511371429992 1.27891371705773867847479231945 3.09282171769175529367629522571
8343.64910163725531102688210928 7.39472866720655712495011301157 -2.69675444209873275584055475750
8344.66163866977304782891595311 2.12096689257496716185771301442 -2.40903863778977537276458372241
8345.05300832344552811039382017 2.00576185125341052814261662475 2.45323417913626628390913134489
8346.08311288230363187712415141 6.23466703068481074703774900297 2.08656348167266079397355651004
8346.96346335886379944081954206 6.36531623042004900673490853905 1.96155097577156296176902170960
8347.71009676725946294275460438 6.05800826969340075355747579721 5.70839569444652508371495540769
8348.74755986403563457265206272 10.9288368576828914794756390669 1.83785763023365718992060445701
8349.53497921514655130445965772 12.7085336157955040028634491054 6.56178216348947526447964652180
8351.13442181247011150179555389 -3.07743348928516557480802973232 -4.87898745575464420166481697087
8351.66154750313907921360482819 1.96255834033878007801099358345 -2.41089184780762090153447081443
8352.41711984834156939615359858 2.12855293420274419782484200543 -1.06293795087184170966960206634
8352.95807370317681837340094563 2.04906249056638956210704705980 1.84503999794791995153088992843
8353.84560904902539093322043099 4.07125083132608838670455781180 3.31133678743152364842364388133
8354.91854943719093929295779045 3.78095792006765557597699013430 -0.129477706590121920999731076693
8355.26891397475846542195461260 -1.26553099230266608666171613769 4.45933936477218833322392061835
8356.90404099113540679707403953 4.71471914658327184536485721292 -5.84124237060926929947060900415
8357.31747140342204904420991025 5.20077484677926130742609395596 4.97263812270122754660351712918
8358.61942585500460239232601360 7.83808262727345594434537191954 -7.72249923409336461240425777852
8359.65840718557673716937764558 0.603164580615945682646970019409 -3.01260575644149407974549052531
8359.97076562997035767237400551 2.35647017507962464344640724415 1.77269686921607821934695924115
8361.07362539523043680306446569 6.30503880404476165882428733975 -1.14805178506026787803859959741
8361.85409931457814985051221179 6.66949305418708680920597781487 1.03739574839161197416149969449
8362.91026969205451589501268720 5.53916266819716732167642403069 -3.04727687878901299057813697406
8363.89658417305680218056181824 1.35168858096967443698630331524 -1.73518535578981731249984544287
8364.27031308473005279782788949 1.19319052482112831344443190455 1.46807165262523379117795146391
8364.92165425253353340929943673 -0.523897300400615844746372713141 4.48507352837024151166311009276
8365.84246179497922535713819645 0.788468056732114239441270389054 14.5168044324756088126015833293
8367.57020290208937589183540541 0.177069867313127653951674810104 -12.5394852436267553461514901657
8368.30017108958358497623732683 2.90274997218134530169621218994 -4.95518847739398612933193006771
8368.92419269077551227486547523 5.37429454265413650560364105312 -0.779350961838294378581817821452
8369.98051663172880026548050053 3.41837840732409394172267993349 -3.53565932516173036027657234152
8370.77425990590870318141211133 2.42950182807987017957907424455 -1.37814212304691829506786102852
8371.30804354917726883164659301 2.17755744550684197833785788383 1.85434321529259069468779388997
8372.08757438633392757911888693 2.82310484395623925499610855153 4.83979619928278630746122958973
8373.14744544027596838776835982 8.39101389632926984094021545758 3.26932011798981970156135049181
8374.07646046470235629585090618 9.08015969654382449769203975307 1.56807317179198486757315258835
8374.96751212523958012595776702 9.20695613537805545347185827130 0.988993383733482594324169559219
8375.84357531722370954330029688 10.0453239297430738486952423514 0.976300126580479896183631644166
8376.96478529510533844917532958 4.07527778890888992956722414542 -4.15630652544507874682820216852
8377.39188656634367621748136134 4.28078329221908784229713544608 4.49471109777392384274781523421
8378.85000055576848957186716963 1.91716286228521593850517344759 -6.76304834422804312098240949799
8379.46560129492552814667540738 4.70505167215788479798793782386 -1.81296771079622174549440561337
8380.55622874411141249226863232 0.930772292808726043825560671481 -2.08051623273530465901730239079
8380.96615432146087862937204650 1.57091178310489180297090998362 0.892347090163296494009377175688
8381.56409025453332626467248359 0.246449859340915417579048921901 3.84856947974234009035187029087
8382.90550068348340933963942801 5.50366635157315859966584778654 -0.989849621156168411565147371458
8383.40269045703023559177652223 2.17722393739770259726101047501 5.20659779168121178141669104720
8384.24326485564340226545047768 4.03040363110139104974861563844 14.0723523834560164760048014256
8386.02086634451440034197566906 -3.71564679738696932145635292652 -8.99158353860104949151558296538
8386.71677295324689971949868220 0.878453334706409079551731269972 -3.50326275658905329175994038344
8387.24032839494912540114510935 3.23162826858355629783735768327 -0.218191534109712400125073079387
8388.19982752023776730271801523 2.68049346119103930547473943295 -1.06568684322374392408760054240
8388.63553822230567338825552548 1.27426507398993252539908962558 3.23287344898022813968834389499
8389.78519438712010379666285028 8.73431823639053307584262567198 1.77045638806500034337344447282
8391.04304505188990181226329431 1.04772176308632027981386603126 -2.57795582523640952167065430524
8391.34576944680113181622680500 1.60448563299437020137913632371 1.89205808755812181046278708359
8392.20260909272171083828980407 4.09089044901126547038633365975 5.43595266908681148050966857046
8393.25338348522270721966502958 9.34490377520032429374933459207 2.74707080684938043897645444256
8394.04874701898867322208758409 10.2333726463543234783483427220 6.49085346782479934091432471501
8395.25815389381998206156035339 10.4014277167417730453810700588 -7.83356209142344634648640164572
8396.23818323103525535955024756 3.70669551384119619185928091213 -6.18426064662657437862009319539
8396.95672647599945946883253031 4.73132142372532221998931720092 -2.43423024867897311916230402164
8397.80153860267760821217950770 4.66495246248380316296817342033 -1.83073025743090000842989472648
8398.74071565484345482395429454 2.79530809328111446258270262142 -1.96384542821440546289858342073
8399.52515221057480443918663899 1.07270407708414328664510372222 -0.324825632007414929231946813929
8399.73328037668860403339510382 -0.652288823353977070025228208418 1.11916347848563489420959741043
8400.79002963432111382571975252 1.39964003169647330612926617366 10.3809834684097839202820716184
8402.07124947973954563461019605 17.5926445862563496434112188239 -0.579356937895698608587608591204
8403.28713273092379360300458915 2.23950036862865284642840040559 -7.15735668843764566949617152602
8403.81443492265452795634526177 5.88682977268884361278043835701 -0.140486868943647766802158936927
8404.73928949923260178822297561 7.44441958857448480867277755708 -1.59532561648237736857079065072
8405.70519548042193425230113793 5.46685109916694152970145773838 -3.32294980316981509045522183659
8406.56935548675288643124499356 3.42229918753847886597536483200 -1.93701913105598644887771095048
8407.08486351501861603886354131 3.23155755055378058532571226739 3.13980116660546743418577542595
8408.33151320920817324625257107 4.51379848260484574572721241017 -2.92349380774817671000540037336
8408.92873638275588007309305470 4.50512657964740861457298507089 1.99624230508250103191038489117
8410.10247927285053604213621258 1.79174955955731884007643393930 -1.40885482510894259467534488613
8410.36524130751217442440686173 0.0953163679469319856577335886998 2.30153187023407538712272125625
8411.25438428865606721981270311 1.06189031476020254578444072219 10.5363642037826321268082519998
8412.63414184229453953765324972 17.4567214913397822895483200035 -6.46849196042079648179931473849
8413.68097939916246140815066956 6.84048550914024530090232072424 -10.2367018428888717890533673249
8414.78345074867978038543368639 -0.924722398787583779505783162108 -3.80991240102730298311775079103
8415.40349985664760758550599544 0.899983920798778033010320495874 -1.13286864311710793114589918002
8415.72325401767435220385724596 0.790322606426363580968091931175 1.51890632574232169510167048960
8416.83812991814168098047084356 4.71133605457665589561423232240 1.04877891171989931899026725265
8417.55652739518019261337612653 4.10731616209582816183874483800 4.01748429712100886111815854177
8418.52723923045641631999915442 7.59491982137576176516706712719 3.40305931646403541892799365491
8419.56910901736279373289013821 5.63894946850294586255879404654 -1.07329235854059634668911395799
8420.00524898221730967438294822 1.29077253673138613903257685484 6.80347213191290167632607660288
8421.50839024780440792403744808 7.70647320008757529892414827318 -9.45333204675936599403899790813
8422.37852763541724494019208241 4.04920013254371886475929353288 -4.87889514947311510455131668220
8423.24064828442222895589682035 0.972450054059322123551322630456 -1.08589847202030031558263564837
8423.38906374900831409804930104 -0.316519272957088381100120362443 1.59435763511823738327520924742
8425.25097177032528085054232561 -1.11460588953865140535201446536 -4.87802389233911496746544162349
8425.83972927137759160373055450 1.51883213910538794497309976893 -1.48372726375604602504173868482
8426.28746735023802857269593601 1.76263873242515618721740539339 1.66112835625796957517836977316
8427.28334887103037710774459230 4.07408892703673532970035651435 1.31193327846903511347437030385
8428.01857311937862197318218601 3.05978175798041326193866301318 3.18728370138467092253865689110
8428.62483003244740669635991157 -1.50220067369163973586537264441 7.66092764151585518588731317263
8429.99585568412455533343864372 19.5153563447804935432453579128 -0.600603273105710400034065541576
8431.17700062928603767747232319 4.69562382309837319764352589718 -10.2800318849402793086340986531
8431.95536041930933273364350908 4.95816498963167017429269519791 -5.14153760756977627313866440365
8432.97595883297270738983769191 0.586738437758254699040712765337 -2.46501114818333470885797963088
8433.31248029141001088722800288 2.02286641188281359616791258276 1.36220746254284390256214494831
8434.41542130201786292667831464 4.06525941660885915125012467390 -0.984151698873662023297642416589
8435.05813720325864801666154941 3.39761333306836294532991170212 2.27281531866568148909002249195
8435.81138539817714876168773062 3.68124484892177890393316775819 5.97482239646378950152203460935
8437.04392377201993305308385698 8.59583460174586405607299138168 -2.45729328915206163485916115229
8437.89077050587639840733994540 5.93768614751711285976385711177 -1.12091248910649776620661308190
8438.58150872145153018600768044 5.14635934795304009045115506316 2.59759509079652690586325771059
8439.28045387701345476969996381 4.44513940176387228517821734511 8.56075238686754732504632457116
8440.62249563960590699701857002 12.0853100753976059898017952747 -8.26450802878504603338197668963
8441.68087547200043236670062792 2.02841840263247290430055075172 -6.53803473796379857897531847720
8442.34254849126093625172094895 4.08843786188837135220327180567 -2.29452596568428426851547265373
8443.18437582036265436682915004 3.69662647575180026153270964969 -1.57052461770679795870435897921
8443.85935882096643696449637361 4.15869108863711262146294767603 1.32664786105699836876669212312
8445.01955065598830086145643879 1.66834790524784102807946714144 -1.48781788584641483753563594188
8445.34374334707232133445566857 0.688298169858753748240922738801 2.04192257805375773905110507571
8446.18634982242631235589445746 1.41465402731955145092956522600 6.37387883547316627207577118133
8447.09701227856790053065669718 5.22444920809871622802792241843 14.0133264886224463348090105713
8448.63417663620070183594587191 5.43608315954129468475381560267 -13.2389790294971429686215320563
8449.49601887889054980244017733 2.65813963662998969078334015606 -5.84389115947142240851260877528
8450.17045078158536900634151894 4.33642207533587324468057656223 -1.99733288691710957635636263239
8451.01105148594953986912585189 3.99002308648212237966383147253 -1.31308541302835583892016331337
8451.67235483766396896149296827 4.18305406836084754695971420468 1.97739092793872745414217820037
8452.52678758685074350416970844 6.67987088528362227915563638193 3.69605501882742691512984580035
8453.84054432752176468634752651 2.17136937089027782428102427352 -4.11695517288225986248100821903
8454.38559386950722556553080908 3.20865032253566676673581334393 0.298381729908278433029859427154
8455.12911474462628427372279732 3.03420482032734456177735755171 1.88513731415960826401235516980
8455.68220130998582944513832089 -0.808116346993338457208244998205 5.98011835103598844388716059746
8457.25693389487118666032018258 4.24476676590760205470692126021 -4.60531680267312377646437634519
8457.58495667528384248867962638 2.70845023811747104674300100515 5.79805260002443480527133081219
8459.07790297486782020218218136 5.05029025796283184221029280669 -9.99620808164000416913488026008
8459.81731781083873425554479575 6.31445729533258948834799153930 -4.55760895903326202798893068343
8460.91388907282649963685785353 0.514938750623322022779808309120 -3.74475107752890991312369870364
8461.56286784709621418383035547 1.49185058234216702735358567805 -1.08914416136215617820887343621
8462.06988642754236983937499374 1.38652410758598855174573591145 1.13118759211950881498470699753
8462.64657916409884543737008704 -0.665857058051690451151810592291 3.71305765257350335039989944215
8463.89949984570766565139472640 9.54508209470283909237775526211 3.76601878671551593858911835779
8464.87854252987356452030222899 8.50112607123104191340370938328 -0.0847924467057023739999380214685
8465.53751048605606950489102186 7.28952886493106183387085250628 6.89248215542779787052802575770
8466.82633599204235727265029049 8.07904369064101858634758658865 -7.44546827620672806106009539581
8467.63563018877173894327028407 6.36608441017819606714184404160 -3.63599613326598299543971446753
8468.44430712261821922704979072 6.03256294750155459232808377689 -1.80728460541563771649494140845
8469.24186681820392104992709843 6.69645456508426459652222049612 -0.155401632332129542277341593774
8470.28546215449282565705089284 4.03885443160645743751752303427 -3.01893826124281997899661738724
8470.85556788222004085313236316 4.62447001322135332047853096657 2.20816985682919535008519577617
8472.10675670489833557045506543 2.22726270818490392426707224182 -2.93302097193994016267618629058
8472.58159358582326740179974036 2.67913307347896177476711662794 1.49603135977801061399814576839
8473.42214252928984898110711453 3.72853203815144297312214248126 2.67335792978554039827564426058
8474.17898671823676106271315152 3.02836668104403733707514765019 5.11692247407142409784638966539
8474.84032040431580275800258083 -2.70987138757852070607351162637 11.8889653164762769597526074718
8476.90466491752987305093157962 -5.12386210373446677844880783563 -3.80788948854669032228151051222
8477.38869410160530796491926757 1.30623183583070778738033832511 -2.59943590620068143778965439152
8477.92186102489128689360007729 3.25791705136257047425893007537 0.376639187599544748392693606939
8478.84281676780768261964064476 4.89362257689966774595925439042 -0.304570947089942580508462694849
8479.72151790551707535965302076 4.64379206192704923505124930256 -0.405904974864874716504794384202
8480.49809839582087373376503556 4.39602081551460323990979623289 1.14952278982141692820009117699
8481.30191757046390071095932036 4.40113074679350352088746663779 2.40729698880898018424785099595
8481.98775704631956676696454173 3.02491673928146935967225554452 7.14705127479473234938116730443
8483.48231446607980087397743451 1.71932935897072780156121397550 -3.17365240848989536976686428985
8483.70936522656841599795708312 1.13778521402565353339488786833 3.41274286366499152674160626623
8485.13431548305347405031968969 6.09594489134672876079798066540 -5.62245568557585969655814349270
8485.73159582205921651042182726 7.08286864469376750132190181090 1.76268732798145841183355274296
8486.69552438984232667520633580 10.1867669354612788647698372961 -0.905422878051152141041636953132
8487.79449403885910716932642331 4.85491698153975012776248829589 -6.21933245353891359317708678929
8488.69241861132489574360411799 2.13505338233454699824828474520 -3.34546255399836856355069969409
8489.33584359670049378729128532 2.82378463823561421024166085406 -0.514677192968782046178226225962
8490.03561117805914800967358933 2.86106074716813397324438227683 1.34374822486444881477075255604
8490.80070590694109017070868644 2.81662434582094625258138196053 3.03663203525160778554558624638
8491.50745476712118813441585214 1.08402396444146492086637696801 6.99824761010764879381161748200
8492.59648704662447960183802557 12.3301688116359832787630809088 9.05237549771645664623479289013
8493.82357463522869618739949466 10.3287052861125441493868765406 -7.82335253543099227181680043407
8494.55201802991266919085152851 11.4400736561207470465760447459 -1.52382059131413074255249497578
8496.02985006382008999478440563 -1.41044203166319899158268557667 -1.52263552700912763241223709321
8496.29000222562498531063851324 1.55744615076628476500792400793 -0.178561684627355078092845395286
8497.05388670681743278384640253 2.65739217534060630871143063828 0.746360978855817385122818797109
8497.63735629613887911655131656 1.18314296548933323205870349694 4.47100173476084648604238226142
8498.95506548974465721703021486 8.21541800232610942479582309625 -2.50967642720570663986567172800
8499.84853808494872303334818728 5.20414948663386785344223588132 -2.05330064017507801217931660879
8500.58762332891720371786656271 4.38714558307820335359673557866 0.446394433123360118045526182137
8501.30275546684354889616298077 3.63962875171901295339998973184 2.85355455690362235162894381849
8501.90854484317166170596443934 -0.430133433863041086471568282863 8.29498279921479850222112199237
8503.52822547384323943122026512 5.03687713704975017664490955461 -9.31200428657357685405140336085
8504.08887361356541485085479347 8.76398677523624702502509603554 0.397989775192833684928543162438
8505.26351305470290391133637267 4.08915625633972827204559936456 -7.09400062721317173322051523445
8506.18446709015496725566287313 1.09096170784120932458318972166 -3.04364469068343309548574816016
8506.65563024831717695290782195 2.78556566330314280945694605968 0.611981324435149649527338547855
8507.56843066519666904942061846 3.98790871682160085775293415647 0.266999180568498596011838973540
8508.34183918496120002529790624 3.79610790356600738332257603802 1.69508782867076152698968602704
8509.20509275977980321004827274 3.15914796464950127719387297382 1.52257368409790458717706511071
8509.60516806892947033417457632 -2.79073071372614447458152589482 4.28359244521192833625947770112
8511.16818114929214993366730377 17.0738110673390337354168969362 -6.15051461116019901922094416153
8512.23729897079879156975077280 4.80888657228923878485478845593 -8.56186978072007815116719906158
8513.18050424476614378069543802 0.597639254166524099904152342405 -2.31720713284046534199173491630
8513.42836685617616823613028345 1.46102525340733994654609233463 1.95691596083461709200702074351
8514.60312241480434040020645493 7.74334269469113368076676918951 -1.28824974102663437150230211747
8515.51030616710355747284632767 6.78825413286574725433367980975 -2.05857718335885520851483948210
8516.52071098560288541288986384 2.79439205184300834746203676054 -2.85588358538570739656431661453
8517.06679339895422439481786972 3.19672392303065157675771718537 1.26260447805646880645693630868
8517.83691240993860399511991416 4.15791465771843358744712596323 3.80193790309904313778003335859
8518.99422923028154393986295780 4.79774803897205046704892665997 -1.43718795615469991239414876431
8519.54324191297889829956583835 2.90243970120502284368869576996 3.44555578850168439866137033342
8520.20419276844294004421673155 -0.552663369508306817935087664910 9.50772082785216035571085885225
8521.69852941268043896765503120 15.9551618673649165690549916080 -11.3527583304983130460277338284
8522.88346146587591155546805821 -1.24771475904720375387190630026 -6.88644276698409660972496450265
8523.58176609282043385208812457 1.26843302560156541720132783129 -2.66637468081729827321067874956
8524.07295989259508081458122614 2.91942663344185340712474031602 0.724961626919294801257612902759
8525.19274084185551774429266974 1.89092752838575049154336931382 -1.44768268569370197555733687422
8525.58014593987170309798031926 1.09139835426771885295816247889 2.09754422008292872766332866178
8526.38496707549247142284236514 1.62697564520754870931008544380 6.62641488937812592765666807727
8527.80128547600969710396868105 5.49496536469277169218700347030 -4.06073930136025146114893097797
8528.33527966119693367645785073 4.86563797921736588359547675776 3.18266274515878804134250755100
8529.16572524455653608516890214 7.75807031218839411119302858772 6.88321445765138158389834734253
8530.39208847489183750944727753 9.69932288122982768561946595499 -6.02493214580268842696680810581
8531.21596940523212906937228048 8.18150512622529773729121083875 -3.32300622182774223090364318853
8532.31164798424754263487510324 1.15119220727457151910039391889 -2.92759664376090337102783790751
8532.61070727499575028375250583 2.05398284759144201557699819996 2.41876489331484715714491365758
8533.78019448950996386277711624 8.70569628851004689744069491049 -1.85446820153382652964396093011
8535.04215048416791090748687758 -0.129515953484488114996050496319 -2.62191626880998439348113837897
8535.46744984438341687185616754 1.64321877413646585673631773145 -0.0207607518089842803484855177315
8536.03331008076748509376585496 1.10355036821336647763028016794 2.10461771175035656805681314300
8536.74966414582103341340901295 -0.410068566919443863172772927233 5.47999735515262786345611493982
8537.77837401358508883628332461 6.98750548024413411074410743356 12.9614037713957107664087098900
8539.05711823390570351973041250 17.3139248851501690692522321937 -7.21367779173191982150840388529
8540.19259571982920664177119114 1.98856487689775958459660729747 -8.82567411578227980896950845376
8540.96664937109354417985853796 2.36645916983264145938939949028 -3.68451846069152797350719410326
8541.53998280859254816291234722 4.23670769661877336590584434641 0.311874347237157398694820178616
8542.56539246821962134858100554 3.97077731688061435487959684562 -2.08761729563353360172805184559
8543.33909641679214292724679739 2.69679657109447550744225117976 -0.362367380349553764233114668412
8543.75151971789654362941567405 0.183603641292149902161991345336 3.62532917620101965029993437907
8545.30333407361473767718253783 2.22121471843523202768051291312 -3.01920975423161903836872282024
8545.61812240725615940267502842 1.71429318737763139283532606597 3.12787097452191388147055804939
8546.69149145283091897421439352 8.80019854614998621843304716231 3.09966010619764851512972537003
8547.70910813934726247524435991 7.86154805495759118041102310603 -1.52047806548778706201694128470
8548.38038838130618220486248988 7.18881391504984803067689852561 4.19956315127574878987380625875
8549.30549577068809664704445725 13.0486242305125415528082671068 4.50832493157360019040194916929
8550.74226512792225627342928947 -1.03212314211179933359643575982 -7.39481624286018600291954500472
8551.45118385178172342393685984 1.36642186489990465977646084607 -2.86403314367665256040756322017
8552.03684725192559264592215281 2.55057930083283667815331584773 -0.248502235046649211341615640845
8552.70468881677241871620656825 2.88717635770986585736456590447 2.12668669779994126500277118557
8553.65769523164393901690937522 4.95839595886909929766465639341 1.74241196748332933073844637319
8554.54003525927703064134595757 4.50374376884422366379052687340 1.37301170302672410353990018729
8555.12954860258450660852707616 1.54528661663774694470382982485 5.80026915963009470919378725945
8556.06220907687757243266837986 6.92658717513696552571000857204 13.1747893478922981845922881611
8557.52702679939988151129841426 7.60562224450532131584375834271 -13.4813272957087918557576958948
8558.61265624004073890929237018 -0.805625630470121354643122444780 -3.00281257981228587031805037929
8558.92346087613534551326855546 2.62329224799241923723202231287 0.496805546017642768678498782631
8559.96012431147282371354560523 3.30776809750178092960183149603 -1.44551752757140969257591038281
8560.42616701168182292515962322 2.18691235709833225933727963325 3.79382763299927117797203326285
8561.80054102658964423458511588 4.11774840719267071407445991468 -3.99308720649733270923405437890
8562.35482938467889675949392107 4.79582984306519374044123121435 1.86759001410863689082548789640
8563.58251128426197770735499603 1.60591368664377226959179973162 -2.09741088423061331873571579610
8563.91039263417223466908558055 1.23422518240969337188711351023 2.10756386889811853210473454525
8564.75738272213384327800556671 2.83338759181446707567416411567 5.94500243617007078082475056060
8565.61874367562875698139469008 5.51666249947610876136028242959 12.6362614064038158167935566763
8567.20460714990221582140226084 1.43752638901179763402579673667 -9.61644440313764393780770918867
8567.74453973355010774385843461 6.98262108126035665170085777955 -1.63046212686840827593141650707
8568.74674832048849973944653855 5.73434221321822745716337430630 -4.87663440769076506734716352111
8569.69523096115460089532664055 2.48624723027109872309623038289 -3.75743362505140620186533373868
8570.47314425496736335255023790 1.80593137471659687867225353953 -1.37917292308567824991142601481
8570.94621541738719403772066732 1.66313537894648503894874062532 1.65193322212849510477263828274
8571.81889620067181303797248333 2.88080528742609732509039968587 2.81571677606614619892728285528
8572.42646475827996548716743012 -1.05543412645140407952278502991 6.89310501677693736401993859952
8573.88293474158217363272166675 12.3388797852656086528484673071 -5.10734557937954945258044160153
8574.91300331952461316685728285 2.15374070645688140405664016964 -3.13409836337242360812411213587
8575.17596870724037544414165396 1.37369328753516243363183437112 3.79790576551541582502181025676
8576.70893463108900110145964571 3.16923182697359963534483266953 -7.43346585498507072761793357489
8577.39870199589807485426546353 3.96323024399973394467259333506 -2.24765613401996636253530396725
8577.97124676393123035504484621 4.73384437959658473416128241961 2.96183509389696702880722258216
8579.23690097593595013171447096 3.87309890230351334676020007825 -4.57042438226217366789321615723
8579.91796413203400762403776605 4.23249310643312870511076777033 -0.790283143439742059859726883063
8580.70200392061004259456956679 4.44697781596558725257363139770 0.567243786945383899901849564931
8581.55635473494925513571509568 4.39682575134164851171957636923 0.820527159957198201553392567922
8582.29673673566366783504912405 3.67442919199295626121421987299 2.81355345984408507691547502892
8582.98242641862265566125931348 1.77047898624799123964781552862 6.90689591357595872687609212549
8583.91302138095994112564432243 7.79678078621693975931898267125 15.4003232315101782252191968010
8585.65146315021871843807588438 -3.81589655934357127137407665457 -7.68007132639330070617055703594
8586.17483398053366899151496163 3.72366252796855338371481731632 -3.68148581752949426921438831648
8587.19732092682173733340859065 0.621880671291328203837217807012 -2.52523236135051417150486080106
8587.71128819494138182679501280 1.54088849901280038349747456776 -0.0666232663777097524462886147996
8588.09485260142659054269077425 -0.353616124590974821541135383541 2.45815407229837157739638899591
8589.64247671026685648667859567 3.72522152238599842353764750556 -3.34671619716292121094570896831
8590.12718841655278811323590491 3.48753474275884786994495987056 2.70526266911488431268940184233
8591.09556730245915772794200880 6.17310963498658026337241828291 1.94495486216030423435040109697
8591.80379234319441547784102453 5.32970257062907235600332021678 6.57863697661018369868797353066
8592.92090177349922605206660068 12.6659548278108795701313017577 -0.0214975370869750058471465604468
8594.05574865884846520702623857 3.46496033454565109381946014081 -4.92194455072159991338851190481
8594.50206246129459822908753828 4.82326254715776576748593359012 3.11050668721080309445625046994
8595.55090946997551192695592779 11.0788789317527845890521782846 -0.804880365509789406856703616003
8596.78724121507764890307835492 0.998668121514914215604630874355 -5.61651205549975512883436124892
8597.38449885085661799958692530 3.52128170659916955979933502917 -1.52929611634376563353766941486
8598.23007242793703236642371198 3.24441509774083327788534216976 -1.07961677633285198547285428842
8599.00681311106707522210432541 2.26896782273604612819708097795 0.0357350752243838946130124902208
8599.43178075870283606843030053 -0.152916025719152722193890697443 2.93340593698430074525476827781
8600.49551830192198074133420681 5.35602211218643589545477754952 7.08530359647233417948986800620
8601.33616304363863378877125353 7.59604056513445801153734174292 12.6389241592478674048679402727
8602.80093063269145847777413034 5.93660035654730192570376629964 -12.2011174167706411321048209975
8603.66715805549689534560887564 2.59022288159562707784313765318 -5.14399684733073522226106187648
8604.20487574589052833193550367 5.43887797680689431746464920272 0.521268177156722438366098696620
8605.37203784581172581005625759 2.73063427414539849336575955154 -4.05017516653264701671355835745
8606.06501194454591605132536820 2.71968049218005501068956459957 -0.957274063062526558176651543656
8606.59684704791068872953527364 2.18706793600730120269166636630 2.65965860630323233859878268917
8607.46958415903584187965358185 5.08714815070518758218601560648 6.06105858037313558693304578477
8608.87405441191224882132631914 2.67659568681152067479997244958 -4.75193780414206028776612367179
8609.47657648357854493293894892 2.96401510785512975580502103122 -0.273922056848748948977076159513
8609.96994652266149655892385299 1.16302227104581944237860848403 3.71876893659084617582112981143
8610.90054917450202283077907327 5.27152897389851086828618749467 9.15763307874852368500565991837
8612.00724103153761102121778218 17.5353550750395080321034437561 3.43188971229181129501040030864
8613.34909257039560563428319250 0.571460269595655187423100512442 -9.59535823427161063567672816089
8614.15353062109382481632137890 0.979934842222566791692075072230 -3.21616396249873229178560930162
8614.57029761756004650413960601 3.15621765303476736417675266989 1.19281297790104187980777035344
8615.77899089575860992029274431 2.37042809032933964086624941571 -2.76742780523061083605920370777
8616.33414512739252537631925157 2.85560879265695038188289568716 0.802618787636875281037890421917
8617.17042314671712820019125635 2.97592336098650806204317382864 1.24114367348779689644595705011
8617.68238800768213746466728077 -0.557092902397124966698113177621 4.74821895590936509238436006214
8619.00461024015377410522570656 9.64059182885548881457230549665 0.515939038507361291891350029518
8619.61007525637993413929849590 6.18689857169700964063142246282 9.81057839218796241005970734270
8621.15433097411381921060279514 1.46444532020387458581438057205 -10.1936485279750393947006953109
8621.95265015746924736831125045 1.40787076189910836215491587378 -3.32350680517542972668637704444
8622.39031462014268342746108742 3.18046562070642383535285877358 1.30956958061935718799006984320
8623.28460366973717910710186921 6.31441240281678692740597612176 1.96634517057765394834509280640
8624.22009651631981349693567892 8.80085797299913454504606136351 0.566622210947987722467320310419
8625.48106998261945045076761514 0.872065239482603715989773512260 -3.86860634434163785657399132102
8626.01658294400911874630121080 2.34224744382539658878172377020 -0.334685572477047664631062732675
8626.57004689899580973805932282 1.72255878956528635997021986300 2.68484600033625509847901381973
8627.46944040970897756691178737 4.19013823028764478398474220854 5.20491392741066608200783320823
8628.43174837270344115977544195 7.94900130801599779934913229242 4.96485226661598375236891158938
8629.27684394752635793833400669 9.93173117578946998154360969596 7.50311762326811626429453311756
8630.33079969621224618008793628 17.3871661480359401630565702235 -0.328359508071709341006088857885
8631.66946539283852524635856223 -1.16543061476216834071164278795 -8.11820697831393101149027864171
8632.39879341063218138414668290 1.28595445104944380062497612428 -3.37358114381526161615759144001
8633.07191419136551647717773511 2.00973117750079630420385004112 -1.08963572723264348074094331554
8633.59139334243990805943859015 1.99854913612484974740847366482 1.93027694062502565018833356750
8634.59275599727421596228099679 4.21857706663343860828516243755 1.26758344908734534480823648142
8635.20692173136503658157332737 2.08439293035642505290909428954 5.60222101555298329299061460822
8636.43986570761287210405512920 8.91902363168954447830852510656 -0.879647634638736175122453627193
8637.18756397798147132079980490 7.91560374618171389827670135569 2.81682809648144911391513918470
8638.15080559188114347084528588 9.02263147842772152839075203865 0.0295858559146565558497869018013
8638.92902620509709322235397089 9.67441187491007038499514326904 3.34745732234670669468360719646
8640.05673978206479326194320010 8.36504415164947652593791003115 -5.72092636010818744706274666162
8640.93085883344814076131101401 5.52044424422375918790472372864 -3.91275944624850669051444982494
8641.65696076190571382538827244 6.28807966825316758909708177999 -0.621778502588352015978013667488
8642.64342271974066153297467974 5.07284172735387708988872233325 -2.91339555664990341787901529352
8643.45448733506094469091077349 4.18588651381100764327003276168 -1.34250745440404697132049069761
8644.16649425254764703459134355 4.40782291666107833839831536378 1.16548320877693446130234694176
8645.31489092088825258243109089 1.28741437304753430226986017862 -1.19825474668267379522610801904
8645.62953913818580098198308464 0.417181407875965593642653068704 1.27718574623789253411034353541
8646.02167192931398789673383081 -3.50511760938909961388571596420 0.572425182371303374592363089686
8648.18081766283947655849027501 -1.34773683072049041258826867135 -12.1932900815804589115314142824
8648.77461921736461691768982091 5.71317101133406034224267941237 -4.66810115467222475642745449264
8649.78088084264905013347671909 1.49748615645414394356699091767 -3.63252097608401965877845332086
8650.23946108861556900972789525 3.56731640593904202620031695922 1.12163557184131575476822047163
8651.37557778070480086960761493 2.96774216702825019035627362852 -2.30058659705218398734856421254
8651.86848374633569664711876407 2.87410320106789864244749711330 2.42519674444738735390064829541
8652.86153441974797601347327621 6.27596375616128428569774393188 1.62754622135619421869114910376
8653.77857696507701638298447058 6.14966438772212982189548719029 0.500597387006783816308000309570
8654.50109944059902015616377402 5.80245768360768634037947376054 4.06971506725007895627854665877
8655.64739997716485423111684529 4.94831455029768535856715673391 -2.03114409993022335876917565096
8656.07271034172616694222759237 2.06313444757353405292637709137 5.55178588369590970408170257855
8657.33880075427767980778213215 11.9750693111401424046724305933 -2.66776510789459292910406052751
8658.22210750361752889573852736 9.82753523929642781285378444483 -2.72010176527206174286534205829
8659.06546381527004861072370852 10.6589181272359759442698428114 -1.90113400469515607226002981917
8660.46474977156631387138004826 -1.49197694876160515213146580433 -2.59656373184548363602968287140
8660.89498531780027060613805887 1.49336398094903515345896261207 -0.827014271053304216001659295827
8661.46917873333630350278335445 1.82821234796933470150539056758 1.14746488948434767183622205857
8662.18606527671370212976706351 1.79197037112515384311472110068 3.61848127142401244283576918993
8663.16087484404921579692521710 5.47827868886582291036756722505 4.89438251172228356128245428676
8664.06820498647203484371398488 7.70597185907778705889117606830 5.17307974963794128882304259667
8664.93327776694493508672119971 10.2753903006486427289292641617 7.11985370426056768152712772930
8666.00829674253246597428693366 15.8396839583394773556242617913 -2.20368186526125795313455620753
8667.23203470907592837220340440 1.26136504306351155638304774470 -8.30474487679087765432184772399
8668.10626627398802354777413844 0.256570302886910251468154551079 -1.92935863597162048880884164286
8668.37553288716789434945930376 1.41272674057465418939947112250 1.26342288327164607399868147460
8669.31750422581458312201127084 5.24986411812227575337934885009 2.64179181014073166719575390782
8670.23344619597444850018979452 8.17729621791587710058990998578 2.50092363871765611307507028102
8671.63912770157931471210866710 -0.113866452803878624522895855175 -1.57339183488061014617045395979
8671.82009155508965801568113333 0.953321492506078006985321494909 1.07295926101931495478204362137
8672.77680695154856934848499828 4.14326439520175875053750778986 2.41334604187219146173806373724
8673.52400609966831588002995418 3.65390467318194021412171659595 5.30738884126225456844605749865
8674.34920186405671665397648253 5.20359332175217424018713557998 10.9250104447304797990975496812
8675.59612009939158780081496332 18.7472401894708738629088847438 -4.58636164175197703204511901112
8676.92428105059361182465192162 -2.03444728067416888590264398897 -5.95599929622988376354946505775
8677.51936782776846789293389565 1.76608699133865947460293002942 -2.27075512986548970580488593711
8677.98774653028104347066651410 2.98508224971990934042238375142 1.78320516949076766084097167867
8679.29127816758605185659972398 1.61261243238795284671109863937 -2.70173217590825375023786580664
8679.74865745212281843185067592 2.32963883799951568753708931602 1.14061129689239190021408400944
8680.58405140736698614698083296 3.03144486937324013273483157014 1.97123476168919910132447816732
8681.16185277912787062810002568 -0.335421448774578385804519620824 5.74536080020898411712611885353
8682.38586591640238440910818373 13.5215333152799437212085446218 4.86264010476439035081379062594
8683.50122395802997436671424567 9.69564341157469483775361313699 -5.88984714606791977771234525759
8684.34513814124028880277806452 7.01218409027158982758614027936 -3.43604368961919332606892248140
8685.16257675476463653292159464 5.83842194308467389258742027895 -1.61371627058846002662933590065
8685.79125988764525002053014911 6.33786803841808478344291795373 4.32442695609265061914168191098
8687.18969900174654952120821838 1.50373806896918993181793801067 -5.77719737851706855780113981933
8687.77736411073145796029601102 3.73378938852808195828898251372 -1.15291993895534468557490159077
8688.47905729697596686493518468 4.67439210228765884843631258321 1.47076140608751382424472939388
8689.55133512988953865701072937 4.33620419901096976336150117382 -1.99337502961486648337646044696
8690.36481786979004831781628714 2.01018930269671749157183337587 -0.472528342679808018674430645568
8690.66279762183383237509980653 -0.643663364660604768459866955299 2.39633002993807373886038938820
8691.92622685275938595774575352 7.90489479051972552766476263555 3.39924023426668326628009655732
8692.52317829399619969350166749 2.18543198663008890475820530031 11.8910742835511894008034374837
8694.22841329489668388922015401 -0.757345319884548628421935698150 -11.6209872719339785635641319119
8694.90228944324043672680800046 3.89282550960069157022061681029 -5.23301554249394306367028802547
8695.90509329825906362592462775 0.364547628068622885233587098135 -2.33764598794150205459050207471
8696.25831485263188078444393920 1.96787928915006756496895700663 0.946023243386713699368896290319
8697.33651143526832418663312365 1.96712650316023604398682535672 -0.629040990610061202851998034728
8697.61048568120341551347059616 -0.658884590239931058543653557084 2.37628198298460566258216913671
8699.09121970950037257740515699 8.10800397794648383134198147036 -3.16546405827101103487073789531
8699.93642645779299451055153380 5.00994110897686375654603516690 -1.48070761429112480227488456104
8700.59752199625953054619798270 3.95055805926196166030451048998 1.97351908623060211083161388650
8701.16115756517223071978629444 0.0331981870330568224265819867394 7.56950599357836138684216000678
8702.80425487828763767574241806 3.04682528315932276718459360722 -8.71889294963985577294934174546
8703.41710102172166985863079025 5.47018991193537392045740007741 -1.74952263118272372952937140790
8704.07933223673151902675597594 6.89163950766758130605658124008 3.21819413001197130102624407085
8705.31881042864487535600650257 5.08261313944790131827020603246 -6.46526164335633483584311247770
8706.15465075080375898732369131 3.53119900031964244030255873108 -3.53648589872455882282729194359
8707.00523658180929144917122416 2.07481774226855181631130471822 -1.82381380044666096620250306823
8707.59753770099266576630005161 1.97524405598832667728138158110 0.563978669947136871313039787754
8708.11387219547584278298252107 0.0594906934602401541016828182521 3.18281627065247075046989817197
8709.15969373863076934299872543 5.06793457649399948572598486116 6.53084954332398104674550200021
8709.94936515249769810061894737 5.06571859059865382668480200538 12.8806527170530179931238930507
8711.45029447742228731797436150 6.45145919875426534959262746779 -12.4133002997368202185662535428
8712.27539947505635835752761111 4.27767671294164016846654135574 -5.79050811151723372013988125110
8712.98672070800171306184193088 5.58548167738756371340817177637 -2.14092608004987919512914830328
8714.03095390032414261154671639 1.51430651333019356332464123669 -2.36786558829285060749082497341
8714.36650280091336991892458167 1.76200899897995545779338325782 2.34278128005088929553308563131
8715.58577995079012947126090757 5.66503311290895289016534758498 -2.02398452581322980593177459611
8716.35642696799188273744804665 4.57480854745339270517524363446 0.0485899280120027739540249593130
8717.00351522757073794961802946 4.00176028901446210108100967362 4.21491383350210181295952082694
8718.13985393495306855834086331 7.51626786801355969803616628439 -1.19680522912523519866200826521
8719.09025067711097880368122571 2.66943901696266234585057587646 -1.30443823950855296206167844456
8719.38255405276738845124711862 -0.193649645236632940935592035980 3.28971010772524902929264205439
8720.44789329926737057782524774 9.57720011344971820034944545953 12.5010142970725728464036395497
8721.97494217149769624377493269 1.26559217832512538143921100497 -12.0244265504578670228083048503
8722.75572139891032461799185885 2.42389374835378349283291170397 -5.40323601157937234876067668820
8723.59909864228082302509355190 1.40992817091564785083554435521 -2.50881646905022195034905259332
8724.10819807410296078545507357 2.49248186400898371819721346252 0.612307605935075090408231447911
8724.85967603809290991336182269 3.44947144733852811617622620920 2.69728655037778250307275843284
8725.95676158451010653082483775 4.31433553571489452299392863315 -0.714383348107612291446744605156
8726.53684220952175772935355347 2.66713386441811806194277010813 3.21783668095223534471349188951
8727.25377368401110415069732998 1.18982782327539441300287064413 8.17897031839706228946394474944
8728.49880085531549697476276860 16.1211287088494390924519488849 1.01974182852789184088652634698
8729.62800698961605712230837595 6.40866687446843819991232725011 -7.76825233431463185808753543486
8730.32289293299079107225816657 7.79288163269987400833396146853 -2.02087846890949560093431204745
8731.47482818422439504094654582 1.02735568612812846665092078052 -3.43617597553160451611816998828
8731.87980224532414524280162032 2.80305276888972186640843764894 1.17176533921789783122845680139
8732.62337753874218232191497137 4.50933993038600191750810487136 5.10172348356285998588637698375
8734.08139817294129316601940900 1.52326934131078967605552450471 -5.22880304774588858390521433116
8734.67597383762252041204019434 3.20736250309506749716818878004 -0.982468287459686063226653553287
8735.41458654017001295623601588 3.12016757220680671245453425486 0.540736119545419796434139846003
8736.08009141166129048280096622 2.30985959192029270842815723306 2.94063806349798869392915386236
8736.76765887263467350725255188 0.0878984989237867201983396686048 7.12567333931218705050384770613
8737.88659970118348418492862708 14.2119286201509830389937430752 10.8240950105243961399633101939
8739.38950816981492401340788153 -0.465209647737997612211232527603 -6.15296113183188979741650510234
8739.71481451867215256757886582 5.22799976730530645190222398151 1.72143756896863421378243163917
8741.11249566939320632631599410 -0.141018661278270676972763856126 -5.10571151411283009401115588831
8741.68332589548582497279685961 2.81031636995803895716246842875 -1.61893236266806862800542960212
8742.52551071497062212980584714 2.06075905354956626862378859865 -0.942421907213359579582819644049
8742.99711809394336051400179148 1.30614966095798813652355076251 2.06084247200777632782271241776
8743.74904892948087505507921713 0.890233702293283978840322172689 6.11318444280071905262372388003
8745.05382713944850398178284043 10.0495066760274513915986818605 -1.56411801396806919118550655221
8745.97716141250496157258713858 5.19954450079112011140225186225 -1.92483758308706667681630844585
8746.44353249589888521009252290 2.90953887495888219457553308721 5.70425291347697014557163889221
8747.80730851177938786001420182 6.59359329022431231239170990474 -5.49976411794149416997151772144
8748.38457085576256098308139087 7.50951373158329025142948035896 2.80158857758982404863370669465
8749.51642349866186418128941150 7.62047224318304728702262023809 -5.19068178993318768008855644703
8750.33008664550735648208583905 6.90766402920266759041349396765 -2.93185606119623812526586899635
8751.34643086381124600348278203 2.77480469574831683520189554590 -3.78719102028787609857087361548
8751.99914100940410849189145852 3.35136408282166568857668293159 -0.538790043372500823792426328296
8752.67276359008763962043079543 3.66145567952469055058926494622 2.21446793475315852554596351978
8753.77548978895515369130801139 3.40249920891262497349512910384 -1.07472110267867314338679828667
8754.25890709173713785582629981 1.61023816166802210988114646225 3.05578726525672186002821753500
8755.00917612168684056362660579 0.465288738609584066629772181109 7.85689818680411328335718118478
8756.04383112734775225301120913 12.5390404601146307377984781545 16.0638446400472695399703842885
8757.90305212073442892084316855 -4.07693920309657193512234355095 -2.02535099574386914756965039739
8758.33010965931810560397728475 0.965254015750729665768363395322 -1.82745833958404617616252699533
8758.80668642318732111512496818 2.31543208712228846175134229830 0.797125752626219874336971716152
8759.59198136953271284589371374 4.23175221417071010888635443031 3.08795923603952107145819629763
8760.79776069163633543451770678 4.03263503163120803949811588843 -2.71761220807775163436044871865
8761.33565159627829346514277842 3.83093549085210531956932832375 2.62864106837081556894474182614
8762.32889028230501951465418253 6.94598012449774293942298918500 1.03064954141103900393146548880
8763.39646936710285385512052384 2.32067537258199597828643460312 -1.50704119609752631443793793843
8763.65568619653868607998956313 -0.170418664017193368023244874330 3.01744004621369413785519711603
8765.00586564343507838313592359 9.92443260442497469236455097840 -1.18889267155255683501781846656
8765.74113157749722768043485610 9.16046317884378405799580743633 3.45274114225924384299951318012
8766.70927446753936926744932959 12.6652800067166736875850832414 -0.0381662087945377993352832778320
8767.79789285031340488119499640 7.39412831962523879991224964960 -7.65467982439020850552019662269
8768.80040051336644769615298989 1.31911023996116818378678770019 -4.58580194641443588225992975690
8769.37130801200562633372798876 3.64752753684420054170650876606 -0.800797930771391653845719116431
8770.32106874347980744967328081 2.77709413825780764184088770828 -1.56517698409084220276143223117
8771.02969095594514057581145382 1.82400122304296044536997820346 0.114507565557405390970688250164
8771.39636734452487834116401258 -0.730495862226746612729358186663 2.31326296781510981619287307614
8772.41378899857838321652606212 2.62891379570076582855653615748 10.9161972703071181776691215030
8773.89256378147570199449738673 5.45346532695987423258322689467 -6.57362422742004660776606875737
8774.33692166597181594504069631 6.40086502555586958913779368964 4.91031480883126586289894631284
8775.64366540892579487077766715 5.92369077512429714844845840628 -8.03658955502475778739333948297
8776.41282698088184322369298565 5.68969593261153207442601554650 -3.72049742541110424585629549507
8777.32547764099165950077715474 3.37977067716718499195888661310 -3.09986400955984120213314522517
8778.01675419550478935491729172 3.26732207819174594322669002157 -0.340297770625300727122213769800
8778.54750152824738548968730948 2.06790715727133057266129289285 4.22830555144490754714855127526
8779.87415238876325734439966270 6.63792804284078777527535170607 -4.03738743446819144923620467733
8780.75104862924939738491365562 3.51649764903080005610090340877 -2.30524942596591257931431513912
8781.39984306960351499367706973 3.05257866305265507305456799722 0.656650213088553300847872075197
8781.99940525027741935059979066 1.56056665660018035312519455749 3.81276529229444689103729675504
8782.76353284650136355139871443 0.138257760368674734728929421168 9.83926855811974103684763782281
8784.09818039259114924478716910 20.0649465219138398209322983378 -2.72366559021994897603951809447
8785.34900562033295961867266307 0.430386132201143961493832209412 -9.02069431914162555633939477525
8786.00141691975628395221040519 4.14877296501080817927102732280 -3.82055769819211813169673290302
8786.92572364241919736722168698 2.05944154873537982121336017203 -2.88026828631950192287983855601
8787.51653326848219579720614596 2.91300393995073610680696317439 0.151206241607316444263345724952
8788.23412396209893209686576608 3.38727780453378875214879492291 2.29065011376608786732260536431
8789.16670465208568721321621671 5.28259915156730112737786281305 1.98054525756697533193585827990
8790.05591296853628416727815912 4.84092959570359537154803903789 1.39111119625327175771060221047
8790.60537303088333093429359245 0.957862911255420476213723750700 6.82703769559976165391406092686
8791.86575006068172532493351595 14.7946239244672957148954167876 0.120430210537272156918497249132
8792.93811537712522908205909439 7.44727543889996283581683368810 -6.72190363382813979079926031336
8793.74808760506668759199128075 5.70142628250178097281840839185 -3.31247397288283952548326402262
8794.52821080231513808921359400 4.97628743985747818485065851841 -1.06234344090168650860438158530
8795.10219457815557063221179948 4.57606014336711820724741128871 5.23317708581142020109476709714
8796.60534861525166164919496027 0.759290969047184954636795117175 -6.28995092751143373725005868494
8797.28133933011266135479601646 2.27881855368125829311215382901 -2.15553711238974099551014424930
8797.93346918416444752945243829 2.40616553842488210469245157379 0.0526016159015245569961576753492
8798.45971153696088272907878017 1.07746824701682389319969189015 3.32347407712446673120053776515
8799.62756655152661032082608646 6.32032882630777000730904693990 1.07586053217978918818375876142
8800.40279079784022956494093924 4.37466828083437395847657653665 2.40178745026048416749786880196
8800.87533574093923015131919165 -2.76612297898612596389883125201 7.32296438159668346164951897767
8802.63395795201566595888888923 3.97744701309041993169982700932 -14.1570633305206191104572380988
8803.42824393923698830340827992 3.85511807685799924511252780425 -6.45774976852256997503495841919
8804.22047221177318240861026910 3.91393577829464876579409491042 -3.72659333356412475856277291856
8805.17118687419876739945411200 1.17309298552022664996685189432 -2.10975098508892368470325522587
8805.59943536121063387809018467 1.81937710581637217363101082170 1.05838870137550933450569142632
8806.27254059855203189982515397 1.53287545101899044591024289325 4.32304232506194516096254062346
8807.48874883390488360881477933 7.65669416948123622602256189014 -0.262934904459178777889404304336
8808.22331383787890965103644251 7.06044625795131425597332049822 3.37679174928477106521573888146
8809.41350017512534446032165690 3.45795105588243445018296478133 -3.05816223649793591110861002435
8809.84947765500764026539623579 2.77550054383211123538198417887 3.08391508138714249921367011071
8810.60264738745293351865156662 3.16812375617593325735367386690 9.56416993687215512032101660277
8812.16777457954933378978604935 2.68094619669448794461703437114 -8.88933169845007729951690345890
8812.72571481127743688950897401 6.97493181151800070363231321276 -1.10927858283686831943715757636
8813.83216275063611174244285093 2.49453207476900519162379029551 -4.10605102599393941573204082522
8814.31127766561716602367266801 4.39062481241195957202402058739 1.75796600675072662973866486292
8815.59489329859695636704401796 1.82321238125247647730431529673 -3.84792701478314929249755076407
8816.33368604003595770106589586 1.03667677514563300610521041000 -0.810450967053562094873977412488
8816.59790242400740980385727415 0.0726970908891314459019163923913 1.45109321953047965451139649077
8817.60452833850131070780187782 2.90520252363978292963425457373 4.67785600838988747053763983124
8818.26704219553147178572227639 -1.87445651903610366235671062000 9.99823510362433099501952302592
8819.82325746386895635783471998 13.1193428032992459788603645411 -12.0048443325805336653803300144
8820.83198366850677824347500185 2.29554696770834905508383213797 -7.01541794442164487549677837470
8821.42806232434672286542900169 5.54857397375234484765749513452 -1.55276774752506983539045775312
8822.43823146054721190423395342 3.03600201921134475884929573578 -3.07441727156068062001381708981
8822.98243919597979098671191167 3.88410084901724357515759436442 1.54197493903580796658364677351
8823.92632435818532946556889812 6.22985301049969330264019965408 0.620047347383182239665078309370
8824.82159660001952316247943231 6.46538793243297788327676570297 -0.0219941345055337450277069683524
8825.74706403505436611390853743 5.18336890611729714114888403463 -1.13447913998198214221809968502
8826.47128682393353462717728409 4.50789952118533496320708049675 1.40278619262742849137324825038
8827.19634436744908229449329643 4.28927280947632746272732243586 4.55822598070086544378792892307
8828.12690013669282592144055360 8.29641465630180443773015440743 5.49686972843653681145101236878
8829.20085301541725281921560255 8.81561741642251233893399301755 -1.46969161024508620369032246292
8829.75734410792656190398869590 6.32679433809782950120291647094 9.03078804755546118408154149271
8831.47627400827476648783933079 -3.66644630014521447698357869842 -5.88172679361145718839225949947
8832.09590344110423217984195923 0.945754412872696425408291978392 -2.68588923690011959584845193388
8832.66773353436164781113820976 2.35068073675931488140005533600 -0.386688915808160094600143034497
8833.35327270149431812005005719 2.81942033121498632825243736477 1.51847120559631507286826460354
8834.22733395371641179071739506 3.80058423837247987044676246309 1.92016723871913905996235093277
8834.89874852626406224206870067 2.39876298216056489533443556581 5.75733745680552663961845417705
8836.17494085791120591841974738 5.89905317657342574096287603881 -1.87484528452517626526757951766
8836.62344537428352593267217533 2.36434098928228235898620676122 6.23448149586182334198743486846
8837.77644782620937900042370663 15.7800075034133034484742299359 2.72401299563809135516823256378
8839.10387863608843089211263817 0.544652713487830353249103313029 -7.54489781865156953714913966177
8839.78645248894512645646168696 2.08781955656745514142306624836 -2.28823464819057190979861005410
8840.18384884972531031389942457 2.34820973032120361611094092664 2.78357640505835541724021996596
8841.40193008940960911140072941 6.72500138067239853266295754590 -2.87079450931524305255226241465
8842.18642929352712182632743502 6.30281325223140123253524754328 -0.667005959396067302655684147720
8843.08529804488801694018176926 6.12410359022840414802697504635 -1.38233238165197598586376677842
8844.20989606689228653834773027 0.599427681703376479604737422377 -1.36436272504555637238562804848
8844.42128032155563758011202912 0.493886857632385657185317285963 1.34352371096525839393216519902
8845.39904617099818577311537881 3.11631801737513959797960678901 3.31215182385036477953712547147
8845.92906754160141253669848104 -3.50512822066887071926148745752 6.98012815606400253127928496221
8847.52997080992919876839724826 16.5769296331104608300443090241 -11.9714324933463756968529590827
8848.66475857792672747757065028 -0.197425457763717234767740407690 -7.38802885155978177214993077198
8849.29301216344970360259147397 3.15019521102452477206731444232 -2.83848699413923194594058938806
8849.94085943954346681240658288 4.69565480048834841205051831270 0.280517947453923375245755997843
8850.96866627914648697432117261 4.28534959499197154448044550173 -2.48053837165880230884233925011
8851.90634348116684718437469200 1.06235120082212002902530035721 -1.05603905294018909492861040045
8852.14929130835243785265070993 0.142912352181524028153141686968 1.54274021781269370564054710105
8853.02307004314212037100579026 0.912224976959644292832904250857 7.66308790150460454729737342473
8854.55825138600914859136651744 3.38520661006583862736686790765 -4.95756862395727678307895561012
8854.95555121705024036298864877 4.04099213231505669933307124045 3.61295306539558889608262552854
8856.07994529180302591741945297 8.02202175928278642191319223185 -1.67062454445735708702050560385
8856.73452378416135742008087648 7.75480937621438385430248642721 4.89534035980675894207047018134
8857.96306480515093556699614675 6.94715281969664728674422226946 -6.46504514976238427301076453392
8858.68099970813457513662959773 7.67081638417623076705384841798 -1.64165837403112437603937808580
8859.69349467275192398322233261 5.07459065204815024582314460842 -4.63550650931445892397422674113
8860.67549638890065472972764079 0.989785746734589325504245430374 -2.26666955572859621986378386977
8861.04669526819507837393321635 1.85171760898532290715470975281 1.36901283657386369282202402756
8861.97485987725025632170469932 4.15991325817329198944116791911 1.82232269588163066564502009120
8862.80865107386411324939862314 4.24981816217064778206313404304 2.49735132568423596619783713239
8863.49835702421190949297307453 2.60138331460983010364333494292 6.17483545988020516229643057895
8864.37800396813774745276799521 6.15288451524311812025034923943 12.8464229747618851147105086972
8865.75381937240840411532896691 13.4051499023354004736997718489 -11.8282625376505416282918731426
8866.79120136824723079693132277 1.99033183533051327500545288804 -8.58608769074821604943134690925
8867.75378713925572078690674873 -0.251604840408649659158671672881 -2.06791381343110335411020834589
8868.09227003692815556594836929 1.63005791176847639655993580492 0.368498619963196489718939978903
8868.75096701518982243561002309 2.04886878016155852863191286780 3.02435829990916767479873297312
8869.69190478888703555426547592 6.40553579482936501785200088267 5.44913008578657494706090577242
8871.07818095440669156905702215 1.85268685963515169155237677141 -4.50416495651738087916933163885
8871.68992088559767287932344305 1.93824580267571695479977621437 -0.510132389691826363869823486937
8872.00543288838590990252473061 -0.440172557359839167921769331763 2.57548172261809754838718867814
8873.29798086878252284298442736 9.34098860604331134150837549362 1.83846184057731019590453887872
8874.05005955138329855373946071 8.94040777263701619182146743208 6.22900338834089170546608318761
8875.17281431483431813486796256 12.2500345064134804016191404908 -4.08121292808900610480946654296
8876.12283858217563468435497052 7.57843393442645620883399702374 -5.47180594539968300671420528870
8876.89006062839598132635886521 8.44445945691783811098752025548 -2.30258229447185245272421673326
8878.28957460681447028521164438 -0.723952444993930623738748577671 -0.994096240636095695651184537497
8878.48087810960573740236096713 0.983174693839972093028924673617 0.248481640375589522881918743343
8879.17560972250291709385099282 2.03520820849071595882020717689 2.40997767249331570966102556635
8880.34378209693728216786177176 2.32085794429693268966409538862 -0.532793070887639732003467912871
8880.62166852539680135953258693 -0.883466936908810642515662056606 2.51928588570239072380999345074
8881.72607819009794923564608442 6.96410743574449015767773840119 11.9758316596439143741434123938
8883.02874125517926827443703694 13.6589717576104816920450960823 -8.16998760589700471383040557203
8884.16574960495408178333204668 0.184528691812600547343117804325 -3.73537284824657828067888125997
8884.44668481487635157981987404 2.90615233611610560683733809534 1.99325020396724929262272874496
8885.60230536496186108612207997 7.20659030847465367465871112583 -3.47055117440939294771717855563
8886.58418146850387651220549129 2.64914020087656466622400526189 -3.13153610298284708437702835782
8887.05866634097096216879700997 3.46614870547796490268789468951 2.13406531484779901966915514811
8888.14695675070800159779800592 5.48245923250963050173433616310 -1.42359704911085283035605200543
8888.83119677979447527907211148 5.38819947146074783163871534791 2.31364103617698889006378680956
8889.95299622266502235997707505 4.07193314686191150829756265377 -2.34228005791896615246509829055
8890.53794836892783687959645730 3.42118543293820860174461518122 1.85890344260344160999777002519
8891.30673704809165139654229323 3.27308462740391128766245023056 3.73014930853993142109218499347
8891.87437935685002043750362133 -3.30982073294322683537609730100 8.73366912451939307662622546900
8893.68484040235221977714637476 1.17683064270791458905771920188 -15.0802486483690390132211763167
8894.60447309354913978400602797 -0.482641521959015070604889362828 -4.11981557832427635775720605421
8895.03820275399783485375928670 3.43927845217492181836764377378 -0.412099783006667318583343661960
8896.10333681467074907682045059 1.87823944767949776917440700257 -2.10245350933695614701216506867
8896.53132301131885543323256592 2.10956329668067276700418937521 1.95464259864669448255511164691
8897.67349406503879739414723203 3.03449559660569443129578148222 -0.789977603208534678934164602653
8898.05150713909559467440074476 0.200144384996366454501089632024 3.61845601875926738963930343646
8899.30272446675868684710996113 9.04858773123866460046305131600 1.07137565615762117148240819318
8900.12694677047959756359082568 7.87070947902161832008986531837 2.17159220079814575675619476862
8900.85487597754235834771684914 8.07618921763136598236943448600 7.82936527956512120919565824558
8902.24376506154252408974339512 4.19231927909018814786179213160 -8.82911433578633566611853822841
8903.05448716195544168069837387 2.24321195564641366334818810099 -2.99089636772709172586405085742
8903.45342278450528991155681463 2.87125127334250147487930055261 2.76699096780765690663310809944
8904.49763930603306827984774972 9.81504581487180276927926253473 1.18237047334836701164550807455
8905.78005762007792856770616588 0.897613939166650120029518406578 -4.95138280458788449498084792949
8906.33472262517335890863596927 3.34613477262487755594290647420 -0.898603632577824575159488019523
8907.29643917986951184661436900 1.42946750956140337719397565652 -0.999526193812191506305972515105
8907.62048792769750261912309680 0.376912261615569548706936813442 1.72444859868584556910682681215
8908.36586537200584680612961754 -1.38626470500723180941009183313 6.14525158063931836140846754994
8909.71466978756604896401875210 12.5623240890257169401607887542 0.504758939557579307114517131708
8910.42898951373811085991401240 11.5939813984660438416898019301 7.75980515880107695385553907086
8911.75651726045052110986909640 6.17605741041051618298288120126 -11.7151422573533204693652388070
8912.71734338795512503900042940 0.733360088409807467995167837614 -5.19468392457457209955695232801
8913.32497296076592691197356927 3.14850235798088412709030880077 -1.69500979809313278694828030193
8914.11111678020833161046057721 3.17140767457747983038834945757 -0.659312471592186801644111546616
8914.74118891225678722775030661 3.03673484640771522163948175195 2.30964099540516044772991498959
8915.62380367187780475704590000 5.16069571078640823168921122481 3.44771812355027448800465013870
8916.51417838654597027961110071 7.60197882090234014835780158255 4.14821024217763123707528128977
8917.67807815936557737773148336 5.27544199939106182850273846918 -3.47590131570698304391098921886
8918.30216864390307903691452344 4.50907768389428891598698002204 1.36616494309086964983709545948
8918.91730308319748082929356848 2.67302645467475648858163890917 6.94636645919282900502371253625
8920.27628708884363440080632285 7.69466312947535712588068241178 -5.11635711208118529068162660114
8920.80742492218118942049030344 7.81447375695263011114347275273 5.66464142675745476007502218918
8922.34832923666280498009392434 -1.54718422460890362419246618952 -5.99454019045971094637165674754
8922.96298612195653419466256981 1.65313989890729260436221511135 -2.13766619674845728063326309186
8923.43036916390440364486211642 2.63825055698474572270380244927 1.55577132704493343677862362193
8924.45212484051338433870827926 5.46988634304690498631355304445 -0.185298780915917015372616464223
8925.46953440758961603709177685 2.35949050521318570090047253437 -1.56217425562430770661543729585
8925.91386182041382270869271830 1.48160559887319060577286449666 2.04634264225945502932474123977
8926.59067142549303784112068602 -0.324637400746360954870129870460 5.54445276847139789874041676185
8927.54391028087600607910188153 4.19256689089770042487771973661 15.7801540535315040452365040832
8929.29932378870550387022121981 -2.88301110590991883010936315614 -7.95037662813214264559102215735
8929.80867892430288638553878902 4.11392459279702625153515254822 -2.97344388193717485643132552189
8930.62218435502466149874637821 4.38775658029295910653630547491 -2.04963103454405353368838263033
8931.36085374250746357938308087 4.82931848726472698251354572572 0.113214114297488138866035440057
8932.15153217434294073900891406 5.92086178559416899632043303655 1.79960175439846240725526839826
8933.16155685591299504876581012 6.53987336949347616654864708950 -1.52796434848853932075107549621
8934.02358973578174022222218483 5.11600107080162136449202379403 -1.12780952614520179553088905308
8934.74992530420177662937978667 4.94851138490329374525592283329 1.46643998900044275814368814375
8935.68460408834689084261556113 4.69479428619837073200954615750 0.173131547618464420700989161007
8936.25376507029939926838335887 2.44983094036574638249752768592 4.96478796592900817336829585547
8937.19815676243728557555210842 8.07511797691855052780069910405 8.75614070534152121565359718249
8938.34603549233835297486090588 14.5727087091046706443131063193 -2.94589867304272156884700502598
8939.30818197724709567393843725 10.2795092329366673454619037323 -6.31089204742165436891432285034
8940.29024982774977067300081067 4.61493300282884636989838876437 -6.79374808781235196871895202892
8941.18157219228304126272604565 2.26201392212484783121556877105 -4.11548161846627060789437788312
8942.04771242956005242596249410 0.826282455998911692975860181170 -1.51318554520139453292129309418
8942.47407116648719804007787742 1.09179136882847711607865967805 0.629156626741306134959541351513
8942.90179718350039909483443661 -1.30220240878926602906280263592 2.16856777971215656421759920692
8944.31550154800849989274606377 9.23936237358528238073999973054 1.12198655012020341236672208457
8945.05638487277531646219235282 8.08467086351313403774823306270 5.21267055386503179374023577669
8946.15695217169722849903167365 8.83636799921870357798114015496 -2.55392114632155110731068608631
8946.78954643219855321860198429 8.48024684103515408985962740622 5.35882417063479251156321822828
8948.09486613713738950674658660 4.85126526528262637789327302382 -8.15173090545708987576789959940
8948.87120307062221031162049242 4.18432530548782946856751560509 -3.60391205020987774101315400402
8949.65917496252157137030477376 3.06664830253180650100623323331 -1.40764618472998200032278166811
8950.08543840023413884440008063 1.73314326065546970094918030011 4.01845594629578725025959244291
8951.67958535473892294136361507 0.364782151445564292453079753301 -4.13732459472587830069466179413
8952.13214636620864609919263619 2.92084870947636875093224624704 0.0454119710810815287064030896474
8952.91057034216296248946279144 3.58358146571213404217029954378 1.23048593541722233167179588815
8953.66314052377519002478191460 3.56922337388544984955389357590 3.25772775463288794634213441455
8954.57026610570767141222327393 4.24979160147502378920358130283 2.83088267918244689981521556522
8955.02110598340159025284482396 -3.94634233286566835050204570426 6.86998813893721635879511020612
8956.90408611122495345861917259 -0.465356819695798607415780509761 -14.2285267317001484821203110424
8957.71976445923779140578461297 0.772865262787759545670090798239 -5.21864470212664331321370815431
8958.32961299506153603599702079 3.31742265945662634978847321771 -1.79798096765901869154880426805
8959.08391590363260320606569624 3.98492963863503450262588900605 -0.376242535385399991505409478811
8959.87252980725732945735176975 4.54357394188081182101588974909 0.844479836286943373012647717865
8960.75746593653675623233264482 4.89220663198013037010771873235 0.549499827049413036322640204757
8961.51427756727047473806316846 4.69741100008361547658413445366 2.59782398354339979552992944274
8962.37609840986684085375396275 5.74857380602860460707212590957 3.26944506199935276055657823909
8963.12259527416198761979218730 5.71195848195609670065674411337 7.95086622120999397663036092610
8964.50176886729878710966514243 4.67482502487064237440138908614 -6.12787875892460810697681628284
8965.04232264706067212137641697 5.99717933985525227961532965895 1.59164668921285968554280029780
8965.90913269028401551490066370 8.73001929091352231779517908878 2.25778806056170176746972722863
8966.83185255691260495836435520 11.7645479578603552950084221434 0.513825626745941926940624656125
8968.08314259841428222727658124 1.42185196465806891748176039128 -6.61646852289970022321959302595
8968.73083080488850497907884354 3.62399451559365172329797937599 -2.32182669025692658852417149267
8969.57681339618263230197035825 2.75290756244398621140542628993 -1.50632656589354275641999292374
8970.15646046308381644247165959 2.74160425208625989956274789875 1.62746811190103005213647937325
8971.00814451187746769445176055 3.99973821909972596195714339707 2.64379327557200470948137770896
8971.90034156952349902709696390 4.18653340900565423279537564905 2.20745750621877596634062612360
8972.39847535871718748887092517 -1.70602671995899937816328015032 6.77158307748858680320723252819
8973.82788898277044311576653736 17.2404161694459041514828810914 -4.08254142338910525440067519753
8974.77954477053559294207239023 11.9745549923210837002732129095 -7.29979208911474237621894036684
8976.04681331454533028859132014 -1.23608524535585213287049432770 -2.63917082809079784109703585196
8976.33974801788123782086557135 2.39175821936816121519234304480 0.164748719798192505998984568644
8977.26775447020046568439982441 4.23715558446159519066756534721 -0.685510843240192882200294458155
8978.13915790068804678283105031 2.61528226923344270399449493683 -0.486748466606613939830370828701
8978.48485606778211370575353793 -0.448883910595723281514004363014 3.40461224583874807936629294047
8980.10503503964656461186219089 3.36319121798355787158971944866 -5.75141713537211586435864862566
8980.78997509499840687529395168 3.07119538074134123110068036681 -1.25556552130091720963577445058
8981.36459845019800081030733220 2.34450991816067367551813837700 1.84294236450977751770310128178
8981.89380943289831191116997557 -1.76599246122396039947373102909 5.42685835904329728595194465254
8983.29801688179708013775937812 17.2635852348217008493084752187 -1.27815545016486990180772361745
8984.45847033475546435573773317 3.33660495110438738585213216871 -7.41259245162896160547607208092
8984.97692766360618800303890624 7.22560200505303495029925712666 0.800632016309229157961649278647
8986.27814361725728295890696320 0.440837777877525090657425082039 -4.59004491044023302019785144706
8986.76563863871148236095376357 3.55092948234147155323588446538 -0.372170723078707951235837282412
8987.70876325845463665305751424 3.53891347281281954384257366912 -1.45079254286256095971458790549
8988.51324386886534997244874054 2.19615698591591574066403026411 -0.377110414384796447788102688933
8988.93617940106933060985650023 0.346331743525016016417536328172 2.53552006516007181449444679037
8989.73724662005560553552738216 -0.781609560111256237590882982058 8.15119423358199494224196148006
8991.14364723073346659845087328 12.4420307588989297906486704665 -3.86917384245577761615281322713
8991.84722246737151257060996936 12.0904671626303319869222114019 3.52846470143117854126695223578
8993.20652274788885238638067848 0.400110455246819145457274810597 -6.91237875501310206158824685518
8993.84387241693286098817639461 2.48631814076403257961076976009 -2.03953275230773381829134981054
8994.28529682888222907791193353 2.61460717483602720255638432253 2.98110853635742171460230165374
8995.43808851658827624010615841 8.47722730609620585092561790973 -1.68318476870681627014481135343
8996.52006032405956027213123303 2.40474129069420084693545800600 -3.62890250044029643463725512267
8997.02573775228959970396584843 3.57720356905389729403255871676 1.18032083563939669323632099136
8997.96757169808012284781937380 4.72401175667529603449340702463 0.180685854578596176909940743999
8998.64889944207268196473724795 4.18546070896054009330874927743 3.55586134017759294727473928163
8999.71872803178415147371361794 5.32073179386770562865860134231 -0.220345177791544964451154981994
9000.24340694307733589771525856 2.17021488602323924199675175896 5.48055708998867471308272039951
9001.12940530829834768731273363 6.57453169463143062091271062666 13.4451018578099001726660683901
9002.62377699295824448956913059 6.59181855163869123115075213610 -15.6630484168135650683336598722
9003.87367751527959338745619411 -1.11220768503276061105501490475 -0.711223747846265075537993640515
9004.05217824403041459969619502 1.08445441525517888630030184275 -0.0866074647652874777936755951440
9004.80511117024965968013682839 2.84749619760702927818212934109 0.962291094499672472633172414742
9005.60679707704968579185064152 3.93158991714683413069981337612 2.43373163022160004809029964631
9006.56563058918173061312935645 5.28368251165961954464119302227 1.13493523082247790718463698981
9007.26075605740104586884264764 4.40652411729338226167560822568 4.79062260920249905717158767726
9008.30470303777084874238980954 8.37787862799243182917506812357 1.48165406688399121260233750145
9009.07007528533043854486559924 8.17818813222926095042235109617 4.84956234087123978385567679534
9010.08896286338194240482802678 11.6518254017529121189412807461 -0.301645505880185092911065914941
9011.03350419310503089937758576 10.0748402561241188452526822295 -3.30388104329547993745826221170
9012.04228401697494908859905608 4.28674248638343590297154218847 -4.79582470761594771958873421457
9012.64445343773244111700851413 5.70072156386334259614969293742 0.639873271591088548455785098249
9013.55102106680060808512195240 7.77384482969543392506095496362 -0.321633328585722896715403320431
9014.56522967920760563523908893 5.85217264157189749351141731268 -3.88225118706459957952936828209
9015.59668704641861870673784967 0.879160728051679747822642900220 -2.21433941884295493812675007708
9015.97793305510868447162861752 1.71426125139266258726410962828 1.08224299915384186661533192239
9016.81401997260485956623809952 2.47938890186717628735068427321 1.94819968437501691151926298131
9017.34516019377286729259978450 -1.51836331777019388478411074614 4.80004319068232330090382630303
9018.42447561037788256457431740 8.26700514202002885452906215089 16.0805766602854422930320454317
9020.07249360183857575840488462 -1.69952150482825515859027343164 -9.25569553635002419231549989649
9020.64601711747709653278902694 3.89673471512716903097299102555 -3.25148491125683128288236801890
9021.25703693725755850544711269 6.16410260499132198377913441568 1.41298725765251084974760908738
9022.74593435278591556231483191 -0.650445294506526698354381823788 -1.26765887075424317831412186814
9022.96548803327640970641660260 1.07058732298151849256972124180 0.329623422847073448536859731506
9023.56519377402846205133712949 0.989086875014058433977965340908 3.08391790713305896617726926909
9024.66724599258083071930547397 7.26770597075271514061503992822 3.04016136567015952121801221323
9025.62855953368517167582289123 7.92684910583179108956288863096 0.344723509332080135728067546645
9026.52171397000329723893821513 6.47979091811037604863282574913 -0.399408127823085550403978469451
9027.23150480319240764910865442 5.89528612885742424625391003737 3.21993422942466085812645775143
9028.10683645752385217872186660 8.18943958736227645273483028342 4.05335244258423064488005073977
9028.98708138613527250390990013 11.5582512092792628308679504215 4.90559095311336257014834711229
9030.14763195657256771007908315 9.51799027277353859783565440158 -7.63169845252813143016096067124
9031.03297677678535268892244615 6.33243865477261274419762581135 -5.93134131809469001600907979238
9032.14973884913408707631873570 -0.220432721941066944457511617727 -2.19511955380719073729632091986
9032.44425862134798951905818823 1.80218915634474546128324508274 0.762021653525674027990778187358
9033.51572083041276041743995927 2.11625961853529895611982675549 -0.781014539025021629275795401414
9033.85403484600264696563965144 0.0334263953077452214407533386222 2.63918687531209395703398881435
9035.16894936758671913392426698 5.76462478391492173322271188294 -0.465646335958377889917075703153
9035.74905904758318404949352749 3.14886320025695852500350802413 4.42190800560960115031260494458
9036.42930661350379149971557998 -0.578240874547014819412342943229 11.6220099694905021371672808390
9038.30221047273705223911239355 -3.38867825867372372777620767372 -6.56868063313158051279417608400
9038.74479837616365117475181852 4.25622360887863403646432180937 -2.40646380626770302558481857348
9039.77317875752253109104573611 1.19019830439780208042264209490 -2.40898657075543719210642848582
9040.14020882397379323276671194 1.98738146412787059595770131798 1.65787489516870950915251383289
9040.97549123165614484523877407 4.87235170023950987452857907525 5.01599000256151260128758904686
9042.31386599617952735620924867 3.88499614653194321984338291479 -5.15130220655588473596508003905
9043.01942131906933563935872175 3.47577075036443111692736400418 -1.26235581088654177404477363213
9043.61077297106103227673288438 3.28370681621278113167064550194 2.46068216320134855609660564632
9044.61807114780585556166974532 4.46844881277766805061310907930 0.548562832780381366963165147856
9045.10859088236293067685396538 0.519697092282853203157456134949 5.72050022671476768979567753579
9046.31502970164811588767516010 12.9524049494918166515175489464 3.10215345611578300033969617147
9047.17889892122259644745984562 15.0986717861346475364844223326 3.62324604665990807982697319624
9048.58855450527390679343601512 -1.19023925922364818884153163376 -6.62017074901569301020249268366
9049.08793780213578740410554318 4.27195024404343555455990991670 -1.92302102366392975715763545696
9049.99271486744806112230594261 4.10057452644722280129644171480 -2.63658400301633062418190046550
9050.88220563255533309894249336 2.29238590876511427849872356581 -1.79507962252720320943237144668
9051.42850900066565354060421451 2.33295830129916201682192759008 1.24645897834524464148202823134
9052.22433938607595163175755826 2.55226991708310792302783550517 2.32256899560548830875226308071
9052.75541723130543717915024765 -2.21877652896544851662783199599 5.58968411027874591210024056796
9054.40010678206164840685160000 5.68181875803419289653286582849 -7.02466355936673051787590098904
9054.93126407211658712136660615 7.00208201755896418094584678800 2.31503867860179713475515576008
9055.90524058610074430481462400 9.77370743398634590163226607129 -0.794219313390558617807500667906
9056.78535195646799104581037979 9.99056457194876735038651190449 -1.40958383300769643654335199240
9057.93028844432142989453680843 1.91921654089765639485178888764 -4.43513000130733795367961255787
9058.35273134200584857853854555 4.14060528911528938227195657144 1.96384572442871422274853231023
9059.69520179421411093062391439 0.566506297815738942871648031244 -2.02381626552199365956240439459
9059.90155074071644752061912755 0.966363439556055086832040927586 1.86746503004083200974576744529
9061.26101025907440795590654285 4.06882127314418722482141371668 -3.49278232459706129980530735270
9062.01037542828556372954462823 2.71041582068478601443909062626 -0.818238994397176497132816347982
9062.55664082288096013555888213 1.64535997315385052937664618910 1.91752331587574908871838020080
9063.06598766610209713957478070 -2.77256501519231641371431134584 4.23252041642917924752418922548
9064.39864701310850144239569255 18.7988979642171190286411058338 8.97279248916582032102980764533
9065.67644501130073820997923418 7.71880243081940715194838604808 -13.7938541097044659992926163937
9066.71593721886117973067862604 -0.691504406829137933501740190158 -5.32681020749097085604354192679
9067.34431912351780752152687361 1.82119428398663338407972435345 -2.04774182157339329904347572229
9067.89069302605251760195275926 2.75114645992780706340775013950 0.882430776857875018449776645525
9068.70756589081108466738186649 4.25034104252378654943652600942 2.21676528766476496389258896093
9069.65186401374980242979872256 5.71722300831363308687633386938 1.08507688986650651673755319108
9070.41982065242550827978721600 5.80671870387086241754761844448 3.44738708740926837965934413873
9071.48527509329503521605923821 5.87967899501139444691377560411 -1.18090313179538763546986064913
9072.06889011818982393536851451 4.20142340399736068656651028012 4.50698332956794388506340109394
9072.95048198912608442945679848 8.68620419379781959735447637890 8.17711001775582682549217933973
9074.38155178092295314954986379 1.72354434209379098492366873885 -6.42955321046392329336512155514
9074.86975581313503574248140492 4.72757046629705454487696860472 0.268694343277116363194632433472
9075.53980039094331535333441726 5.92293637810845056354175823789 5.64004667115234799158949624312
9076.90534256226393678625063868 4.85984888522714856457528215519 -8.77452480608878655857299027131
9077.94119316316404523605988588 -0.312954848913645123866603380230 -2.57679902222239797001328453923
9078.38881314884881922647516307 1.56940055340597820373769446128 -0.283068052938424955448725911597
9078.88506880998873619749171526 1.00021907780256755706834876744 2.28266685623141524007550685694
9079.95859468850234245816451776 4.53342519467274210116533380914 1.88461555545106240404279261031
9080.60027883675573399129294849 2.22126677312198958469585331252 5.73263395064837291337722496538
9081.52502964073724960651425513 7.09624356799075888625163418766 10.5448055053924885199574297418
9082.68745916601428520178375247 17.5516341011422093390347996398 -1.92046367002028198346020279054
9083.81768446793999975159678105 5.25310713521597480152763906635 -9.81380821537162551706413541585
9084.71918933904850331844271196 1.65160706501034422160587485810 -4.48007997472343875923851478110
9085.26199100619770288882039917 4.07076448119585553313217662725 -0.207198860700848992925269167132
9086.21679144200552777079290717 3.84357711901137849800938711027 -1.54903186903259604569488853623
9086.85406462899839331682668384 3.71001661666592376016884283395 1.74602831817059949170280352241
9087.61998905899373045090606100 4.78547290589147237680775482167 4.87578509108809997536649139122
9088.90898849988710205808310451 4.00581343120937691147617328789 -3.75880790144863117247936116658
9089.42599860217267985209672203 4.22782415907226758124734733298 2.34749457475653892338368183882
9090.49898866222302830811643141 4.14079317111217910100881872457 -1.08224799101816329370646900930
9090.95396703052115965555308910 1.51646297716394862180790676625 4.28266729226984487922584633914
9091.77838580768963611333721948 2.59493040784390554207538569939 12.9035174509478150268104402952
9093.55454059272242073606917590 -3.02468314266229050396234109945 -7.61441909685296348268957413323
9094.08065373881980563025384294 3.53294605899696449218187518621 -3.10932445057123205372166086115
9094.81793616184879779149947812 4.81876824264326416789312841826 -1.29696008155375328502080477986
9095.70728336485781679562925618 4.70274250159533463327218696298 -1.75669079324135288614066113553
9096.61158923843923552262265808 2.85965781380301784626134733782 -1.58664642945421935988137097971
9097.16415072332432541829251040 2.59722654626978093868390187784 1.87118953522654681884017217160
9098.09211541723183421495602197 3.27768874067440675351209331272 1.34387485565285676911910980703
9098.53204216705821565302516210 -1.76059169532521361635319349776 4.69144978041539357735449084102
9099.83663563566962067239651095 16.5840595619009405341300886366 5.56849480214801234907518505012
9101.04237424088505363856503837 7.20507504914595236540772667053 -9.50677678935992863811641362686
9101.88525082985473483806684862 4.07801624657150923096646685300 -4.62376608702290946217377188380
9102.49748097107842401036955984 5.75468176063574217158113675803 0.377665803981201618070939148423
9103.49378709445641120331402389 5.49957665688916384899454735029 -2.44720336758596030421536312472
9104.19325614150602081485419112 5.82437193595357212822929653034 1.04393225751500693350433979628
9105.07492082963586034220952351 7.99273924100457917631226182946 0.884990732912769776096868298462
9106.47416154683025154758141957 -0.369807434979741391293385657214 -1.33765059265734544531478883500
9106.70526754754504982230386675 0.923481618509272088961448887032 0.457511227688428239597225955912
9107.19120266357599978102684040 -0.737769438240844036094171982765 2.74862752893526714927153107846
9108.61364318405409030315598279 5.55948762307955097238586151587 -1.14066012940684305849897990756
9109.02397077550676617720314974 0.785735488237241513930312562471 6.25407053859422809895326285200
9110.23038651466164815845605339 16.9932160081925322017897621793 3.38337021912556854892650825124
9111.37508487863473988032346650 9.66048462507494890790336673459 -10.5249853526158965380547155802
9112.38158261044617456409075117 1.59667584510944954224070822758 -7.11307056167084081932436290216
9113.30229784667195202395631834 0.0223755263670013841585176458395 -1.99754833370768012131319832114
9113.65879728217007969348346924 1.61519298513185395844216210280 0.472168512090314054099616633779
9114.44485343854007780366163279 2.45840557048358971800813342474 1.55803522754160992197525333088
9115.04293063619222852463923617 0.209834544444660367767383289003 5.08233227364083521118319743981
9116.42440531444915311594224886 7.74407224155159567152653500297 -2.89157006070848679437075254908
9117.13705832991963680204974241 6.15125142609773148140715298012 1.18414196536884978790128635994
9117.86096802515779723718566025 6.11312362995067010675833406453 5.11475297458740763559722213009
9118.81094424742395358133408035 11.8872272269347794460739929012 4.75222544447084424410379565132
9120.11628159296777456821100286 2.18211977746863619186349092106 -6.14753473375601257650662636611
9120.56926431697731340533924523 5.40268442166106380448422496537 1.45423570614944470313611982448
9121.58490224499771143082644205 7.94159216128339866981856571173 -2.39262713382731531153621419736
9122.50496521095579774493185328 6.10315673599562119485351247304 -3.33677464410005854235732808520
9123.39385493890136128738351043 4.02047177320813519885900444059 -2.71875666209951591749325076519
9124.08487439227158568238863066 4.38138838181243450289749041877 0.137739112024916854078559601794
9125.05967715257316030078148626 2.98039119669398923505404130279 -1.17548989327769702446307521391
9125.60424773810204208720704827 1.99946200104583385465365987475 1.99158889710582398387481520346
9126.23547279669432712607961141 -0.288266048787108198012885394426 5.11951043048124523958079347861
9127.12139269102507153701613606 0.422706275272887435376845343009 15.4311394283467917923054985759
9128.94596223743614405257796052 -3.56284251162787224831630099597 -8.74818575178143604765399497471
9129.47300095355715264468776901 4.17587219527031427285511304961 -3.77283722464409310949446786142
9130.44670165356716358363329282 1.08626238333634544244898332401 -2.35188244020108099317737684719
9130.76815917079186337658549047 1.82901966154736207809565751127 2.01251769125578770660315457768
9131.95737371251420545187521831 5.73623692208933055081639587356 -2.12623634758199847775456390808
9132.87702227626989695771062811 2.42787583192134441604851345303 -1.52784594226704219383487738234
9133.25313272216548324178142246 1.10379597768245673348835816787 2.93016568287939647230853954508
9134.29913695012236501450411315 7.53391451940533763961259464201 4.55403929079780087023182242424
9135.42745733446825965900605195 6.55892654202123427226041554950 -2.95193893502336623068893646024
9136.13960199379170581499325029 4.91080085439727410926076487131 0.620754287095396679053976248799
9136.67919643649761387942542389 1.88586946265623902853017617710 6.86304638670552582338622656548
9138.10591077915908638685056497 6.62570227695490527258145040087 -6.18023164785053435477448416522
9138.60038278962011513532800505 7.64220411645074735837761482685 5.12247819842257309336444904696
9140.23196981821388077373544235 -2.10298830130742397026604151290 -2.83575819811659420950906164204
9140.57825969712515247995416918 2.34648694895134578722137215490 -0.799137365482639745815264630592
9141.35717936233355810650785161 3.68950631253324919541197796640 -0.0846965008342620917441160751014
9142.26652321992890323865270990 3.09161504999348892487249789047 -0.602967895164959875886849455872
9142.83690770871546076902484861 2.11167194320825880319257832942 2.51306665331775463993503133246
9143.59697793963333963916433646 2.01287076720801756125230763716 5.97415922703775329819143630659
9144.61998082022234817670256537 9.23119939406319962854142147941 7.19618190709638636402272403595
9145.63852232216017559663601224 13.2844880743143422771701034863 1.26140670033776755710274570088
9146.52635840550576018318281312 14.4697022493720208779012076930 0.0450961335228285201223622455889
9147.80889496308912296314910917 0.345816069290968713595511952390 -7.68955827703404509071137494460
9148.55504714163633066295505973 1.42088552320193461526175160313 -2.80234253985692363597768226729
9149.11799684955678332903377423 2.17518914434796587267164396716 -0.0218993822560228173299967484700
9149.55812385303905654772625736 0.149717174458382191721515673055 3.55270660769193435750215480264
9151.02645517348976268209910057 6.35627763239710350180516219891 -5.11011886999003934997361226913
9151.81767210035813265207751442 4.77337440840184065759472807722 -2.11495698128304814655936605941
9152.64901856688706833912088558 3.28685530457765772033303945137 -1.02827520543701537746007504979
9153.26780874967336861743468944 2.31493840606387903991370680086 1.53251882936288028252011529193
9153.74020009562272588502271417 -2.01934872331234499507856794527 4.34428063519334581338272662626
9155.11113426514433728272464259 16.1794141968402235421115270424 2.51954787205982484818788112915
9156.08802623241254290511996012 14.7167708097870402674481408912 -3.94465440008637074076262695055
9157.20085386018637045444876518 3.54868020181700044972054332424 -8.45489100394705370575242171207
9157.95760348164418087345557162 4.10278236038704800009621200108 -4.12476996089385730294621354965
9158.83011689725046255873163594 2.49823573999838408519657379972 -2.70118449672523579125590476369
9159.43882497498501979310252206 3.27809536876091441156761319894 0.329154314903118708037271533142
9160.35384771105593057415233707 2.77666007931673131940858957405 -0.253856262111605223509583453271
9160.79613941841932752906268730 0.450265217451768466548581056560 3.40756818009604871380489140247
9161.92643233994394314939867845 7.07418977102866798607333379027 3.54015013733818022825267287995
9162.62707528489405804589152984 5.34763126177319434469009198095 9.39874304201765624366907382423
9164.01125856875114012790651508 7.33893938001675149535354643636 -8.30129866149738855975700566836
9164.76502148888263268260960292 6.05459545874240498996513592185 -2.93155428992909368637596953767
9165.44866341438627630801982772 6.86660296323355644277469577502 1.39488590862725070932271860756
9166.38173437074438393333478842 9.14279711249527900775931700247 -0.520579588271549256259064480943
9167.38244742291006480562295478 6.92715444431899039801327314012 -4.34896037597728394271116690037
9168.30492587811359957241970153 3.61844222392616412821638452042 -3.57545457575166588866040305658
9169.00561531392393539754395156 3.72261371115882660484062313801 -0.717189474466220027765959538403
9169.68967231045763216941894794 3.99579003187056865001013337508 1.97640012711263904206703796412
9170.65894611362419320263610589 5.14156619117217312283054332870 0.360205379220932753748199669354
9171.40201382058758747604196671 4.36376100054496162349828628097 2.40987574728268321659944322779
9172.21332178221837098398821461 3.88984723908224226224294460121 3.21409306695096285442362984229
9172.68391045042276044237546794 -4.39570766791853603530455754701 7.21837884528707747484461510156
9174.79944824837543112267350961 -4.86327092497998994092456014031 -4.04519040787579487298726252386
9175.20883588122894816597340005 2.59657128064478965479101867486 -2.66098874010484804140729906859
9175.92745835454012904384927076 4.29042766201187270211317935582 -1.20660538631614989352379108410
9176.89101712353963369487783125 2.76496728424612611686519610357 -2.07177895104936762509748768365
9177.47920889297814994844274943 2.80716654235429499515763741239 1.04249468039150244145563692071
9178.13037759833337983045451581 2.18215708276245151739264830770 4.56340615598371922953828668083
9179.28597975570392202366435599 8.80227960538968055241721434445 0.493830722554451572636103528883
9180.32111339579719098578224870 3.64161225785467212213458393198 -2.35379664176182495893069797154
9180.73928697381830933147726099 2.20412117496760553343823319504 3.79111439462734819457997448446
9181.70297429628681589449423054 8.33118185308463000095395478189 6.66235627207441763066869382310
9182.81117398477282789829999483 11.9378632172885609534759463686 -2.69042024712524073516303584735
9183.69983753832735840725250010 9.89158762000234832912549859379 -3.25639704955252973744125524317
9184.76719441418296097965572407 2.22979471446230020026076045527 -4.03121482477820268464814106136
9185.13600060917985171054703220 3.56689705384896936464449985125 3.20632704827309814160232329013
9186.57814663639009351166197556 1.11159880762262461229518666114 -5.78768893678718387208803449808
9187.34508688956870717268989171 1.10899566226699523880661289071 -1.86382236270938137193546133197
9187.81149703235806532479563095 1.65944667720709899867938155256 0.717312709111784558130641609655
9188.46482956272462147374635532 1.17370741116584674211658279164 2.76162848447830791971300402580
9189.18731321526848567207167764 -0.722516611820696684923305628349 6.72447665492561496983729337708
9190.36677936411621680385273521 13.7444653540640127908295310227 7.89635623899635037735330500806
9191.46311865611598452110548467 14.4703344891924077522360434821 -4.98964725305807878170152941564
9192.43869165393432989031196586 7.95786430353542472461967435851 -7.34761374366944524454789495818
9193.36891187573356239120438510 3.35421696177124632391833890865 -5.15357354124388971970282657967
9194.03649758325590242937239646 4.74532009316612672921546646804 -1.39049031804022033097829731339
9194.99861807002749562055341810 2.49784229832380832117441585548 -1.89749992794279431266055162584
9195.41599334155980640768082288 1.95088108405550519800372150114 2.85227874981946016861562751766
9196.54137682249813304733018256 7.09026213193284225084486461549 0.0797024978328311470069913769215
9197.37579302476899189404773262 6.84523882192733609461262960550 0.769246136629329072993830127053
9198.42875155456749477692287043 2.91727265698709508786134179100 -1.92773496769851118967515916130
9198.78934749128996805997725156 1.19036765370406855918990097203 3.50597117963936135772534580340
9200.00674634403540406165168990 6.15187063286927599638842913835 -0.318609365193375341471685187439
9200.45107757146246406385215850 0.757985298946454590175859940780 7.52903191019070306480894244375
9201.83743483279671940655765909 16.7916924262789391268972551863 -7.91894643916930094892604026203
9203.05094149062167427523548198 -1.10482545724031721568310772805 -7.25534185041805887002127113145
9203.76179010094471957080877546 1.26470206447148968260460479773 -2.99440948727882904793902802715
9204.44993035457728055130272194 1.34671080750839604058495134892 -0.803025958752321437198260860145
9204.76070825841301966424491293 0.199364092066702301068658280732 1.99484318057255955048891950690
9206.16535079159754007179066087 4.18860962222765548776957504810 -2.32599415487751982917740011986
9206.84737541624579899756051578 2.41726471568060464582287027424 0.362295611790573247243858310475
9207.18975032855959588745627894 -1.52744285068391826001555338393 2.99482454497905896889969588943
9208.52041415295783815600374432 13.9463615954087876974261771874 4.83626503429481615159988593088
9209.48093305615761744223633812 15.8403317634062532300299559996 -0.407621647467816766994516857864
9210.87397897429007026978890725 -1.43853786797262902183149422978 -3.48849494990437140358153237123
9211.22022062267530658790585001 2.67373006601975790205354146937 -0.220881570285099268678187587486
9211.87832661383893092990775539 4.04514683140676269975548330150 3.14115082171746061126071042972
9212.94254301803651810593999208 8.67695636090665257866326611291 -0.673322631633254673338558634972
9213.95345724249697430572160878 5.51133731264289161175507320145 -3.94214959389072244895431536732
9214.80981538285598834912253840 3.23402587625051424047682926988 -2.21734300375391534725013400880
9215.38306360670050691928939304 3.46129211974503322895866810455 1.67575372363649956281256636520
9216.39649988313337040745062374 3.56208320719566198135561749110 -0.364279247165163813563226432279
9216.88916299863736202611848848 1.21952362468034442055506413095 3.59446649372173239028680211775
9217.63241362671104796198272935 -1.04441807543612253582161134818 9.91048881470454412222062191487
9219.12506526566385000948230811 13.7853366045526009466768577315 -9.92773896240295364820613642776
9220.02008339123924343521941940 7.81932209268325644981887228384 -7.21786178098213480350173194607
9220.85213798171188225226949065 6.84360338815780657104386598132 -5.06573178536300433583826410207
9222.00079828777078558840478811 -0.289328589797915954496431274227 -2.56106253989264176778378963383
9222.35404756048216973812945862 2.07757529950424174740464802012 0.357580819544640624621285534478
9223.23785907079308261806576957 3.10893665562279193977335819745 0.280112249037720755182493109497
9223.87004609629217896361930232 2.19337518313656886314560166931 2.92032565614440942911660723600
9224.57816342444513823112358879 0.643527419512495369114156147425 7.61679147867207106799660879186
9226.17321590060981324829143241 2.16436633007522829547670725926 -5.36480217027087567432468390467
9226.62576279993856898120334095 3.89850678010179604777486161045 1.22429527792350987425302216536
9227.26219497140065348810785176 3.20279699875363280739435479757 6.70980906287621377685770126704
9228.50215799170218955533290685 13.0731010421394509121013431595 -3.39290939582253511393266571701
9229.55836412936053077459932508 4.22222565216158167063079163812 -6.07455840436548492565202879582
9230.16070477899086732681424468 6.29142618239186767351503604874 -0.113428208669000867995950944554
9231.11634154664818284958416898 6.88165340791148102389881972732 -2.59719218540013288270805838699
9232.08259409769103913717060242 3.68200606925915500062448174027 -3.37885879282482826796935190649
9232.76455761651685590879209664 4.04245438908386088930121016879 -0.354791018243692405364580409668
9233.69036650889899828009729392 2.45698750540010912426329140123 -0.819039219635461317590288692966
9234.08640167977434950333904426 0.572483988976188005298061509636 2.89752544905971464096737859462
9235.30907430577958333911222296 2.92927130710721539533862637937 0.172859682997259482277527192617
9235.52066901688803423728191642 -2.63226859659974877783782092957 2.27457156259874067841577786576
9237.25582576793331928700241531 15.6434432649641513782324382021 -14.7709244864656769651260908674
9238.52552417848137033900613829 -2.24070769077066027762901853104 -2.80280662376821735622001489940
9238.87316211812686554902746084 2.32879664320879423662111444807 -0.906793546290460615133054938754
9239.59976044538316627290545598 3.85378578441472550063664975809 0.467067952549986758521872160458
9240.46331840655515206165385063 4.68533568868520174427235656764 0.531967220008799247684447321778
9241.16892723348663035160369980 4.92652855777075990351329346893 3.99584716430961091621054043207
9242.43874705554603455129546071 3.44169597246058697775395158839 -3.59895754604221172724565238419
9243.00272714477276487657655772 3.46396012770387081750020383474 0.985236237844052225602016903078
9243.62962541407315106599493850 2.38474139794122353486719728135 5.08759790975632662596807851237
9244.72225615466044209310622835 10.0348084709266710118288256371 2.98696925374979135889160141047
9245.73031725987170978185227205 8.01290065758247174622717163990 -2.00757519857890141925015443802
9246.37247921796996554958095513 7.30511406039370645464309685284 4.52026288760273937161058968350
9247.32368200893062601821076344 14.0138597339270293895774015098 3.23094355864182220372009873038
9248.85966442793292131101795235 -1.74278102791013605123185086298 -2.23182292434024679128302662910
9249.09713424481351853468039096 2.38778980840012104430706169463 0.0996898376317772511454849825680
9250.21723255168626066901726946 2.05377077852221676959205902750 -2.59841559258387081083045861956
9250.85026873116902482572597074 2.05318210823865085209507769510 -0.142323714494053338499041139705
9251.32533200991958624246784841 0.635582479741092121491552903994 2.70093727205504948245716492700
9252.30198266040289331991404758 4.40718854161154250298266041356 5.77687244467846914514891162637
9253.26689587788335390782804780 8.22437814966785760416573218219 4.94398458879114433241472870327
9254.03996375021744570793619349 8.91240939294970303438067494545 10.4178912561344775955894038193
9255.62924273497323723194368920 -0.916949562641215201895214056267 -4.07366244350204520156838946721
9255.87030715936582547372645127 3.35342048172310625728252114426 1.70383169148996654449213818769
9257.09097636952845844619805451 4.85874359878284208591081656437 -5.42957563885164623521715064482
9257.92285105220724156446109629 2.98379236094798346842290641545 -2.68979181322960979635966183740
9258.51319798888945798529778533 3.46575082346055390586509332066 0.901812334651369367497552825458
9259.19949049688788739635076793 3.80870569583286760519585439930 4.72870813233116314713784620813
9260.46268608954183508449263252 6.58404560117182287043919530319 -4.25297804615852437010148288893
9261.41091775219623051427263138 1.82881489419296230221360041422 -2.26215519658256438957829532583
9261.83261553093219927861616254 1.90504456782246705953558198016 1.64527251500073973056467264810
9262.57190534142002806817365279 1.90650796036192279076673792733 4.34239447148482134384612774114
9263.27886389933392899452331317 -1.56633210129166439449882295306 10.4388597331970773500795275556
9264.80855551076351601064730355 14.7281154171517175779929115079 -12.8916095319265115670004435301
9265.91499933908818657696567668 -0.297344516127810726088399218674 -6.90902273428599187070072701954
9266.52335558628157106215454508 3.12613495831739019118688833747 -2.58840043514729287154777988752
9267.15763737717663485795342341 4.73642357475428069824764117335 0.648424669909878870934697247185
9268.35988508366591355513565093 1.32953418483450401083987563077 -2.66742980278930124100533415220
9268.84666383646774972238605124 2.00379830265473505072315124035 0.527256077337691345954841274839
9269.38531260405287561251076459 0.481274084119420750807428479877 3.48963292018350018147226653018
9270.50492592849098744859067853 7.18421520684964817542381294208 3.83771429796465556904677565860
9271.30102811858505523810957110 7.63839127552635958861182718956 6.80458765275205507926882666142
9272.39410268719156932212925703 12.0297327303135431326443171030 -1.43445923704266614539415918197
9273.26684319850589833765796760 10.8638769364669413240037133061 -1.76735565966243205260725274591
9274.33813383981812207794586089 4.02108271533653229596246235810 -5.37289158183914510991754573980
9274.98637591317734014633197206 4.55517597405723243073439785817 -0.697258640561528746046216242197
9275.55551246176609103455950934 4.17238563604276013941309287679 5.40217238952482917255969542628
9277.16051444452308812106019171 -0.977472773013652222482546153671 -4.16346822359209248559060538956
9277.60876837449691279578438677 2.65125833137266182269260385186 -0.806665446072609824835960318363
9278.35621454611882428774161114 3.17700242869558243617708321624 0.379799550271633051888681801319
9279.04093307773736993067973018 3.00210851746333515100036663062 2.86580482717734692445607541930
9279.93825616090502828640824826 4.98179410301231701819272815252 3.62906415231719190235659390500
9280.76926759345381417434523435 5.65567236185139180672714518682 5.15273943998857132458818070381
9281.53743879317409343728412564 5.78152118161049830359100292114 10.7534194129777192733437784288
9282.73428893720159239593871784 20.0378033350948108064761783653 -2.99168443278605059030716485148
9284.09368167507619850303420864 -2.79817173443158481058343697070 -6.68688275990655077280470442332
9284.76247843696750264788823359 0.871492729535518640092516481895 -2.77046720131537832401300876263
9285.34415968940163807740700303 1.98796148034160519480783230397 -0.501422564249735074118121533117
9285.84943111895114905446570988 1.47831138369364250347924339667 2.58131606526851406465084549139
9286.90156916403172827455324457 6.24213899871978535600191639232 2.29846548011475905028677895559
9287.79942753086525021193867826 6.96515538628872067154097425781 1.54204755403280401266088438023
9288.65767886104979613419106061 7.38564870618581893530223293641 1.70940753853567360499398584662
9289.63471649279187492730973417 5.88361256271789493709212225782 -1.17140740648999596556032471705
9290.23847255810637915819437531 4.53188006201843158116415871332 4.15229077913133852296304991824
9291.07114994904790790617967861 7.70794074734629567760677426816 8.67745983726014512104804105077
9292.45015101933091326435330517 4.64817935886872703153607705933 -8.03935981265060484081214687350
9293.02037157275915464214017898 7.66232575226089255980046803100 0.107003110324018945102032819079
9294.07709979613648447937547584 6.16079465150983248991269330574 -5.20052962806340019005860391414
9294.99441428598072200840942009 2.72916959967700897310424917971 -3.49168956710773954154144278961
9295.56422347182588887939709313 4.06559918659965036185675653037 0.633597225987914433831943803314
9296.60704727323000275870482638 3.38251054760398285588674631444 -1.89132100192476137337044992602
9297.32859782157879316502653456 2.25143486027844722873247355659 -0.00393836808358588739880333406678
9297.79141709467414368698953456 0.303639713326369593932319713290 2.51483641778963147701217134612
9298.41582295425898433474547976 -5.03841994360322595222664982027 5.49090552347419198528968228632
9300.17430470534488084389137540 9.84434981074381752096958208164 -14.1652466701933243724981120896
9301.09550497208560041633490580 2.54639609324676915355388098082 -6.25574584618906042090573975712
9301.63067786167763333235498212 5.97212052716507622014329626472 0.0237287211318024748719415857502
9302.76116916232038753398128126 2.51391965579557537355616412511 -3.75463977401254642400632655950
9303.23885258441412373927932188 3.98151897890619484080210267654 1.76466631800432273888365081277
9304.47816909773990361344582876 1.44881615108361791850301251102 -2.09119154558976087396193555350
9304.74721915291722767457566137 0.962287577203541405530949467613 2.43612493675817016241910675322
9306.00292538283457416114154728 6.73453787563270446007312949855 -1.70117989263462718183674872905
9306.80809866752606530421127753 5.17185308990740849207224061766 -0.232646980659690400706312150619
9307.50114415438752838430838453 4.67875060945194207075900765186 2.97781503533558131159034974963
9308.39768757784174271046751591 6.13497731113193401174737888597 2.85583160136450785686424982652
9309.05930720876793877895867950 3.91156621457742963560952389358 9.03130398791625151278979631974
9310.29418282278293302247830150 16.8810324774104740828556928879 -3.49590746366258759364786214898
9311.39426339071214311253378652 5.26508550794713032513650711147 -9.81637690303514019428394060068
9312.28709001051186024414277160 2.14539792060141942097949649044 -5.45731668519791296218870386308
9313.13711097671708675572931104 0.992501287992470520099445451264 -2.26465789230547263974434719415
9313.64204178662851647445602299 1.83696781337255688849806590813 0.259820914591175458686768876310
9314.19176755591704596291291377 0.905566445137623383256393721425 2.97398791049468212893955864824
9315.25777709271446035136011086 6.00073388602824261680643298600 3.47648307959946513819330945117
9316.09199379668031126796106098 6.92419072587395823150852740980 4.95512731817014659013268594857
9317.22147836037813721842336381 4.48717740910180019942045657363 -1.69329029584785056973422435379
9317.52086438138021882028884137 -0.648373703955777147750314652069 5.51947785597019622108533587268
9319.33790016397062020911990054 -1.65909875021666040448630160727 -6.96762949512442737911803074778
9319.82779519435926867898451920 4.01720289000364605556458735916 -1.94832263679088331946950921258
9320.59291336435385778479536697 4.92738595395347601201243951437 -0.511562388795747390651820456803
9321.35503746478001624588869566 5.74808633620948559492045317861 1.50189638077620891221488981971
9322.19985897579577271235906376 8.25100589420275043996833509209 2.66691715013358269855523505837
9323.57990383533320723921410412 -0.0490297546102248549821548776686 -3.55966391307924946910719786256
9324.03864299994630489500722952 2.20960555744425599202800750375 -0.261807638155325591585533934230
9324.66247803088290767225275665 2.12793477789558400428197226724 1.96604884985225794986871333310
9325.35989101841000622091361688 1.24487023757502933147309422071 5.32188369972225926896509834871
9326.49659379036066821833542042 7.64032054939431894005835523880 2.63509992177052124175451967291
9327.02934017641215529302609150 0.474478268339967068614841998243 11.1980710075061876204441226327
9328.93727621005894182784058081 -3.27430084942909401730829905232 -3.68916680965334014444099651550
9329.23594041004574276584576742 3.65020303857532940257359782022 -0.915229732318596755194814892810
9330.23065958297922088757397728 3.68221089814945286147294786858 -3.33752924448317594847127940316
9330.92183415754097478512507138 4.45411792419385399989785379815 -0.530873802986796215291569560745
9331.87583821098225058395666267 3.25747520922984996524288685606 -1.61677838740572961835170128638
9332.54553570905126275194461851 2.46169797844900272654895208558 0.590348715028461608235030361348
9332.99017777722211331347517517 -0.692044648618250396093171271811 3.75060047717451974398837363146
9334.30589877917096260908506581 10.8181471848109615621894108840 0.978075909826631583580009558601
9335.20648919642245095530486763 9.02632335107977270786571712931 -0.515313764173649240167026339537
9336.03151110967867498430545034 8.55719173133904021472280919867 0.614620264575371975325069723063
9336.96641571989526940777557650 6.92833947657400970869936890043 -1.41085092407663682546985995356
9337.53550602718127643645456717 5.73086194995147380742463652002 6.68936204929552627557757021143
9338.97053275469026010996739563 3.06464726437086145493637088143 -8.82922642756790616192041470148
9339.73420671210196804692017220 2.96188092140860525022488596423 -3.61289703616473912659590961766
9340.33600501040406787732191507 4.48577874221087963046721277638 0.268006958070954811369474997823
9341.34082219610239252085043433 3.91975972087972064593281005634 -1.98352851374281845318524649478
9341.99957459600211455135446032 3.89559201312420458182128766007 1.06659841298679705121628231728
9342.92390215608503218930119369 3.63758365296975694747630898184 0.120040477361322061681148403537
9343.47876154497465227480589478 1.60711952820023282783691179146 3.57276674399707227874879024726
9344.18990397241658098097368015 -1.09129299095151895701532286620 8.93160665548127175765714284858
9345.47393498995554831282056535 21.7782913936962347550586099557 3.16322149044720094613566941049
9346.90962624347269443795886103 -2.50026939243566473099867351544 -6.13263618440918452144690134328
9347.35088676227838069043590313 4.26405511614223772167891680692 -1.94538570317061629420231929804
9348.41215340630566510431561115 1.13698112292982382572597968455 -2.62979772817977105020808878530
9348.84743879195744256885447031 2.25190512562064989847764928073 0.922943250169680264744613071236
9349.53417482550172974887018100 2.61509616195774519376504525611 4.27880074189807275963054001868
9350.70182305930046251470758717 8.32053393888797021266269731474 -0.844908572969295797552223030943
9351.64012634354312709627799350 5.44629085833952981971986885235 -2.21924449372147603891058866023
9352.39966326756461701511688588 4.17404231502331416091632539507 -0.0823689280949398739685737896432
9353.01445310344654478897066042 2.98493872395721026937418471493 3.58277466778131881671502969946
9353.74350676097768113984609289 2.05825233921623143615537848008 9.37481777410496876082602046300
9355.23510615784949080528375176 5.79639154984694257049095463606 -8.14592651961910844891388028149
9355.82017598183188495997009787 7.74918651765022449504066987614 0.403553841739650819558051158192
9356.67303379741794582025983622 11.0689011597774594093686785115 0.866978894606350020573041661965
9357.97051388961019591529086711 0.348633161072007572939384918149 -6.85208149206580413833842030257
9358.83867555757798593494664140 0.0281164639120937431870400576649 -1.34074499195576089171429907098
9359.07690340551723381036954615 0.958968692528128239033886674880 0.843616117602298281611747386627
9360.02505741507911748947327963 3.13209681019677267924324015745 1.32182229676948978863228805718
9360.68231426067738528956776180 1.88727284633878122913469263858 4.10498277418177506929123537087
9361.52705253250937679247729130 3.37428451093264128474972501108 8.56333917677544399593826075642
9362.64821472774052128461772406 14.2932711166738909392885509336 3.51478286148226774208239420495
9363.69001654496758398821655672 11.2455511195017972407498005515 -5.06698658976833645085451301057
9364.53242265603560189969668155 9.59039004692720083113281868051 -3.60297292942678089630308363993
9365.56556137869649409756815593 3.51415316736393753184876844152 -5.38114598233581625145895386023
9366.26348524510801606457149914 3.84232751866314994322291985755 -1.62694312841245393437795443500
9366.85645210704819755515633294 4.35390602527871223942279533816 2.81932868716832568893333104660
9367.99462155822981158928700137 6.16081140354668627128160517079 -2.91645032081284750489864210894
9368.90091815831819918790556385 2.54947071829757656821601034023 -1.78869721473243122630170823546
9369.26487503445620940973926744 1.27823361549147984152220863789 3.28807191093220786034948651257
9370.76336623500173343478470235 1.32832803582101956273451011783 -2.84080541988252212846286488565
9371.17873481452766961416535652 1.70916345418162160037704615780 0.912807761942980220366394016774
9371.58759999018591770879244758 -1.91360194902776219957333655042 3.00247075762955715416199589468
9372.78475197493571665704587857 12.3407894244346627584960227262 15.7329597361062461040172351070
9374.37951045015984882420762352 -2.46982113451464937160588997747 -11.6429226158096383114244103158
9375.17079500110487739143042451 0.166957124189109890254368068919 -4.04552794110185691726923983827
9375.73653752114190334455642341 2.45051502359718496244525684293 -1.19940780739129617662748749344
9376.32813022952065198551685303 3.20044702223805888131336004216 1.85260706769468589676656731335
9377.45065113364541175549160919 3.57869390169741455702509486758 -1.66488695247677421535710939903
9377.98370259442518535708689626 2.88568101221004761243493539316 2.73351596312921003162148956840
9379.01843792503613276365857750 4.53708946430607840774338583554 0.541744007979267293935974827591
9379.49434412348550674818068591 0.289016754974563085376729252049 5.84409209189447733299536216102
9380.79387368914408791780728217 12.6823818224737569808561523742 -1.09100363174331400541672206324
9381.67584048511530481619964953 10.3998381185527512625155157504 -1.75511046051786826735516755616
9382.56044080454691320709968443 9.35178598443216412206538895819 -2.47003319405450751136906513244
9383.56837441750454174336943704 4.03326383035108353900881856923 -4.15296540036101189534374972923
9384.09045145915015882266321876 5.19106239872411149121635538510 2.40387564436928469256811207093
9385.11035916436018435247231976 9.18563886673645843117495188465 -1.40665721300420450410514607168
9386.23491401904887126266497919 2.34792649015079211434280705640 -4.85175411033742110222259005230
9386.88861220783399079473039756 3.32325958431059417679405148738 -1.27935668528439184821837030156
9387.73383277221544244984818461 2.00655063104314850775822717657 -0.653498709282434521530857217074
9388.12180278369230171811089621 0.383426646606765584721149268835 2.34685615287168504940338365393
9388.97916960421041122786538482 1.16280481787535802221165312760 7.50274232128443589901472315963
9390.09046651871898665561143401 12.5498988598507359330422251920 6.80935285458287955470159519103
9391.04976436844813379951385313 16.7878105577733166706081579926 2.24072088877016253698555509745
9392.30585252850796482867017281 2.47233245007693274659499856178 -9.51308841296730348438198931827
9392.96447718118506893641618996 5.68984914070382788851901201712 -3.74531542918334754844341262452
9393.98475623885457289561740010 1.61835752704195064888756759030 -3.81528402802893363000874596280
9394.68978401523620363463437936 1.59306329622306550386197474291 -1.10137441068711565026175022296
9395.10341603584822028794397343 1.09199171624241989733902441123 1.79742292135528500859501719992
9395.82631014731703831407093400 0.287535720212043992191660535300 6.17078203314570587051799263544
9397.47256424687067264561915002 0.870357374623256489429936506050 -3.90361914422500456346930876408
9397.81826762512800404998926154 2.74903269244401582980867083724 1.59804809979229306895702423190
9398.61886889188287258775626795 4.69102455865004522771703111516 4.29884492995604038628901395816
9399.49420683158063635913075029 8.05685100523568731467625686492 6.56632954205738923139728837898
9400.58087130354584600456701729 12.1286422208295601619495879393 -1.79174111975279132869908575583
9401.42751666565844359546958626 11.9086011730401371155739294142 -1.19313190504126862903183004103
9402.55290928186375370086495182 4.04216667966701347446812490564 -7.42078972127656729732608643969
9403.38293075385064209003219921 2.35880293108694596875878504149 -3.40195238683220354933006905200
9403.92083526355187621414909840 3.97062031400021053039558454477 0.849435754918469671845137227627
9405.06287827739484153124275955 2.05390206242792316476724790276 -2.21194486966917229822074527557
9405.51798510834836231379338189 2.12124049152165794964224974631 1.63101492791191187951434393886
9406.31782040448801902407196392 3.11382292923932687710130383093 3.71489858433127095791257420890
9407.24762753647662149286922597 4.61593403208902261834906200660 3.26570898795469134582301107151
9407.74543653587615225160793309 -3.15699503061959999153304222498 8.22000115960954106483789583581
9409.47133666333346598813925050 5.68846383864018894466170031570 -16.0598427126620450040588952069
9410.60393708279680683769344359 -1.05686061046075764680234359041 -1.36573823767407798778018490377
9410.80866673109411156373122258 1.39851119405464359926706246773 0.231073615732963223643281989757
9411.45704811191940904617663739 2.70635701085712137102429360466 3.66648797544341480845165943589
9412.78736056849608464715821591 4.06211518501586206076728611161 -4.07526722601158302259840375094
9413.35520475325902066886422071 4.86445715801276307380990544005 1.39114266456132248870667889388
9414.36664996294697058314402277 5.30085209321445142194130424454 -1.51129666771509113407929286685
9415.10679247915577443352684833 4.62278873628680840800066809500 0.735775217427604234146323096384
9415.82315130121009151399442112 4.53239792137211854765297474799 3.66772815108162560653336241374
9416.80419113309578669355729021 6.93615838977320547557342235407 1.66136726030175887482149784886
9417.53292497670817895263581336 6.03893455808968242293481137273 5.21467774921928697793002991299
9418.34918460291970622493300734 8.89708316317520426891240160592 10.5337566971424354806626501731
9419.74426940140567697014521907 6.30672280871664746105214362185 -12.0856681586087941670902145749
9420.58258361691233488154977178 4.10091190183723182588621057070 -6.57941014174233213125286569774
9421.52689204842328539850164953 0.813956855393705056800173853241 -3.23923549903466103061338214276
9422.04001176890073901856838658 2.60353712244349868823006908695 -0.154355240072244865199652332825
9422.81074370044873574763684109 3.18989871219473756792526231380 0.862961373370347366928166463168
9423.59100866304396623815983915 3.07463657117086550883769316190 1.89667937341126602369635391302
9424.17456178801932006866039243 0.0588613070974668333933438005501 5.73456394302533695748793217898
9425.41196354665409305669400877 12.3845678888487702937943728903 2.22072335517510837695561389965
9426.50690368798340277613182695 4.46966820101502256955185967211 -3.65019817420357680092866947100
9426.87453397033645535035757063 2.73621805455953906043468562484 5.54584769814237464692246379113
9428.23520771900217312695804361 9.52454304192515354032023593486 -8.38073276581616133337431941222
9429.37914411979530374203397143 -0.373484714291270697278462985174 -1.91729250522297020418031122036
9429.57402526955418747075255359 1.42863049110043435404453565338 1.12199978000867316945125780156
9430.53551411710758864866764876 6.39972472266332683011623725238 1.91874248638699533016274983676
9431.48555195074002127906872885 8.48439640304731671351896679725 -0.351038745908058865186925960475
9432.71382610466896189852439599 0.545665899322355316741112749368 -3.01163812961748735510158957222
9433.12501823132822368965983330 2.18503209273549593178240452662 0.549305076578751029168915584558
9433.82671594017020652054829829 2.44336023009823455219178250791 2.62765384239091304909344944975
9434.66666573431539647183479569 3.05549068581053931465416325062 3.78410437482119019661493251895
9435.19631427932386527316767643 -4.36898857990251204980290031664 7.53732656944542251925311061711
9437.17884931926989538296208251 -2.24783393050196968162682147344 -4.74937939586545786745568442483
9437.41949680817480707408720802 4.45887980325556011152685158118 1.13203560948064206764153550765
9438.83519154761995407511568143 -0.847024108988369755763119932363 -3.84871309513476986251674822027
9439.28835189824757452259425115 2.52015990831899711077877621475 -0.788432893628042133774839327992
9439.97862884972830380005018836 3.42132441598193877809145051148 1.11018846122270208298201724628
9440.80406991168005512234239607 4.79333702673864945640679638652 2.23535825079215238611235240494
9441.85709623896450173119754931 3.70284941677876315153928645107 -1.03865381951441561592472067002
9442.27463449707908858484707851 0.992886692462281938857515110188 4.24367423302018597032444433158
9443.44924971214972716881372392 9.79888015143146333649768353942 1.84713982824440058480737019354
9444.31135387048510906492269177 9.73458330179028717559369896564 1.71774368531499010601379846556
9445.24761081652023511386631875 9.68678826684765983006631076858 -1.05287276093561313113921913480
9446.16280421465031948383638587 7.14347965375128436610661438914 -2.32133480064608843436733739063
9446.79612203681920629724166380 7.41398668050783080658783791563 4.15558498232198768968663228544
9447.90752495504177017307384050 11.2497924084579024347231252936 -4.92741461903911287007031265901
9449.20158060095187456928887364 -1.24103847359828234943514041185 -2.67820298231482294306953061815
9449.60972538910259741613673095 1.66127710341800523923994912315 -0.617907087407732279138581026086
9450.15231357551783885342195753 1.84178228770191826353442449835 1.89920325036009869032142478802
9451.04402546918148795332793217 4.30590318345134741645629673802 3.48540998895630573515516708037
9452.14897699690629418817578983 3.94543693517996668536136049161 -0.881771163601216641173515273218
9452.58121409301736908889500998 0.950991953861822204648623826095 4.05726638425581081490422366332
9453.38446673268481718714885741 0.332891298385714453417690287794 12.3147951696967725407106055460
9454.94183669537615743644811089 9.10385393396867388756820039803 -14.5518572154677687887745032039
9455.87979458177307544513097037 2.03722130213015763370105561256 -7.37922452204973449652668231822
9456.63884899311463819430130716 2.45221091757782025450683026695 -3.33428150057675888234463330306
9457.28993894884379718512549008 3.30503249345532256868427664074 -0.591072217015021985490599337114
9457.97239729462905688509627828 3.75207975814105381224353009333 1.89627125821521079779499991102
9458.82668438593958278626642915 5.69998358902755878116630989965 2.99817702986099616708324881116
9459.76941065176369690290673707 8.20978335389402417605608035827 1.46778351935455745764033609920
9460.90377250118802546315409377 2.99775406778840071211430294402 -3.28804116181321548247577112403
9461.40492205623893201101542616 3.17333752956658985715971171260 1.63827190341336992495917363737
9462.13798987967932222754433826 3.38014751366775302702226190459 4.59134040518757316538154610976
9462.93651616790396524126008034 4.48300147329894346552645499377 10.1884441618566833966903134336
9464.21790434636513816924126874 15.1489733876511401950904343186 -6.23227036064814393137275763544
9465.26189553452927505624044628 4.32806175123756852016194605712 -7.87714581139415251473929696012
9465.99117718908019988907947470 4.94084045943773372815032757682 -3.34451449299960419206200448504
9466.72258706520437248084240529 6.21005714504528826256745312876 -0.809107506566532461832697779104
9467.86063279230699239867562072 1.57715633899999654663964103817 -3.54235766925833906759800112660
9468.49480437822659515042582120 2.08539793711679870378214024833 -0.715933036156133626694688150916
9469.13203933701604426551330011 1.37738308030181603822730594674 0.715833111068932570474774130449
9469.45600650505510240640972291 -1.83342364847795296845759475387 1.56348159197699096539110252618
9470.88277100147359677921420952 13.2996636617414480003716587871 4.95353907661891438907161876900
9471.81926968812301931973420174 14.2898023961802086736268433810 1.02220517490962417806822951013
9472.90794270179233098648125034 7.54590599994282166283763225450 -7.32565998542615618724610569411
9473.72307955497914378799712933 5.41968063767351292862296178126 -3.80187416187604686984704842516
9474.39224566375427771910898335 6.73749142948279290536461389523 0.548561946666215706437347832433
9475.56552114030211725106749996 1.74916057280674925769019169809 -3.19952298067885575945692832944
9475.91963550087501816546362604 2.59741336298738309427923380313 2.54540091719391694412206604255
9477.13788571879726355573964448 5.23288147343086709022677807257 -3.14474567508343235484322509487
9477.82732046782851835143844830 5.22751388309253601497041201982 0.406219141722139877339359571916
9478.85569995457830181777926356 2.55846264949911983241248699408 -1.54809480949902587005531277729
9479.22947869142651710464133930 1.04988821989753777481611734819 2.95677711300849188402564419308
9480.23527134465883904671032364 6.21201242041166969837692223339 5.13202904810842612353597722018
9481.14388225896266388414665650 8.34814549327493940734758534296 4.63624833600850530654551226028
9481.83978862112374741106321546 6.74052161800151369429692023059 13.3026147599004574005576001055
9483.68881564647293560793344817 -4.73918441238608182469318721338 -3.37006700342997373482680441060
9484.20729837704845607751546952 0.647001473846537274070497094625 -2.15691220700049892506464835770
9484.64038895823809016327764127 2.39564857684770687762035804233 0.681655786049731803689826167592
9485.75385665642208214245922042 1.52353349197267757203619179457 -1.17334102360846273458619774345
9486.03086885960917204238526594 0.209638176080271526491116047925 2.10434395138093480954817134565
9487.21581024631038356258452541 7.17892222818596759279833779583 2.03599872104506276309800621895
9488.10721489348441964248242470 6.80442561232374966792412292400 1.06642465326580746497139601795
9488.90378485223590783765745211 6.01611714268111861299172613581 2.41424529661989198487331519095
9489.54625856525169931470613781 3.78585233094344594960763724870 8.97826789884186488476473241050
9491.03678927803165362792186117 3.83284338834042118500429430337 -8.38635209019264705716211446017
9491.62233713498426201155901994 6.64528272911829914809775549863 -0.961531276577812232965312570721
9492.55985158939210738746316015 5.40500601222319396165322554731 -2.50220818268400537995841549370
9493.13484795339546465334218974 5.78972263837740592078419612587 3.99011037816424898847479013332
9494.47885224482634291679096369 2.56395595745213900165994025895 -6.12560293169688807305189286342
9495.15647792367112096965620910 3.51609823854032768149688626949 -1.98118168892662615561654515868
9495.86007204498693297010571789 3.97587802969999056872986022076 0.211215331498702459767162835066
9496.82390885426026068437329790 2.46305500234748290649715431088 -0.852898572895125621751039505446
9497.25544278319741864226796364 0.873452673555319192121877238697 2.45237718149496500153495118316
9497.95100726442853877250564334 -1.74243222607840431510171052749 6.72977560908187552281551521130
9499.13722292902745111060538043 16.5070713926627520110067703414 11.8741663872806613245758519375
9500.59532134458753761703558141 -0.0154150784462127387480730892287 -10.2295506551976626079990314223
9501.21726771387467823334641039 4.43872490926924458109536199542 -3.79540284189073124211576867727
9501.92252002564580211737990992 6.18637528568668517837822614594 -0.919352175645567338040012752857
9503.04249830291970404134656557 1.77709599663853215089192494856 -3.54276001232003998919553254600
9503.60111776333532535860330237 2.85687817724865228465511753792 -0.0263920840344018367155230830995
9504.26401763214400632589747135 2.93917560402423891792178034091 2.50398644285626169900221187851
9505.08608034683482086671717740 4.56345065285222639209450623653 5.06841169870357875286824887116
9506.11385405705765979188911140 9.69274634647099174479348901915 2.13507492177541266182021300688
9507.22379058079922567128319351 4.56911089503216955062896317389 -3.88773315036464099213813768410
9507.96150177630763573461674775 1.60975366754975152151340909388 -0.435402849317123602163818807456
9508.12963744922629558309977188 -1.26051626394850206796180278767 1.52388047351686762073180945293
9509.76991384289912309609163831 12.1229411720061358759567088234 -8.32335312981510707991977001772
9510.61555192472785842768532924 8.75443905151299576559135786593 -5.44056596311724444589243816886
9511.55097766586754820346737020 4.94915675075428367491481750612 -5.51267578883805912943967221837
9512.38020855410061966852789698 3.79875093535133870236221672132 -3.42434411997798198680191626638
9513.33522921282409760143933512 0.615846122551851050817714224404 -1.17660578232216051419872175981
9513.53389333841695094050170655 0.337400606798545463703958871150 1.34851556386816225819915972779
9514.81432280668503269968652029 3.87239273498187075464094083685 -0.869418213577585836063192382225
9515.33333557930356454705506098 1.97965127321926568742049212703 3.22628468146925133161805157404
9516.04785176981879317715621726 0.204807345603096157391654635775 8.22204789410417225645843003432
9517.24800183885424886005136942 17.5007179101171563096255340298 5.28315345771591784017948637980
9518.40146228020456142491555089 10.5250491905263948136947870543 -10.5936361895806087845047423466
9519.48065735368403445558100177 -0.143533052868934543026982879690 -5.15858355753711055479246923543
9520.01454368485378189191721951 3.14464158503737093687854637343 -1.37391079403704113486931925980
9520.83064394169337141757199476 2.32378817864464578152046635724 -0.614693501059159368032017951214
9521.16243713230868089562098548 -0.312241697535610852411680418771 3.19979893739393895137108052180
9522.91608265363126869652320701 -0.157117489948062938919198682407 -3.83548317287843847058331401112
9523.29328727388407090729075214 2.82424218013085025654855567784 0.422820151171313517808899742818
9524.17214519742636020048921381 3.34472735644524812851664741377 0.241134553255337004741569702699
9524.67399974604178034196814171 0.860271771293060802440718490818 4.35651240512362541294580355073
9525.83750822316130784453743933 8.48082528809634159939387754771 2.22671219389459899238333768532
9526.52798121293072789683365552 6.89631481646639182380230606141 8.17222400029372785683216943171
9527.68093749048396734805603715 14.7799376470118605798862751170 -3.16064514210227084447959895708
9528.63239736056126640972346253 10.9576970402470991849188114203 -6.76941990353345906904430670329
9529.77168192785288508318559233 -0.0747552142775168775449011234116 -5.66458376356280194225421497000
9530.40594217932202509806402562 2.32871362912533156707731896063 -2.23634128246090182041589225211
9531.14792359207181358806883342 2.12116625899121273147060326741 -0.752386839218228379946082016958
9531.62557162248907292586123657 1.37576993986397109260497085848 2.40661341604113601091543761809
9532.67484933653862720936760609 4.46964563363708135825523276044 1.63318928369459815318427744991
9533.23798585525460483087985711 0.907646716029047156326964060550 6.38238999301871048748792595945
9534.47166070584528651687177280 12.3814519266045321313939068105 0.656324862015420847338959502182
9535.37726952469947344562362979 10.3501791052561717645026956197 -1.27078742748876872617334734287
9536.20987687113391689334397024 10.2347316267759790548608026723 -0.306834223624138019015136156971
9537.25363170638404052199090572 5.52956346190601951977426439519 -4.76384112593793531259100526281
9537.83491553464157257751610548 7.01499416393886879595309329701 2.18123519257361934573408194128
9539.18279644974234571533136352 0.260635272755950950894170823297 -3.37413037079906109921415484358
9539.51474427263190291785218560 2.65552963096135451438186802252 1.22457063475354672634656908429
9540.39619726209542210294875770 6.31034705250389604904131527132 2.26910842343412920924147989087
9541.66710204619347792942955717 1.21305953090586962785205225101 -2.84861291505446384144468979366
9542.02834045308394795922797499 2.16960819920978559043841807717 1.65017538930890925657374392459
9543.16150440656255481227671506 1.33759457309139458220378844934 -0.501555296979296021279237272005
9543.32734211409974538901377376 -0.874808167856704589426159898037 1.26612798641913780393590047039
9544.33338633959917486580136644 -0.938584885642685965739688410431 15.3220254125419391169602978404
9546.14806213891717712708988657 -3.58432788192488550620579639001 -11.4765118574595544917259359476
9546.85095823085872768723244517 1.24813710498368800459752728323 -4.61476477152292610837485646468
9547.45149451601311397195819996 3.55175327374447085966801655351 -1.35662643667322409491700307694
9548.20269974970615139881419430 4.57591523341949526377814846723 0.114410552523371828639910625496
9549.10940807224407803756287372 4.80652392164462957389331999787 -0.750093438598843500159739126806
9550.02382518695755333641519587 2.08510105119682526365336233243 -0.791741682193048568400545652211
9550.29743581861425941770634152 -0.538146144996371962130323035046 2.58040544982007303860815182647
9551.80231011294962528170390050 5.45699129973812603249755593038 -3.69149862644968146690495993918
9552.36973728771366596251741693 4.62769906563993665065977689305 2.34004691420850214741804337051
9553.05552983243529876257915560 4.07846148476402103773792171461 7.96308803885618839616880531664
9554.43873102491442684741034652 6.63070437871876552979277721602 -7.22371631818935852293158509105
9555.13235112592807057639439928 6.22700298034105059075381785129 -1.44246670776845947742478391003
9555.76551718633826011085090252 6.91248604551741103462707274842 4.67207108548091195040040499567
9557.03345024265877017129993882 5.91484982164283701081740370799 -7.59576827567493958400768550433
9557.86407354558014602417765552 4.16889905574084601478394130013 -4.38499113243131747637461980855
9558.77859758611096233798517161 1.61222403203581199596712357535 -2.62228864564317431198017756212
9559.49787739187384026828433363 0.658344606140079510776902378270 -0.371002718088469548660469500548
9559.65100278686686354447062628 -0.407518644888661771182713185339 0.752004122710778406714970859928
9560.80427585835243977998632970 4.62911325902628438022424591085 6.95734773596767248180499416622
9561.82685517403033252867466124 9.76891579674655548139102031536 3.88786250565186396449706998653
9562.59516026560107781621693060 10.0816776972635892653317698551 8.58526615395571145870307869084
9563.76748476830605951359384595 15.1217390837499484055373464551 -7.27259563888308670214114509361
9564.94158659835953715995094005 -0.267566336429465864754638818683 -7.08359257737116591118081180216
9565.71927021082651940608097687 0.475948545626359935926606463285 -1.83036076543538488221572292543
9565.99847375408613539536001448 1.35639083818978742172980011020 1.40269676503301280433057300391
9567.08476280711363655980737402 4.65168108339432787607344228955 -0.169732536836497815911161450497
9567.68066864288012431463030772 3.53949610582318816771349454215 4.66424405349490268961229030452
9568.92013674961235788837839436 6.72581586101389675950394362597 -3.48765112424953540069807873248
9569.75758380423723956480754167 3.79829802445521890560773140185 -1.63000770389290357787368322337
9570.28292870038106177124415751 2.95857492013506623463109250987 3.11545654994843189643050775214
9571.22583596081989517830803465 5.84257446126945323628953039714 3.17455938313921517152861514792
9571.87299312136949865918183432 2.97385430951050888154300826581 9.51641225498780613507591791104
9573.17082877893844179154083211 16.5755763938704995841115026047 -5.98051712201831917123556754161
9574.26021210326448852877856644 3.66559012426660263807694011060 -9.33611677250960233954952476606
9575.15959676606885812439706725 0.817905920896925997514627179832 -3.65881266314157504162045444753
9575.62769311306845952638474152 3.23786863364594202808769822965 0.244494766464682976939055412426
9576.50412042648448834093926148 4.84961500093712704679502927925 0.0253597705934533427069323281489
9577.46272072804473142284631121 3.46991554576966447756450842301 -1.33024532638541743211914185676
9578.08226899021902039403586489 2.77122833481530611030896372925 1.53223574740479061372205941448
9578.75293734997808267121546786 1.66486123210847071850150306385 4.14508603170488630159263803988
9579.44957744608755127841932686 -2.07833448344422585921374027790 9.91277167164736112811442033418
9581.12528405539432744187213112 4.20186451269499380204568363329 -11.5563742517853256036973905293
9581.81393139347814321254370485 5.70296912448404531532126526960 -3.93737849935058297015297580284
9582.53101294887031142059732030 6.77302174431800299715214858314 -0.615955152185647803719037554684
9583.48843706687963162977535614 5.57766302751882359416950055394 -2.74954862182280284011892296845
9584.16333528717011928241164445 6.20667042561802049293738392749 1.32360826748739365035607340674
9585.14306386283894751373864538 7.55494351377562606165413896677 -1.84101123221036977102131402943
9586.25523392049394572550228165 1.04132278867185498125691611821 -2.48247142897125338529828286619
9586.57222239022748424497900010 1.76143748420122136707627564211 1.83619737852733076753537849236
9587.58153466128410596177354335 5.64101625935071922315810343493 1.43131902285062787235011525725
9588.56242236779647407856886768 3.11717074822476305568770786769 -0.648338845778978302149076926647
9588.89794617589487481093523870 -0.493918571764157212443108993320 3.61047990679830773269232928511
9589.94653984200651017960082399 8.19283426012237568446133589770 12.9001000088155710111923783740
9591.31381940870941040796191743 10.0241784649349158921767505121 -11.7614416991558413336299501737
9592.13027213501030034608527952 7.96475510741512317569867240875 -6.92943055157871506503579093488
9593.20518049365884617304529260 0.284570606022612551399326994243 -5.04196808964816391186853007781
9593.91016540604438591073958607 1.29847663673883258509660330081 -1.84264098273098506683780787632
9594.43142978441327419786541297 1.81046337972827004637280140912 0.508776818321167887639509062127
9594.98828587268733544465985111 0.639787709788114719401864630460 3.21507387285006929559454713098
9595.99369524683781387194912685 6.07711666227951108777258429828 6.65218827415252509879471991090
9597.34024622980638865696293012 2.12642691468662100657459402975 -3.06228249973930758604796490107
9597.61834209472899563322373285 1.44984819008067874307085115787 3.31348944931864430994810502787
9598.76616977241876794444788685 9.08155484513443549297504033297 0.840674847954447124526720612447
9599.44937509721344884399333091 8.58582567995990056526452438638 7.67468328640874221313792029706
9601.02359444261501152653617182 -1.34245793718125260712334498912 -3.93194849339203304160091046139
9601.37405167279191110830155332 2.87833077263767892636738348910 -0.123707508881072438254570907134
9601.97295276504233022082050039 3.61016296693953146818872770169 4.57867972766284903126347122964
9603.38732042723475161598692496 2.96609577117668640397548790097 -6.45894214658005021482148853685
9604.11345599888162753545184416 3.14950884717389403178197394773 -2.44803984928923921805290176501
9604.83133150178426247710503229 3.07052542802106504969720771006 -0.466917453694924208109611966456
9605.50908055690075881504650473 2.77665813347835096325850746973 1.53858220496303033354754729197
9606.20858967167552167410211813 2.07155013094168175518801669481 3.90539445827197906427561750147
9606.94884211968685453348143999 0.522105769298331095004886419500 8.69274380443506687025817889155
9608.03644460587306080936874453 16.2008653822564169051645438069 12.7043681763197355063396658086
9609.58031048817648967409932356 -2.60715913956012692623020289350 -8.97081336391217512402051884415
9610.21076639450017300737856516 2.24828449749785521449247567874 -3.68941208229212564382605479457
9610.80282332158817300248863316 4.17735820335171863182485374356 -0.219965135675367278304196033788
9611.66588777786196209884218243 5.39030534484246448038900886053 -0.406981385057788616564004711520
9612.60634975494147928981259736 3.88738398877223504056796380793 -1.56135820169981805333529451829
9613.16796341745528793431170836 3.46322083572729976692310839551 2.92008163069788435778029730481
9614.25232336450012757401833223 5.15582909866697145617725951048 -0.693655464843621629247099199215
9614.79092744738982269296999168 3.08865814899106436462028178653 5.17879497641601372005593269338
9616.08012510023376588759763623 5.35698956367045381653170264380 -3.30200877374686287357790723322
9616.57630435622221602032195452 4.37020166580733465931100487868 4.23663814102842034716708595835
9617.71156345502256956309117803 6.28270683727136780046562514560 -1.61224006081878023807906375169
9618.14780371869361535235347166 2.16915570893707165612937327598 7.54390385445467205041212579681
9619.66265755697981572179873131 6.00850960312124094017547154043 -12.4854459859841070215255514735
9620.71157004619057168281301583 -0.899019774122442201069948482362 -3.43325774045063731837332848273
9621.16575936862806138666591863 2.16841403352559754335994630971 -0.793452585298785557340333780944
9621.75740760328774604933707245 2.86562600087300166635400294818 2.05131601817449020948020654080
9622.96040119460652033128027964 2.34323097856943602394844580472 -1.77576013833967643183109034380
9623.37843443106661736214480480 1.54750482951067740046180207126 2.21115857292646500097876054621
9624.13494453544056862864528828 1.51454326212984750891545950725 6.10414973729189703106085574515
9625.22207559495885926306948669 9.85317325403555985066931026532 5.16177639910600670166901007371
9626.01552680915180618252083349 11.2776915133745751096229560226 9.78101449239524319712666922182
9627.41092259032637121328280154 3.60946150622010561052355767696 -11.2825818618631526610083869246
9628.22471192447375068094223430 2.35930838991292228597592682948 -4.68125537764645871890177859381
9628.81417604542196301619755812 4.42467269171226260835988396168 -0.551995615978247905337389392250
9629.72436646565419524495117083 4.02900918313516905938147276743 -1.33740876913155955705405559768
9630.30196689759664641150604049 3.73690615788627604575205233203 3.16555333653040357213516943941
9631.28020929020850656228864529 8.66959300320901320049446620370 2.27639874957286502842518454232
9632.56226547802544278953791414 1.07680378912752588140780523787 -3.93282542253164038059229932341
9633.11114544142118049453667742 2.10161250837420591888585294180 -0.371554941325938835181955053656
9633.58991958104413118460021123 0.915326287648963421580338320332 2.43088111095705079315083337053
9634.27515015807761182859487624 -1.89205375096284689188562515918 6.88115908385717739761201633275
9635.65173953014364158513044041 16.7552493179921072823382649491 -1.14301171550438493325108693738
9636.58619071911510637841736693 13.1716033835279340783053592125 -4.86488581180492726360549804602
9637.63682986848847322477212686 4.16796250236924166507532886652 -7.53773473462250718416887929132
9638.33397020639872521763142145 5.89854743080284344745303980097 -3.07886830655093127164894731509
9639.40037227258518461693625681 1.11028541266187586033529964702 -3.35121804826507375894121470426
9639.94163265245320653867590916 2.52074828566961441611222262084 -0.239066140526690498176901405903
9640.66762444502466601150845480 2.59813493826016741236194612978 1.05028034933967407299961111949
9641.27192764063991458706884734 1.07232059346053416877239021029 4.00518185911515933865220662181
9642.17258367236662291559717269 4.17006949868457896864429524754 9.24833465827167252311511119439
9643.65151053687804142467462057 1.51029118378552940095349525614 -3.25178796742812471213130494912
9643.85030072723701250358695897 1.03501054459270244156324608198 3.41379237543711769308808602884
9645.26800410086410533133164641 7.20065295969780540557132203710 -7.15640384562791293742094356382
9646.03360138798754220923710533 5.75860576451330471001457927514 -2.77520540445083973204600564299
9646.68212024230928074822542795 6.80918190110317802615748352898 2.20818992559202192625513956257
9647.77687428720941700072745715 6.88212233269604731593258676453 -4.32117658415825064557726286549
9648.59312749461278240701663533 5.93535928777402811090596044589 -2.60343240441335471320956094415
9649.69762760065910160376867323 0.303692937018980783914884775089 -1.20284457306456811988701116815
9649.85379095886471764525887759 0.396594871631900276851159976735 1.17484625878826505088852687034
9650.99912388800580082989088295 5.80981483361231366798155920262 1.08871169220291608263608357103
9651.87145618681256797697936297 4.76351393065483949035628812591 0.606747178008479400592684077055
9652.53846402765615185840954922 2.90838053146394457769194595795 3.12536503501684435790446343032
9653.01487456661536689535851381 -4.71612305808989866018128474958 6.27641196549472826086753006010
9654.96334535877087139569369218 -2.90561491537390897854622981157 -12.9556353505384555938103573064
9655.67024255696339378461747811 1.96260744680405631250181853329 -5.77537840884124049272961670219
9656.50915642900402016846019416 1.07707645732131987919239645906 -2.60971992243046493629206616971
9657.00607367615745889491360961 2.29600420312654291704619458166 0.321551752207188634735938347841
9657.62581686372234965738796973 2.20704059850870835815588415199 3.49095466461053393442434200357
9658.78067823038461550665295501 6.85516955564156862068594538063 -0.607498630804903586031408102048
9659.63711633726566306213824868 4.83543135891632303273366119592 -0.431381045860780985613272369324
9660.20299937710668985638462461 3.23505480328225597216836169780 4.78630008905726170643677976274
9661.37153356206612813884259343 7.20442434404321459190853830298 -1.23151688207480777808071408941
9661.95783604130576185897285627 5.39066429915562501656687324490 5.79039095468263365010289719213
9663.08576815196782990016688295 10.8380526389690948342918532833 -1.92444256679517125179323609435
9663.88107654849335667021865417 10.8039580513578646378172134943 0.516626088736655514258377166085
9665.03945444880406106414683095 2.97754526518821515187078259383 -5.32452622318218255804887593777
9665.48566164663216145131598431 5.39778266877778094647459669667 2.56401296167455230246647142480
9666.80721248964326922438014192 1.85287408043459996472444130079 -5.84985341374734102182226660426
9667.56422730029703389518023551 1.72160527817654296192318105945 -2.17030753582492514949843481403
9668.13542897097348965350278171 2.09807705021295853210481197465 0.307391426734600440973916677395
9668.70012812390791781182712507 1.10676095654497187725057696880 2.97807379755571241893857422478
9669.74561620728655201902577841 3.95223180970296619633635140898 2.26417109176591684948372730832
9670.16211384569750899816399327 -3.50802101822107737721926230364 5.56169130800697346197351736508
9671.94951272671755756614871632 3.11238179168785145878785908278 -10.5438737519093919348825503287
9672.49434034231670827971410228 7.83689917387094282429286605363 -1.11600790277340386019679643156
9673.39619089594261933178469041 9.24992690094836666273435478925 -2.95583087633074768079578604707
9674.54729939477030144563471235 0.840239590287752823764854688651 -4.64602284609871443071832536097
9675.12222668542286266485631592 2.73054667415889237863198321153 -1.02809330988967902946745313516
9675.73427208000500819053522355 2.98150513725230490505113678826 1.76881318336515109816439953184
9676.48297044266474337365603088 3.90045080871113734311480526932 5.22448130454959408279825791736
9677.76249077354970570001408111 5.62095057502137805634385742657 -4.05137536662077519677458376689
9678.44144479738020595536999487 5.15957905055907057233213412708 0.131043598419884492137085022104
9679.30964602015321485384603480 4.03917698031910687786135940804 -0.0777102183295787352187314420708
9679.80616847968012785134103578 1.31158159483401260095420747533 4.72710465682623046667943058010
9680.76283361020613537878224519 7.68744791339132972339588970026 10.3249272086492955625447994326
9681.93318154526209910915572390 17.4620130484656220183630919636 -3.95694701746704976153247720596
9683.09774291803777544506848611 2.03998579538085204392410380656 -9.31963088775539829180994001849
9683.86702167307572941699339278 2.53391064665313363269471941707 -4.28807202143583692926622599900
9684.58958590177668927120667645 3.04063590371489583696908586193 -1.85351024466662724596424796187
9685.30800422936558636215238031 3.15190078717691543243458685643 -0.134347224688459363043989455770
9685.96000051849341429131634972 3.06238373582710347641080990063 2.61096796997853008762441838096
9686.93890170550327968038939848 5.08995113825325624463625911704 1.32533427259903905010125215587
9687.63565037451857648619217084 3.93511346477175300604186653655 4.38140544792030108836220235182
9688.45250411791042643264329374 5.39015229127689665770307383984 8.07894191283784840432358085536
9689.42490029901155383320543685 14.5983517437687651866329774850 9.04932034055323328213518459811
9691.00769260495355364116828080 -2.26369434886223083872748490484 -3.75651649691898104634964867795
9691.34509941272631425906872792 3.03886888521085495926933610005 -0.647723748718720689943845609572
9692.12960896268773329120076334 4.49481161189732896694432706445 0.233882711441106994750384800163
9692.77546508798522280147859768 4.67683012777872085848525287844 5.04137274078317822834682101014
9694.16001879273881717872871560 2.92793845020965207657245931140 -6.01442257645368889189173457900
9694.81024904860231729667520912 4.04166843034881282088647701807 -1.53500435907971166239509875529
9695.58726512324034528753967323 3.94161857735973108740860235188 -0.290668615378958896087307753505
9696.34058432243640789103075471 3.56087919632695412743802578040 1.11206339270805990031744207695
9696.96909291294165739461078303 2.15011154006209336262074438337 4.64342172756260988072811172503
9697.96407869975235377186935316 7.21966464168947614387432406846 5.22288887839130013542526679558
9698.73591807111472051261106179 7.63352548170875327975216915756 10.3325005097486838701334742924
9699.90975112741166562435192321 18.8429835259081697397522239106 -4.47163378172713093358941568343
9701.26863603758531012430388327 -2.59166031763343476227500844067 -4.64283611852105971384360787404
9701.75095588544848377534291410 2.28441729605560707264256027822 -1.95939539109941474421331542196
9702.34367070451092780423374673 3.81586892873680759493000457380 1.00168322805482079240935747441
9703.64013686669627594047050414 0.245918946943791002759483193339 -1.15620564505014342286102266612
9703.83738824713827134500392304 0.519170517508482977719880100689 0.918264199071516131799386299187
9704.48032577509143201593899807 -1.19246261047672983489123559482 4.36545953867374028448280829103
9705.87621598749042537797254339 11.0692386521496299846703332871 -1.62368659695697542310403342495
9706.80286551750648157650445798 6.11043391643049583726701894615 -2.62741590178553882371625252568
9707.41464704485038171079402841 5.44213572668271450453781272838 2.89878053081932573882108084514
9708.18607819349803447842763194 7.35754475283773804717936198541 7.55723779568624139057348188519
9709.50243860525861900041736938 6.41037554929054494855176922752 -7.95617072640242860567569844759
9710.18567956785332449463422199 7.53835868712000778985896255535 -2.00145547421194423870475980399
9711.15638103605129355444225857 5.00747279164122256308123658914 -4.06513953362915783977085868561
9711.88731233694622966710791514 5.16563413368796574601637970209 -1.17682461608567742532390991774
9712.66895689641852724698200330 6.04694922933435047726114427304 0.288564045033987850602919121295
9713.80390957342515132737652160 1.98862164457608007228152624914 -2.95160046780393134872644975018
9714.47637267975936324580280561 1.04084436455838011863993858031 -0.328163595772212814182830576569
9714.68910555826542258488685386 -0.594066866388469301978571828066 1.12928911906668787706048783674
9715.65442651951931507482072117 -0.793346340420274207701098395539 9.72283113816557800742183365902
9716.86489394774522798475636144 20.4067944520871996395004716029 7.42970533038818679769627643856
9718.21732391980859598513309909 1.12574069563401311116405858919 -11.7449744727864674025046885053
9719.00394822943731329866470350 1.69087690764743214151478534441 -4.65099606657530683035498685530
9719.58460540927798981469969137 4.03608382065365900303673278594 -0.871567682486543306900587426128
9720.46445407630609705053253076 3.94232543319068353811229276716 -1.22779844001734987548353703671
9721.10447304696895872601755115 4.02004062595055697846722558078 2.14154583247028573193727539532
9721.99675330998162722232663848 6.55006711872932723628562391412 2.42455017948019236739490749446
9723.05845512506905834360456411 5.32087623261141754901901345661 -2.26614868137337626985148910948
9723.73731326518825388877506435 4.38125938883813651902652237590 1.10032450973193109834825557298
9724.37387321651183889646086064 3.22298869429878581026118524049 5.61928398367988150683079911259
9725.54912899430124842175405656 8.57699849293801866637006038261 -1.07110549123675011365371187184
9726.18790255373645885075697037 7.31254382193473646636585742628 5.81204380421435995644693179710
9727.40372847815143625604825864 6.49347773159544639184100098399 -4.95503199604377586794705502189
9727.88033535185013234698314033 6.54589823968060051968646797040 5.97064322627124248398937484406
9729.49602575260664184010911014 -2.68861184825890333148802469426 -5.14261808010915385033499754043
9730.11958617858754941859535479 0.779032501986750177593078300698 -2.00962180142000579296613674768
9730.57690430874772289773614231 1.97142817873745569342187578288 0.526727223548291568342273205230
9731.37282772949387296792896271 2.76157416393851404526023420555 1.43619451199743113130362984909
9732.00689364466710108742009497 1.36154287261320035981825871034 4.76493279835949889508118053903
9733.30385979954415606569198551 3.92656201161484905650138268854 -1.34179352879054880272551322401
9733.61046409044131366478187842 -0.524472118718002045740670106863 4.52296471150142539476618301269
9734.85551562114225632801726008 16.6672555179956269275177917587 4.34564346836927147878718695125
9736.09079231541628934683346746 4.22510650094000263606439149478 -9.20091890710068503472463230399
9736.73036914897956158020761620 7.11887182589414989974416760263 -2.58091667832972706158534223344
9737.85558294950327469613196310 0.755835148723504886952378845462 -3.20267540992296707230340502838
9738.24042132017136602071489937 2.61274098160844325883777445659 1.07111359736281906555153330587
9739.02107219876939521571402778 4.78577619135550669699347374090 3.73987732364137406681976199302
9740.13557573694340325935860496 7.61837594870973268233712078817 -2.26255471981125310818525390915
9741.07608774844923881800324488 3.86029425507377070788828871000 -2.65051891817610005250348514248
9741.65797210634905914375291858 3.96565606177754499128448022276 1.68869183759169603364796814163
9742.62356474364496748005483076 4.30502974194019034908356095486 -0.0112796623114831611172870553246
9743.23209625209344855967147598 2.39618539587368758712814907979 3.04267879471112051761001424091
9743.73376236030248674290296236 -4.52987547456064516387174407343 6.18985527347015507702880862788
9745.63906661737527120923910114 -1.12300030405169295125513773381 -13.3690124283149937237048310983
9746.44026875082435360118338445 0.450531254683739007038362696035 -3.91144079943133577308413123083
9746.82572827977716777800976634 3.69271017059783288278089174771 1.02010679322316513409021081895
9748.00269706016831082610808967 2.89630835291745001149309134764 -3.74427054200594501204627384867
9748.63928222325379683320996173 3.62879885300332395553224978867 -0.398212088198297319238007799761
9749.48225434699722274145144538 3.21330498344737021199368476319 -0.207176425632004071527240275118
9750.07474213996683094925492108 2.15052728971875427138366687900 2.71371960418940387079017553820
9750.77300561247569315754679315 0.653260783196575366642821369816 6.95338968564517026455450744378
9751.98330743225671043915068007 13.6510369050322749962562215051 2.37841499678321066427753454251
9753.03470047561671830118918978 8.14572790900841972682925674022 -4.97642292079117147650577602511
9753.71721306129767018602860991 8.34358166237737168083533489226 0.717653954132582476282786724976
9754.68049929017112433732316370 8.27093067804006368217823886112 -2.66323171812781292020137687459
9755.49511224822572555669080173 7.89149048218002214808409008734 -1.29519370381346028121530818265
9756.38010470249756589788812486 7.58566149914889513584370977983 -2.11930054859508967367115302601
9757.26089946892857294302276601 6.87262208429407229867665267258 -2.64048487953060524902384261514
9758.30745409739460215769968995 1.73832047532944776189748128849 -3.17772901044126678405733683161
9758.81466516659059230241415797 2.80990383923424634285169596115 0.592623000450883208685824001854
9759.59224665912632806649599541 3.31848032098425165859411288953 1.78106160430069465300068632381
9760.27089138135864729488595943 2.34272272066079232598003702160 5.10795470645757117424714515599
9761.36318925091788227386406314 6.97908048695712379930209676932 1.92498466224379337481428272167
9761.88756929526379107737147292 0.833805606015344264200836555789 9.58924702256449236051471632251
9763.29409980165402299844664478 16.9398679851544981701982985011 -10.2060172397347001154535431264
9764.41634996564879589783825020 0.428480789854277023177909944286 -9.17247982880451090288565733999
9765.29807729248359687410973542 -0.143655450175816172467252695334 -2.78759357858340029713981214070
9765.79804505153439693166646325 1.56697429339048579056385058268 -0.515383021552064373565121678205
9766.23875474344092676407238074 0.876533567228484775308917637424 2.28492570327084711982725703938
9767.28985868420713866986384030 5.98849051695731117203036940914 3.14723972133065770297338985511
9768.16859616469902440077506546 7.95165700532344445905449846740 3.32975625910351374078040558347
9769.34184758176886154601908055 3.78274894504340370822649005085 -3.69005179795420284738445377340
9769.96346033396513683272802557 2.66731071105534123076635930732 0.225745593859371448078506620536
9770.29858589220733080462353333 -1.57939676369210824212139658337 3.50114453942054058351053454207
9771.87227980179722659950656523 9.76247214604853637623273034862 -7.36945427453550220384200449373
9772.65416867588422266140253512 7.08009113734060201059038217114 -2.81343169660928013952278271148
9773.28433785480365103897453929 8.16837987170364102661984263390 3.92202772036880604629344325534
9774.70361745591357966818225634 -0.261315844381798113120514858924 -4.69997688593721251584366322164
9775.08828354013705224789696640 3.92243320013703353510800844391 0.400152943820304707208593294822
9776.25153391941567834863874014 1.72529610452782440648095563099 -2.88319909214990363585714350620
9776.73038188556109928285029550 2.71859798019197149632525832787 0.993300669292893608383040339454
9777.69267937558890063140975837 2.77482209484916376017730752672 -0.123602097928404629306687644547
9778.14880660665292598985321325 0.457253714254260583964514135192 3.02572458698113178169641598270
9778.88076327506616389184775592 -2.65926537532142741428410827183 8.54698690710233084024374447611
9780.31332942508894306111230265 19.3136850084921220495175125527 -4.94758922029711876549298554399
9781.38373240279317406612489717 5.83686343912804544668651301246 -10.0142575842782572967164613869
9782.38552567176615237546610579 -0.0291425750605015047139553180039 -2.33400423262845338360978313079
9782.61081633974541233786095278 1.69751337366712652545519715802 1.52009584935292180418919971719
9783.72253456165315372297287161 6.92675200775974618755423775558 -1.50507354774637349015792540116
9784.68067756340474007313316534 4.10538722801016147128175738918 -2.77174389163729131840056307720
9785.38106285327219941453218987 3.45825177709421454910849117384 -0.0914261239317854028672309930693
9785.90003411650871182826580591 1.73351579698445928753554326288 4.56307789746711056992319915820
9787.27692018662259330452983897 4.83299444830872864619813281041 -4.16537885270725621661680014879
9787.95348611846628941746159659 3.72530057327493809854671840475 -0.210573006404637734696856886155
9788.47775939045947662912762499 1.86323595767072636501303289699 4.25604653968732569929609394878
9789.40237059981919787073695594 6.60367830351932096764980912304 8.34341192659399564450212331746
9790.36438493203570989318639038 15.9140740757035056731838532590 8.83637350529060701525830856267
9791.98340003889218343823558576 -2.61698485400530189393467433887 -2.91415451747471280730665140185
9792.24672893237525391912634079 3.17238057435436393849176426527 -0.411045343689780174454840163100
9793.54999929203802615343904155 -0.143848109854579805112449234411 -0.685024296678733624407703224756
9793.64761879251348785456182889 0.367200436083562252050752978526 0.578198766733883105936927937528
9794.76105181106758234821947653 4.01703491870663386718604383655 0.216248416166884436134752764223
9795.42003137564289785185485855 3.12204994882134376376455626785 3.04584654312378630138873097917
9796.20181106187563523716550608 3.75086404005615763649334280175 6.40292278010991410472324707873
9797.29302461131709022432181734 9.81025738236429561275375645836 1.69622347242880562149654777622
9798.03419139609269048371759655 9.38277697111443345827902875242 6.25875031847994412440297079670
9799.09619251417569789378060221 14.7117976939104567091484246189 -2.58779983453739158769467688389
9800.34871249272998261652801484 -0.350423474328234366081222203671 -5.29061158022561716874822919679
9800.83181535495087871841787829 3.38363533809650140513706499176 -0.941206563551699552167292377117
9801.52759848898103047383912102 4.29231276283600033758750486583 1.38657705339613079130082480106
9802.24721820190912187928177736 5.42447342150052597734011156229 5.68179659294653701865084885303
9803.78272436746770828034459180 -0.549509437500902560348454787161 -4.40862172866326664249508657093
9804.33938674674434982363100477 1.61566782965522891531602171122 -1.10459594843638444102016740456
9804.77101077444575423020516731 1.32459091694993049019543503692 1.87239013628882454094969526600
9805.67219192060133621459543300 3.42368074532079446140154083635 3.41133809143340036650800542668
9806.37306956185973464889388136 1.70367040868474124683490005272 7.53562808569007913301581631700
9807.41526867301207378576991645 12.7433507273251175019108921592 9.85792697860938378697804132518
9808.57942684119940181733378829 15.1644976332559216774695718571 -7.89597034046159923401661044552
9809.66290514758175100713099233 2.00889497681993548593537431227 -7.90647910726653596014031465711
9810.29182687565964193998544153 5.30885509045472463469923574375 -2.85015263603419866996198978523
9811.32310761427845379796648134 1.54985305178166329234022056962 -3.39735122361193954913429431723
9812.02619072749897582448967249 1.08116354160898045478830008578 -0.718048114361018385369440032847
9812.26897944558001443462117990 -0.141544854981040181828917836510 1.53638824674402025659226777717
9813.48897453111352222222042723 6.69927504180925432940286068369 2.20963447266060441106214294554
9814.29250938776106622280680092 6.63062883844617065351962588598 3.67173638091206223935199262399
9815.14540987507450755125595677 8.79815374025606387826720135778 4.93635115947357377208059054905
9816.28072547236587838820396781 7.13717396125015914163270555130 -4.10150654569672819075507677531
9816.93761601313118109282917453 6.56739760835416708799674002262 1.36300774559438034729672894363
9817.66581607032851304774073531 7.81466217117210057090702596975 6.17377285243780373713596111540
9818.91510140156321509458483831 7.67743429237226683411169574590 -7.64802551454008097608182107177
9819.70320923413316721337548828 6.70706044827343675800536320332 -4.01903685466214752707557977800
9820.65210974250259166302720495 3.29063174631530905530429009593 -4.04202918379962184519147628885
9821.39931262891517490657199185 2.71682348876623275591874444370 -1.46149032603170988616869452611
9821.90282973924540581144996505 2.55008454075816464044092927253 2.60736952614076601863230533709
9823.07806139320336286665235351 4.10424774225400807973062595339 -1.65622688345902541238827407664
9823.70289570007730593091402493 2.98005764467953186831987391045 1.47765910544874855000707565627
9824.29534670967942411323423567 0.689142853435391507563335963582 4.63714198382239425209232501440
9825.03407022509867668663922645 -3.50265500444384219057400927625 12.2971424405150662024060163962
9826.94669521084227142067796371 -4.59195607537642503285267184219 -8.97489515457411800621515161617
9827.54783222735948337332690985 1.98836792613215517941322818460 -4.03372540218704109601390651629
9828.15575356481951034853085924 4.04495505352972997610716068049 -0.848983669620604760490909443322
9828.97328730527133125502081095 5.01043085456972586051141891921 -0.360578064439045651951979697606
9829.93347333591800295895939398 2.82196631975859687867995996796 -1.40327017901247999386827723708
9830.30790237135621262976784084 0.983629694647275564286453244041 3.58636412613484044498615975223
9831.76042933410180786729403462 3.12688308710701250205624516956 -3.91837060314034512885721496699
9832.23760206483349236575902041 3.70228257804126881615208532653 1.97186939950573334256852708865
9833.13969431981293888673590271 5.66635412298937310245325033730 1.83557396662967720051342674652
9833.89835038003644398207995063 5.46070659558981082424604563463 4.27895307881621389830529472296
9834.67076497276423654552470534 6.53740481087732800389026170473 9.44594043517356066124157224795
9836.11266050127112784208730655 2.54673021545600682678633872448 -6.47759865216785131781877252703
9836.48590652035473329814486962 5.48116834395476647446716642507 3.53340364591920656744460580391
9837.75665490043084667393866111 5.60478776829780188355588996996 -7.99959749562215237356416580186
9838.63107153068638287713374620 2.77768120396105716855108181582 -4.67008491324035252538088731089
9839.43535954069774561126142718 1.93068117744861742549692640779 -2.20173326548842350795822771927
9840.03824968889863802786564212 2.28273604724848573676465099850 0.167335814138581209107275535914
9840.72946997166330622481905186 1.78343191497513473046180469146 1.41970638047309415826020044196
9841.16556542450059952526514931 -2.33058506295940650872607107142 3.13628370509701350390607761600
9842.66166468519921722364171562 12.1679584917637353865768437010 -1.85875463847571616640844032358
9843.42627864308680253253178385 10.2098234568580067447019530288 1.83162766764707650067631881488
9844.26901498709856005965888553 12.6738590624482887036859703707 2.82365323802143494782688890736
9845.51448492407516778495619176 2.98623434867087662356723484538 -8.17457243026507668263902210534
9846.23402222062210266927788585 3.61792513573749403507659240471 -3.21016089159277255886349598028
9846.88379056070094746205870588 4.58404823528517978559523659110 0.117695626494842700017809759342
9847.70026224454661951044512926 5.74844289169605456988729854880 0.950346432584910548140478579613
9848.56359712989154166846367400 7.00944522590137522536523058570 0.913449564844680973065059252276
9849.55968638109323534393128828 5.74586089283911160160459425982 -2.38245476678630097843973930953
9850.34091538720265852599452397 4.75473745810620364057090373099 -0.599169612477964202999046410461
9851.16811571530880497591064717 3.27021950936057943066323633711 -0.0876451815232480645126576137209
9851.62395697587996578441198701 0.525292798816716352890681535516 3.92857555655597744648637822202
9852.55223672661934548207196312 4.54705056830557887046228499313 10.5696028828703008849229239087
9853.63753040718217570590469257 19.7787088234648745690046107630 6.41226554793491056826149816584
9855.04580374647033773864021050 -1.71024977180243468394997007437 -10.9459042565038761656433107310
9856.03138699954206211863541678 -0.565927557654103841727081374247 -0.761184279014876829355958838627
9856.17706090451087307990075718 0.791213820497780069747947797544 0.330374651966962682979492765092
9856.91017566716287805480027860 2.68707445559393174775894959623 2.99782044259180189533815052416
9858.16458111108549264363527974 3.48916993212785217944987234486 -2.56238843517504163603807070626
9858.73241413596694381968863122 3.06567653366685292662138188916 1.36553632561093651130406522406
9859.38115952250357043713214542 2.04061271972605149327246761549 4.86743003795170963910406810154
9860.36020532545781160987400477 7.95421640772533425562483834481 6.88302743090063533909827088893
9861.36351549222804588851289075 13.0246738122238500923763279288 2.14891789686720191025796921206
9862.37901319693013068342774855 10.5939790192208492904245686798 -4.87388326344258417332727903416
9863.48048296453961417168272200 0.609245063372145637751318628061 -2.61938377178536516061052981096
9863.69833998314382165619463480 1.44429330580775848187420378804 2.23825483817085054173093936384
9864.78982909805156440667880898 10.8411966566345159073900444498 1.34374750226663976926008822244
9866.12199398396833968641984966 -0.267906886972580718237643539127 -4.05715253552603485735979809685
9866.51526810941144734420453370 3.19998270601384443079735351420 0.185183528700801986989768619484
9867.44422559853954831384348398 4.19699040292057719827911992405 -0.932951861732760553182547022882
9868.27445268733526791124379610 2.76645929986280433659185548299 -0.367390083121703462761541894957
9868.71465933064320173135298804 0.606635187381558213803850887686 3.31447099562526977583135511121
9869.81287832598645820190657686 5.73626607343342972175711021236 3.06188846848983337404511842311
9870.33225855661644574949435736 -1.41023242866182751785126802508 9.33474952912126084389605385912
9872.00062337813295573171999314 3.46853904326837804595270783618 -11.4574065120008248606131238168
9872.55866605960423191237932655 9.12417186957961982324828427522 -1.74273720267620332722606494981
9873.80222090364840640678179899 -0.257522039134742672395092814617 -4.90670911992565000568186321876
9874.32395762906402967223272899 3.10597475273116483829406156937 -1.31895708079088675790522180065
9875.21899409884676714558037171 1.87452474951409100728860013171 -1.15872895934800681299439979355
9875.60095624875688858722059953 0.923023868333598489063158081443 2.25533732192248171601826460798
9876.47901706378379006551350488 3.53644663059413711481607338064 6.82397120055440054700518492988
9877.78265400550114277409907069 7.34704415973683869250608758153 -4.63896432338913692897315863777
9878.65477238569228818893740715 2.74464578815510498432053885718 -2.00573484499377930891655042086
9879.03673339656873071003581866 1.55674195290160564696408969744 3.09557141361433049206013051554
9879.88449059680008936120074202 4.29667578528583271361873846249 9.02681784889552124221255226838
9881.10236086535378701496952011 15.3527261143638682207234511066 -3.33493019356052951044725251807
9882.19221596633325716352351059 3.93907485313642719006007315490 -7.42930636941674077501413940063
9882.83196084503886826386749516 6.01112687659275547756135119786 -1.83413524369437933436633005169
9883.64804943751282053715153030 7.32303030431789301526748863094 -1.16719250626773906170902870673
9884.82098050027188680139057906 0.892758965398701793352527962857 -3.68860317638810800673207794984
9885.41723578602276463943149843 1.73904466234782816135243407001 -0.707188435633596594636866431810
9885.83120900369044355089160722 0.797613876737601612021162897920 2.26163496859212759478972917861
9886.92771073584065376231020811 4.48251781201355872391642036359 1.57374856805081284826994316264
9887.49561873677118314899413270 1.05302588716918449267030604949 5.72886596154572789062111388238
9888.36155789320274406789976929 3.43300166298253163442504551525 14.8382417009123392332096575244
9890.12350839747763634871654966 -2.58089442407633914290760148152 -5.63759636753196568820653725773
9890.45752394280046829781341878 4.83541918431439008415360195261 -0.426335315986988694704574602441
9891.62862520828446503879699758 1.07485506666437437655370720671 -3.31085390431206792157615225119
9892.01778466049980947236169937 2.82860078115615114408527591702 1.37437608033646449756625610589
9892.88295159624440845105928159 6.13819545432091126745244231330 2.66315947680074190843478956680
9893.96414044415033214902624739 6.31195059507420607843459254107 -2.88540650746930979037662357730
9894.77314831874688265115813245 4.92099838851010116683129105361 -1.33585791724171869045277592884
9895.59736009930723923119126963 3.21511214791131604627808105211 -0.510192159405904647701406582828
9896.02333880015822329732548744 0.630433688999087196405720070385 4.04523005734549977312894497930
9897.28743908934752503815219724 8.54876345864213572865015112471 -0.818157424514316946661705846745
9898.18295974588732956518769734 3.02257653730084198731789819463 -0.772806423786639737284533397454
9898.40545579506590410130575239 -1.78625722591163386572944380455 3.25851341982102640290792514944
9900.12528681755837941632541804 7.13050160039237476706004714865 -14.6250214921378109324924198367
9901.06614000589517797172367802 0.903173247224237539395086370003 -6.81645860186915399078410458624
9901.82596623668455261749942699 1.52272934465284958020449732581 -2.95228653536754017914718058763
9902.41448353809702302626187858 2.69868595080564925131233896670 -0.324115981707452119690903237790
9903.15661896876832023678443686 2.94154348965859353137821081740 0.877812156690188502122058146070
9903.79143939543103148369557620 2.07694815603106481182472130869 4.02658551367436809803305420409
9904.89276073226658866630423612 6.27408927318407993773377910394 1.15298653973260348004448573447
9905.49325438121882134394178184 3.42001872086565274433788031142 6.93491014784784074800832117281
9906.66487306241816843747292733 11.5500457823489900909168505810 -0.683419549710425182309590148380
9907.43438503766424562392152185 11.5074812360071764490059487806 2.93202946374816345741944909532
9908.60215011669248568535581756 5.57575252982239052220886769183 -7.14559310648473457004193530385
9909.27206061360650689174720485 6.97663645633450267498989945203 -1.65539001266860886277264208556
9910.34944802585675946532117349 1.64211959017403077822253378564 -2.91650792106505446356180023333
9910.68142965176327166233379455 2.22592228509335711838505824673 2.59249392818341752658017958543
9911.83198166554398207043401756 7.74009908923437467339331325539 -1.83804225744562438426921851259
9912.73846752991870435001247578 5.85411290954802020196385044205 -2.67832180730979973105101971580
9913.73870513933759898645545808 1.47325591055979903362742754350 -2.15088097199271749052381189038
9914.21142457483756188019059021 1.55912669406809378708008163215 0.716637688120793906754054000044
9914.65356523214784477444180949 -1.05751173751242950977951503345 2.69682675584816045395660859537
9915.59617363419148740576311332 -0.580418555371287391282504628169 12.9929394369460250789066674441
9917.06791342351332260707344512 15.7805507310266392349322039747 -12.2969955411142297143819923624
9918.13843125565077448787469301 0.824559625274837689776700244101 -7.55707497545985066741365639853
9918.70597290599836343366948348 5.10347223808959466624462177659 -2.21987725836143266279269889217
9919.62583524710019645630213038 4.08588107821172377840645355134 -3.14358831877153819490309405011
9920.37661069759695551140889366 4.08819700939905693998430150587 -1.16988321649507859391753979333
9921.24351942735936029792018752 2.71994283651842156805787296147 -0.929522210116668037038360720120
9921.71553035668037208580847331 1.51268378100648153831441372012 2.79156416368389034606732075262
9922.55402020569137318876513613 3.40986137564901043031089802477 7.19471109724593209254957626857
9923.87993513866474419324417414 6.01062368149649129484900097264 -4.22526321313386373412841146290
9924.43306615365011196817638081 5.51817309358365338574645491143 2.95762934170643708485096927648
9925.27304164740831716462638091 8.68611604987433329020087431822 5.21181567424087983755063480059
9926.41306180858409448488629882 8.44884389018394990118795552949 -4.79395435791135487482336753177
9927.15143514974365361173823887 7.59499535290879182336602524659 -0.713132699690834673897618117836
9927.86438371118494460189629507 9.37475677498611079053385961234 4.21433660023064378266887650476
9929.44299975349467190162259521 -1.73621507803181488870057096498 -2.15304208753914805702887792659
9929.76147306655261213829359110 1.81171493010467570742836898536 -0.522294452748875347199119044533
9930.42621337884575046687080946 2.85716221873084419013352834472 1.25154119042314430598410715773
9931.25605274314195510456641642 4.23666485806078042626489942766 2.30544647269178105032702814537
9932.26913184462181445603311104 3.43664294823961082850718681472 -0.313706696059128113006095929343
9932.65095475823345108677615942 -0.298041865415219432617708939776 4.04372236803032665215249126644
9933.82645408435606563407422000 9.88826089084603455254694472218 4.85898134334481849244188753468
9934.52716178492650566858829961 8.25052824065877316172383085740 13.3630343531439589632440418600
9936.29721531961663675945756490 -4.48224992173830534751710235845 -4.44978210842979731245078950272
9936.79986276381816496250279050 1.41046718242998515020391112852 -2.57397982081952531189174123326
9937.37508177703940317906218768 2.87308147127947715404667809250 -0.133679400683089157296820725855
9938.09029219961846799188778473 3.66516251859856070072689388644 1.82001196039704205877962662216
9938.88422445097829153055292076 5.30694220571249274736692747850 4.27682982435301803788039641786
9940.05768784633223232997459339 6.08379932067866177611143140334 -3.34082711511656012057244445000
9940.79585959865231595052619859 4.97067555379165765396446677879 -0.395767951325612998379888458409
9941.50048451421521743167894836 4.89808532842166538137373926385 2.46842681995326310489282088351
9942.48711347151686746133394948 4.45513334190825385753201770204 -0.114396355508268983237522001063
9942.89698212498207752455863485 -0.197183829348683209415258249382 5.56287518904773548208566294661
9944.19597381046798259285489140 15.3438101580004368291829118164 -0.566239541382185675638964194891
9945.16542024666215112521739287 11.2455220536091225949130630049 -5.65881669031299342574248232040
9946.08884861218616599323082763 7.11395219419947959155931097114 -6.31623052498312021180141009163
9947.06462874541784947408487955 1.78887977987467024851186433130 -4.32752911575593009633958778781
9947.59110198654983950261544645 4.14889122085602507078640254892 0.0973708587477909933655992300711
9948.74204473787864496972543747 1.07475422668774456545125748011 -1.98520406068958679827470525511
9949.10299974317180249562506865 1.48506507233066819574682671547 1.34882422914839637810182791753
9949.99091211116775493646285558 2.44081760969648722024853299677 1.69921042636942510823696251370
9950.39884553195593991438735875 -2.87812874471190873987817180921 3.58673773612188273300321727191
9951.90736492871109321851087506 16.4674594761249601358314519390 -2.80039492501330416788493904072
9952.85437274359183573325808308 10.2974023007118038802315821911 -5.83428603821961908513136034664
9953.86678360315146591275127468 1.90168974263291177505562294797 -3.76897528565252769524517711857
9954.18258436870311524856490298 2.83637700094265898224398909907 3.39427873548605034706902456417
9955.72403358902288913061716428 -0.320906996457892297130496825851 -3.49474453361652880625969625000
9956.06833669064734652079523717 2.68891234725059581626307584123 0.575391581563767469045277225959
9956.81013992261462767839275651 4.72162917796184351561502690417 3.36768370976359379790861459670
9958.00799945468045588272604717 4.64554787325215016610510232174 -3.54535151083177158681939621893
9958.64969844912489951877496656 4.69986698806664723814181684335 0.593443161463815736529926767979
9959.51298718862355625931204068 4.92107559064968219094712330397 0.427648194140041965899864562604
9960.29535562803667127148477632 4.01644638296385307860379014034 1.44728649194159930051976120600
9960.85654784339138933626720289 0.873852399775128121972146694371 5.74601893363244137314052815490
9961.77086830429871108900484611 5.93538906460524323357608819344 14.9489437686318847150356168413
9963.32693199073642266496878073 2.50544574231048422461425101934 -14.4108357584815649674385469124
9964.15526742464208751591680027 1.64005364296014158328339597821 -6.12078160906787877174457391600
9964.83846980418387882156399404 3.43436103199916043171266887432 -2.80364671399823966839433780094
9965.72608717310173474377469633 1.76397837503698572949507653038 -1.86586301095868899436076043060
9966.20821767796277727216370123 1.98664029070104206523810140621 1.22269945526358804673055418709
9966.86634338453416916471541527 1.41528787786155073615040021440 4.53673927786102813985693575943
9968.06247413375374837883858736 8.29988553275647142912703790070 0.0226486666300127975735985670192
9969.03337179090655439862060571 2.94763506637362012649507784900 -1.36293352170630060747776173882
9969.31062778191522815363991565 -0.423068000853255776109647594526 3.62787561374736494162678914665
9970.57085993505782889874945946 15.1556438645134527465549911309 2.83418261914866861342352438087
9971.79001220123248423370496063 3.20108484955300102787647775487 -7.46819469235309895788534666874
9972.39633809119367703438688679 5.29772343137127071137144303589 -1.40065404086329150349351279816
9973.11583036451418879701770202 6.41428160416759356789382742906 1.51462203410840875164859098223
9973.98801890369933696046062678 9.46989727519341166970142571244 1.52381393798444292453520058787
9975.18514862979693749620413681 3.21022744144948081930367137856 -6.47034989403744052423190230226
9976.07644863815471006029045221 0.741624196815563101998093973724 -2.25528208638680221522677174155
9976.55627016745315799076454591 1.45131691741705010209159088153 0.175487546524031124953822294071
9976.95667151126707150683521461 -0.512895395955292206843435221449 2.34169982220851291482414115586
9978.33277090587262620054888333 3.83352725664731452310291648262 -0.552236943250956106190892336515
9978.62518849859644185968908969 -1.50734508552916303016367363874 4.12782610800232918686926400850
9979.88985983310945962259870662 18.9629328843990927027277980865 8.06107919226971171657672024604
9981.32907641930709155825859247 -1.53707056965808547560423479619 -8.01180681910346406128740658144
9981.83109156484014607899225774 4.93211887439071005101247587022 -2.49810872682449434140496831904
9982.73287281527795935100768246 4.30411280940921194034598953592 -3.27618344278336820486358017193
9983.55301313804225115978052806 3.19263512142493292336457769637 -1.87730539569933947927255603141
9984.15270783042410689115456265 3.47542014065489326706700678995 1.46899919166078056503431668227
9985.06762489530775920565130409 4.30862869418598308586422761255 0.737862533222175731892121839339
9985.62546984435363675888333880 1.86184012017207796036834701340 5.70347648372192821323975839707
9986.98116349928531907976045244 6.59195118561150249481831555509 -4.50608292351200492960446100508
9987.70243092779376425878271000 4.94492046675398234853805217532 -0.577829258761783096114956898862
9988.31314153362065387281192871 4.01235492485359612923549047793 3.92515458460157537614092429693
9989.13328348158735270098861988 6.58670927622988403132256219211 8.18594805664000192292138640921
9990.23033288367410795564813116 16.5176977059045484998762712836 -0.141798377930845764713518516079
9991.44589097760346374705623991 2.08872362682848598589490445875 -9.18798897930463077122032666299
9992.25315032032876312295018370 1.43820113095671280695590984814 -3.50169528830753281237345512816
9992.73514350560776797193906922 3.48397408919671979759707898417 0.648199420755173361806769039634
9993.66694828475512530580369973 5.21527674488748587655217524620 -0.570675718362044070351823162294
9994.62008547266951223205944859 3.08982169803385821960542457820 -1.61096307925054764315237277806
9995.19060085128302502691988795 2.52470736640316851404997087478 1.57613099262462654186967862785
9995.87723196097286328680615269 1.71023713568151657018827766836 4.02210180437152881675735736384
9996.55693396211186909349449120 -2.22680182605757948706864863643 9.33637781018972734583495937926
9998.09486033497503237510560632 11.9256877588706299749652682450 -10.5109000354560850945587505570
9998.85039708967404905763175663 11.2165126906204292154933821235 -4.29710328476250460243869543371
10000.0653454145353147502287214 -0.607352401386960649086526379316 -4.57381906803302533403040525008
10000.6518473237679051652519936 1.23568752087736334017398794502 -1.09082537120376581263719101823
10000.9181789556117257570213698 0.277744361740517263368798214257 2.05739433211973239811274492240
10002.2791222728886154882113786 6.51836086968874057806953012829 -3.05804569668312602988897379411
10002.9803275122251253273894017 6.47064730181173191075348044410 0.767339636267731977842723603042
10004.0470538281690426979856730 3.72879854371646891813853872468 -2.97093504146513197147766896610
10004.6794041660652330272536433 3.39063461648305707385132737525 0.469885934396174082494721132099
10005.3103317276405654268957741 2.49366853294176922000361455106 3.51225324338941577425643866361
10006.0527568746541575593133193 1.86864614003692882714514321355 8.64956943955066837137187449594
10007.3728759723866854547804631 11.0909815370463139183548167053 -4.26466937388358311900638493302
10008.0342452428144199785262474 10.7419861789838767656354558407 3.75505166647701403782211754134
10009.0992647234766631588223847 13.0955172798279822136506295033 -6.30135940138708050948387123255
10010.3962601978812851575738360 -1.95717635924647476226342128503 -3.43617985883346755836754630079
10010.8591451582473968805847877 1.84187394193358549817170803027 -1.41040438734735353759178031360
10011.5516428824581079699892445 2.20095278123814879730151136950 -0.143271850901992231820816601812
10012.0983748600153726376032651 1.46459909600254081982716054040 2.61890022289814934295166185343
10013.0330666851026614714928843 4.41984858949509578159013858289 4.17067267515069628860103104879
10013.8368104905068608664433733 5.49588253167030799442219908051 7.44151251382045657785722561185
10015.0553974139132309268904669 7.67137965891690233070425323552 -3.39470948547750463779331454122
10015.6109601522439855398154706 6.45509638347683171013707804557 5.18401155045836947838272421419
10016.6555086606756456846114276 13.2574834582261273860464945896 -0.438663176896488737279733617547
10017.8286068546771195875125165 2.32389316328463251910987857834 -6.28830741687311690730112460343
10018.3807318777427104207177377 4.91478779718958470920159701559 -0.547657906433682189960191731302
10019.1211524657803903125318385 6.77038291173586817252844217366 2.09851305732426729730071424710
10020.3312516061626168828241509 2.55515228723704587493197567750 -4.15770587771123477367355939039
10020.8104921832855049545030533 4.13088300077717686662782165923 1.53024711796790289457492742416
10021.8831785422965042072212462 4.54807849282031999018637998469 -2.24741777138118985907270229329
10022.5919748397634735918339930 3.94360073571045856500638429701 0.272795137867505038334562193536
10023.3276906183922168866923686 3.55918038980772353489842471483 1.93420813137100415271364799809
10024.0667396399921327329785862 2.64811143907594604568479440524 3.43618226772707349865865950499
10024.5380955417413586410432780 -5.39330138561048147382526206460 5.82537173793267686482701802469
10026.5333895400228704703307286 -4.23257317288895317040707326388 -12.4555813879320842661364943129
10027.3348157088100358384318646 -0.447329198047558739304243404944 -3.14473917244742303051022532686
10027.6934478747153393901380737 2.81790326903003561202610916994 0.302681567611995858205313302602
10028.6124920245213568181427469 4.92204759980658135240441044079 -0.696161298635505944492710062410
10029.4312753348066231882501416 5.14127534520927434552517091771 -0.0942196866779906538296147593102
10030.4069453622643454331967246 2.47198291923796972882364979925 -1.27044223986753736164944169348
10030.7479208925525179630995843 0.503205960012341731147941682164 3.09115328766602180056644487870
10032.0139974285644635984924876 6.40050112576052725675017996282 -0.758909878367433557273881648940
10032.5443730200436765750655105 3.53329627871734190797098085901 6.41928295710934772307947447823
10033.8987634987231173133835657 4.84096128638512301047975373567 -4.84310037521726092760011043492
10034.3622650172631393008520286 5.02973543921540918498433702542 3.79679144472584081640976351620
10035.3550326245995795895661590 11.0878462116561552214390439637 1.41469414271220286498502811115
10036.3571790577226054723921634 9.52021932271364252599982867214 -4.33671766285217935456207695639
10037.2010159114633684618391072 8.34230122880009651487344887197 -3.50717373534022027661941043785
10038.1853952825543616292949854 4.22248240080614275281813849691 -5.17999598537460280849178481440
10039.0911084439150074864148850 1.34616220842566472106771881261 -2.55391749159281785964962708676
10039.5869056092771071793201181 2.26610333394537290650618642309 0.524117653169741669091436203553
10040.3236334842289259136807450 2.44476631174010507766209337164 1.86494725293591868862347219690
10040.9216629035224459975827263 -0.0877301260971706597682313775345 5.23007167173179266558534338183
10042.1655113921751441222002930 8.92367233026823481541758436259 1.27091795247736335182139114578
10042.7408835313709767753694229 4.38583274710829346045934043574 10.0934739182845569977031646554
10044.1060763467829035350308808 11.7967807285696276609713239420 -10.6187761892726489833670570209
10045.0278035347015698827779775 5.00187297960575100173229168126 -7.63871236565104951938567986582
10045.8577571603222490651442544 3.48425422827773316541712020197 -4.48889201957094047840558240432
10046.6966565815642988229209854 1.97678393830912892371425813937 -2.31228638529276360091971834080
10047.3170835025480902231704797 1.57586362399317232848139558620 -0.0163286660430747845077023594925
10047.5924396019995710448715302 -1.16682492065541988689420672544 1.92572645715769442455956460009
10049.3913282782890284644071673 1.04155428324105615932258988788 -5.34450686426591025856736738849
10049.9263254623127878961607981 2.95949021910804201284171728205 -0.631354890566009890011640316730
